 X Position;  Y Position;  FeatureIds
47;  0.5;0
 46.75;  0.5;0
 46.5;  0.5;0
 46.25;  0.5;0
46;  0.5;0
 45.75;  0.5;0
 45.5;  0.5;0
 45.25;  0.5;0
45;  0.5;0
 44.75;  0.5;0
 44.5;  0.5;0
 44.25;  0.5;0
44;  0.5;0
 43.75;  0.5;0
 43.5;  0.5;0
 43.25;  0.5;0
43;  0.5;0
 42.75;  0.5;0
 42.5;  0.5;0
 42.25;  0.5;0
42;  0.5;0
 41.75;  0.5;0
 41.5;  0.5;0
 41.25;  0.5;0
41;  0.5;0
 40.75;  0.5;0
 40.5;  0.5;0
 40.25;  0.5;0
40;  0.5;0
 39.75;  0.5;0
 39.5;  0.5;0
 39.25;  0.5;0
39;  0.5;0
 38.75;  0.5;0
 38.5;  0.5;0
 38.25;  0.5;0
38;  0.5;0
 37.75;  0.5;0
 37.5;  0.5;0
 37.25;  0.5;0
37;  0.5;0
 36.75;  0.5;0
 36.5;  0.5;0
 36.25;  0.5;0
36;  0.5;0
 35.75;  0.5;0
 35.5;  0.5;0
 35.25;  0.5;0
35;  0.5;0
 34.75;  0.5;0
 34.5;  0.5;0
 34.25;  0.5;0
34;  0.5;0
 33.75;  0.5;0
 33.5;  0.5;0
 33.25;  0.5;0
33;  0.5;0
 32.75;  0.5;0
 32.5;  0.5;0
 32.25;  0.5;0
32;  0.5;0
 31.75;  0.5;0
 31.5;  0.5;0
 31.25;  0.5;0
31;  0.5;0
 30.75;  0.5;0
 30.5;  0.5;0
 30.25;  0.5;0
30;  0.5;0
 29.75;  0.5;0
 29.5;  0.5;0
 29.25;  0.5;0
29;  0.5;0
 28.75;  0.5;0
 28.5;  0.5;0
 28.25;  0.5;0
28;  0.5;0
 27.75;  0.5;0
 27.5;  0.5;0
 27.25;  0.5;0
27;  0.5;0
 26.75;  0.5;0
 26.5;  0.5;0
 26.25;  0.5;0
26;  0.5;0
 25.75;  0.5;0
 25.5;  0.5;0
 25.25;  0.5;0
25;  0.5;0
 24.75;  0.5;0
 24.5;  0.5;0
 24.25;  0.5;0
24;  0.5;0
 23.75;  0.5;0
 23.5;  0.5;0
 23.25;  0.5;0
23;  0.5;0
 22.75;  0.5;0
 22.5;  0.5;0
 22.25;  0.5;0
22;  0.5;0
 21.75;  0.5;0
 21.5;  0.5;0
 21.25;  0.5;0
21;  0.5;0
 20.75;  0.5;0
 20.5;  0.5;0
 20.25;  0.5;0
20;  0.5;0
 19.75;  0.5;0
 19.5;  0.5;0
 19.25;  0.5;0
19;  0.5;0
 18.75;  0.5;0
 18.5;  0.5;0
 18.25;  0.5;0
18;  0.5;0
 17.75;  0.5;0
 17.5;  0.5;0
 17.25;  0.5;0
17;  0.5;0
 16.75;  0.5;0
 16.5;  0.5;0
 16.25;  0.5;0
16;  0.5;0
 15.75;  0.5;0
 15.5;  0.5;0
 15.25;  0.5;0
15;  0.5;0
 14.75;  0.5;0
 14.5;  0.5;0
 14.25;  0.5;0
14;  0.5;0
 13.75;  0.5;0
 13.5;  0.5;0
 13.25;  0.5;0
13;  0.5;0
 12.75;  0.5;0
 12.5;  0.5;0
 12.25;  0.5;0
12;  0.5;0
 11.75;  0.5;0
 11.5;  0.5;0
 11.25;  0.5;0
11;  0.5;0
 10.75;  0.5;0
 10.5;  0.5;0
 10.25;  0.5;0
10;  0.5;0
 9.75;  0.5;0
 9.5;  0.5;0
 9.25;  0.5;0
9;  0.5;0
 8.75;  0.5;0
 8.5;  0.5;0
 8.25;  0.5;0
8;  0.5;0
 7.75;  0.5;0
 7.5;  0.5;0
 7.25;  0.5;0
7;  0.5;0
 6.75;  0.5;0
 6.5;  0.5;0
 6.25;  0.5;0
6;  0.5;0
 5.75;  0.5;0
 5.5;  0.5;0
 5.25;  0.5;0
5;  0.5;0
 4.75;  0.5;0
 4.5;  0.5;0
 4.25;  0.5;0
4;  0.5;0
 3.75;  0.5;0
 3.5;  0.5;0
 3.25;  0.5;0
3;  0.5;0
 2.75;  0.5;0
 2.5;  0.5;0
 2.25;  0.5;0
2;  0.5;0
 1.75;  0.5;0
 1.5;  0.5;0
 1.25;  0.5;0
1;  0.5;0
 0.75;  0.5;0
 0.5;  0.5;0
 0.25;  0.5;0
0;  0.5;0
47;  0.75;0
 46.75;  0.75;0
 46.5;  0.75;0
 46.25;  0.75;0
46;  0.75;0
 45.75;  0.75;0
 45.5;  0.75;0
 45.25;  0.75;0
45;  0.75;0
 44.75;  0.75;0
 44.5;  0.75;0
 44.25;  0.75;0
44;  0.75;0
 43.75;  0.75;0
 43.5;  0.75;0
 43.25;  0.75;0
43;  0.75;0
 42.75;  0.75;0
 42.5;  0.75;0
 42.25;  0.75;0
42;  0.75;0
 41.75;  0.75;0
 41.5;  0.75;0
 41.25;  0.75;0
41;  0.75;0
 40.75;  0.75;0
 40.5;  0.75;0
 40.25;  0.75;0
40;  0.75;0
 39.75;  0.75;0
 39.5;  0.75;0
 39.25;  0.75;0
39;  0.75;0
 38.75;  0.75;0
 38.5;  0.75;0
 38.25;  0.75;0
38;  0.75;0
 37.75;  0.75;0
 37.5;  0.75;0
 37.25;  0.75;0
37;  0.75;0
 36.75;  0.75;0
 36.5;  0.75;0
 36.25;  0.75;0
36;  0.75;0
 35.75;  0.75;0
 35.5;  0.75;0
 35.25;  0.75;0
35;  0.75;0
 34.75;  0.75;0
 34.5;  0.75;0
 34.25;  0.75;0
34;  0.75;0
 33.75;  0.75;0
 33.5;  0.75;0
 33.25;  0.75;0
33;  0.75;0
 32.75;  0.75;0
 32.5;  0.75;0
 32.25;  0.75;0
32;  0.75;0
 31.75;  0.75;0
 31.5;  0.75;0
 31.25;  0.75;0
31;  0.75;0
 30.75;  0.75;0
 30.5;  0.75;0
 30.25;  0.75;0
30;  0.75;0
 29.75;  0.75;0
 29.5;  0.75;0
 29.25;  0.75;0
29;  0.75;0
 28.75;  0.75;0
 28.5;  0.75;0
 28.25;  0.75;0
28;  0.75;0
 27.75;  0.75;0
 27.5;  0.75;0
 27.25;  0.75;0
27;  0.75;0
 26.75;  0.75;0
 26.5;  0.75;0
 26.25;  0.75;0
26;  0.75;0
 25.75;  0.75;0
 25.5;  0.75;0
 25.25;  0.75;0
25;  0.75;0
 24.75;  0.75;0
 24.5;  0.75;0
 24.25;  0.75;0
24;  0.75;0
 23.75;  0.75;0
 23.5;  0.75;0
 23.25;  0.75;0
23;  0.75;0
 22.75;  0.75;0
 22.5;  0.75;0
 22.25;  0.75;0
22;  0.75;0
 21.75;  0.75;0
 21.5;  0.75;0
 21.25;  0.75;0
21;  0.75;0
 20.75;  0.75;0
 20.5;  0.75;0
 20.25;  0.75;0
20;  0.75;0
 19.75;  0.75;0
 19.5;  0.75;0
 19.25;  0.75;0
19;  0.75;0
 18.75;  0.75;0
 18.5;  0.75;0
 18.25;  0.75;0
18;  0.75;0
 17.75;  0.75;0
 17.5;  0.75;0
 17.25;  0.75;0
17;  0.75;0
 16.75;  0.75;0
 16.5;  0.75;0
 16.25;  0.75;0
16;  0.75;0
 15.75;  0.75;0
 15.5;  0.75;0
 15.25;  0.75;0
15;  0.75;0
 14.75;  0.75;0
 14.5;  0.75;0
 14.25;  0.75;0
14;  0.75;0
 13.75;  0.75;0
 13.5;  0.75;0
 13.25;  0.75;0
13;  0.75;0
 12.75;  0.75;0
 12.5;  0.75;0
 12.25;  0.75;0
12;  0.75;0
 11.75;  0.75;0
 11.5;  0.75;0
 11.25;  0.75;0
11;  0.75;0
 10.75;  0.75;0
 10.5;  0.75;0
 10.25;  0.75;0
10;  0.75;0
 9.75;  0.75;0
 9.5;  0.75;0
 9.25;  0.75;0
9;  0.75;0
 8.75;  0.75;0
 8.5;  0.75;0
 8.25;  0.75;0
8;  0.75;0
 7.75;  0.75;0
 7.5;  0.75;0
 7.25;  0.75;0
7;  0.75;0
 6.75;  0.75;0
 6.5;  0.75;0
 6.25;  0.75;0
6;  0.75;0
 5.75;  0.75;0
 5.5;  0.75;0
 5.25;  0.75;0
5;  0.75;0
 4.75;  0.75;0
 4.5;  0.75;0
 4.25;  0.75;0
4;  0.75;0
 3.75;  0.75;0
 3.5;  0.75;0
 3.25;  0.75;0
3;  0.75;0
 2.75;  0.75;0
 2.5;  0.75;0
 2.25;  0.75;0
2;  0.75;0
 1.75;  0.75;0
 1.5;  0.75;0
 1.25;  0.75;0
1;  0.75;0
 0.75;  0.75;0
 0.5;  0.75;0
 0.25;  0.75;0
0;  0.75;0
47;1;0
 46.75;1;0
 46.5;1;0
 46.25;1;0
46;1;0
 45.75;1;0
 45.5;1;0
 45.25;1;0
45;1;0
 44.75;1;0
 44.5;1;0
 44.25;1;0
44;1;0
 43.75;1;0
 43.5;1;0
 43.25;1;0
43;1;0
 42.75;1;0
 42.5;1;0
 42.25;1;0
42;1;0
 41.75;1;0
 41.5;1;0
 41.25;1;0
41;1;0
 40.75;1;0
 40.5;1;0
 40.25;1;0
40;1;0
 39.75;1;0
 39.5;1;0
 39.25;1;0
39;1;0
 38.75;1;0
 38.5;1;0
 38.25;1;0
38;1;0
 37.75;1;0
 37.5;1;0
 37.25;1;0
37;1;0
 36.75;1;0
 36.5;1;0
 36.25;1;0
36;1;0
 35.75;1;0
 35.5;1;0
 35.25;1;0
35;1;0
 34.75;1;0
 34.5;1;0
 34.25;1;0
34;1;0
 33.75;1;0
 33.5;1;0
 33.25;1;0
33;1;0
 32.75;1;0
 32.5;1;0
 32.25;1;0
32;1;0
 31.75;1;0
 31.5;1;0
 31.25;1;0
31;1;0
 30.75;1;0
 30.5;1;0
 30.25;1;0
30;1;0
 29.75;1;0
 29.5;1;0
 29.25;1;0
29;1;0
 28.75;1;0
 28.5;1;0
 28.25;1;0
28;1;0
 27.75;1;0
 27.5;1;0
 27.25;1;0
27;1;0
 26.75;1;0
 26.5;1;0
 26.25;1;0
26;1;0
 25.75;1;0
 25.5;1;0
 25.25;1;0
25;1;0
 24.75;1;0
 24.5;1;0
 24.25;1;0
24;1;0
 23.75;1;0
 23.5;1;0
 23.25;1;0
23;1;0
 22.75;1;0
 22.5;1;0
 22.25;1;0
22;1;0
 21.75;1;0
 21.5;1;0
 21.25;1;0
21;1;0
 20.75;1;0
 20.5;1;0
 20.25;1;0
20;1;0
 19.75;1;0
 19.5;1;0
 19.25;1;0
19;1;0
 18.75;1;0
 18.5;1;0
 18.25;1;0
18;1;0
 17.75;1;0
 17.5;1;0
 17.25;1;0
17;1;0
 16.75;1;0
 16.5;1;0
 16.25;1;0
16;1;0
 15.75;1;0
 15.5;1;0
 15.25;1;0
15;1;0
 14.75;1;0
 14.5;1;0
 14.25;1;0
14;1;0
 13.75;1;0
 13.5;1;0
 13.25;1;0
13;1;0
 12.75;1;0
 12.5;1;0
 12.25;1;0
12;1;0
 11.75;1;0
 11.5;1;0
 11.25;1;0
11;1;0
 10.75;1;0
 10.5;1;0
 10.25;1;0
10;1;0
 9.75;1;0
 9.5;1;0
 9.25;1;0
9;1;0
 8.75;1;0
 8.5;1;0
 8.25;1;0
8;1;0
 7.75;1;0
 7.5;1;0
 7.25;1;0
7;1;0
 6.75;1;0
 6.5;1;0
 6.25;1;0
6;1;0
 5.75;1;0
 5.5;1;0
 5.25;1;0
5;1;0
 4.75;1;0
 4.5;1;0
 4.25;1;0
4;1;0
 3.75;1;0
 3.5;1;0
 3.25;1;0
3;1;0
 2.75;1;0
 2.5;1;0
 2.25;1;0
2;1;0
 1.75;1;0
 1.5;1;0
 1.25;1;0
1;1;0
 0.75;1;0
 0.5;1;0
 0.25;1;0
0;1;0
47;  1.25;0
 46.75;  1.25;0
 46.5;  1.25;0
 46.25;  1.25;0
46;  1.25;0
 45.75;  1.25;0
 45.5;  1.25;0
 45.25;  1.25;0
45;  1.25;0
 44.75;  1.25;0
 44.5;  1.25;0
 44.25;  1.25;0
44;  1.25;0
 43.75;  1.25;0
 43.5;  1.25;0
 43.25;  1.25;0
43;  1.25;0
43;  1.25;0
 42.5;1;0
42;  1.25;0
42;  1.25;0
 41.75;  1.25;0
 41.5;  1.25;0
 41.25;  1.25;0
41;  1.25;0
 40.75;  1.25;0
 40.5;  1.25;0
 40.25;  1.25;0
40;  1.25;0
 39.75;  1.25;0
 39.5;  1.25;0
 39.25;  1.25;0
39;  1.25;0
 38.75;  1.25;0
 38.5;  1.25;0
 38.25;  1.25;0
 37.75;1;0
 37.5;1;0
 37.5;  1.25;0
 37.25;  1.25;0
37;  1.25;0
 36.75;  1.25;0
 36.5;  1.25;0
 36.25;  1.25;0
36;  1.25;0
 35.75;  1.25;0
 35.5;  1.25;0
 35.25;  1.25;0
35;  1.25;0
 34.75;  1.25;0
 34.5;  1.25;0
 34.25;  1.25;0
34;  1.25;0
 33.75;  1.25;0
 33.5;  1.25;0
 33.25;  1.25;0
33;  1.25;0
 32.75;  1.25;0
 32.5;  1.25;0
 32.25;  1.25;0
32;  1.25;0
 31.75;  1.25;0
 31.5;  1.25;0
 31.25;  1.25;0
31;  1.25;0
 30.75;  1.25;0
 30.5;  1.25;0
 30.25;  1.25;0
30;  1.25;0
 29.75;  1.25;0
 29.5;  1.25;0
 29.25;  1.25;0
29;  1.25;0
 28.75;  1.25;0
 28.5;  1.25;0
 28.25;  1.25;0
28;  1.25;0
 27.75;  1.25;0
 27.5;  1.25;0
 27.25;  1.25;0
27;  1.25;0
 26.75;  1.25;0
 26.5;  1.25;0
 26.25;  1.25;0
26;  1.25;0
 25.75;  1.25;0
 25.5;  1.25;0
 25.25;  1.25;0
25;  1.25;0
 24.75;  1.25;0
 24.5;  1.25;0
 24.25;  1.25;0
24;  1.25;0
 23.75;  1.25;0
 23.5;  1.25;0
 23.25;  1.25;0
23;  1.25;0
 22.75;  1.25;0
 22.5;  1.25;0
 22.25;  1.25;0
22;  1.25;0
 21.75;  1.25;0
 21.5;  1.25;0
 21.25;  1.25;0
21;  1.25;0
 20.75;  1.25;0
 20.5;  1.25;0
 20.25;  1.25;0
20;  1.25;0
 19.75;  1.25;0
 19.5;  1.25;0
 19.25;  1.25;0
19;  1.25;0
 18.75;  1.25;0
 18.5;  1.25;0
 18.25;  1.25;0
18;  1.25;0
 17.75;  1.25;0
 17.5;  1.25;0
 17.25;  1.25;0
17;  1.25;0
 16.75;  1.25;0
 16.5;  1.25;0
 16.25;  1.25;0
16;  1.25;0
 15.75;  1.25;0
 15.5;  1.25;0
 15.25;  1.25;0
15;  1.25;0
 14.75;  1.25;0
 14.5;  1.25;0
 14.25;  1.25;0
14;  1.25;0
 13.75;  1.25;0
 13.5;  1.25;0
 13.25;  1.25;0
13;  1.25;0
 12.75;  1.25;0
 12.5;  1.25;0
 12.25;  1.25;0
12;  1.25;0
 11.75;  1.25;0
 11.5;  1.25;0
 11.25;  1.25;0
11;  1.25;0
 10.75;  1.25;0
 10.5;  1.25;0
 10.25;  1.25;0
10;  1.25;0
 9.75;  1.25;0
 9.5;  1.25;0
 9.25;  1.25;0
9;  1.25;0
 8.75;  1.25;0
 8.5;  1.25;0
 8.25;  1.25;0
8;  1.25;0
 7.75;  1.25;0
 7.5;  1.25;0
 7.25;  1.25;0
7;  1.25;0
 6.75;  1.25;0
 6.5;  1.25;0
 6.25;  1.25;0
6;  1.25;0
 5.75;  1.25;0
 5.5;  1.25;0
 5.25;  1.25;0
5;  1.25;0
 4.75;  1.25;0
 4.5;  1.25;0
 4.25;  1.25;0
4;  1.25;0
 3.75;  1.25;0
 3.5;  1.25;0
 3.25;  1.25;0
3;  1.25;0
 2.75;  1.25;0
 2.5;  1.25;0
 2.25;  1.25;0
2;  1.25;0
 1.75;  1.25;0
 1.5;  1.25;0
 1.25;  1.25;0
1;  1.25;0
 0.75;  1.25;0
 0.5;  1.25;0
 0.25;  1.25;0
0;  1.25;0
47;  1.5;0
 46.75;  1.5;0
 46.5;  1.5;0
 46.25;  1.5;0
46;  1.5;0
 45.75;  1.5;0
 45.5;  1.5;0
 45.25;  1.5;0
45;  1.5;0
 44.75;  1.5;0
 44.5;  1.5;0
 44.25;  1.5;0
44;  1.5;0
 43.5;  1.25;0
 43.5;  1.5;0
 43.25;  1.5;0
 43.25;  1.5;0
 43.25;  1.5;0
 42.5;1;0
42;  1.25;0
42;  1.25;0
 41.75;  1.25;0
 41.5;  1.25;0
 40.75;  1.25;0
 40.75;  1.25;0
 40.75;  1.25;0
 40.5;  1.25;0
 40.25;  1.25;0
40;  1.25;0
 39.75;  1.25;0
 39.5;  1.25;0
 39.25;  1.25;0
39;  1.25;0
 38.75;  1.25;0
 38.25;  1.25;0
 38.25;  1.25;0
 38.25;  1.25;0
 37.5;  1.25;0
 37.25;  1.25;0
37;  1.25;0
 36.75;  1.25;0
 36.75;  1.5;0
 36.5;  1.5;0
36;  1.25;0
 35.75;  1.25;0
 35.75;  1.5;0
 35.5;  1.5;0
35;  1.25;0
 34.75;  1.25;0
 34.5;  1.25;0
 34.25;  1.25;0
34;  1.25;0
34;  1.25;0
 33.5;  1.5;0
 33.5;  1.5;0
33;  1.5;0
33;  1.5;0
 32.75;  1.5;0
 32.25;  1.25;0
32;  1.25;0
32;  1.5;0
 31.75;  1.5;0
 31.25;  1.25;0
31;  1.25;0
31;  1.5;0
 30.75;  1.5;0
 30.5;  1.5;0
 30.25;  1.5;0
30;  1.5;0
 29.75;  1.5;0
 29.5;  1.5;0
 29.25;  1.5;0
29;  1.5;0
 28.75;  1.5;0
 28.5;  1.5;0
 28.25;  1.5;0
28;  1.5;0
 27.75;  1.5;0
 27.5;  1.5;0
 27.25;  1.5;0
27;  1.5;0
 26.75;  1.5;0
 26.5;  1.5;0
 26.25;  1.5;0
26;  1.5;0
 25.75;  1.5;0
 25.5;  1.5;0
 25.25;  1.5;0
25;  1.5;0
 24.75;  1.5;0
 24.5;  1.5;0
 24.25;  1.5;0
24;  1.5;0
 23.75;  1.5;0
 23.5;  1.5;0
 23.25;  1.5;0
23;  1.5;0
 22.75;  1.5;0
 22.5;  1.5;0
 22.25;  1.5;0
22;  1.5;0
 21.75;  1.5;0
 21.5;  1.5;0
 21.25;  1.5;0
21;  1.5;0
 20.75;  1.5;0
 20.5;  1.5;0
 20.25;  1.5;0
20;  1.5;0
 19.75;  1.5;0
 19.5;  1.5;0
 19.25;  1.5;0
19;  1.5;0
 18.75;  1.5;0
 18.5;  1.5;0
 18.25;  1.5;0
18;  1.5;0
 17.75;  1.5;0
 17.5;  1.5;0
 17.25;  1.5;0
17;  1.5;0
 16.75;  1.5;0
 16.5;  1.5;0
 16.25;  1.5;0
16;  1.5;0
 15.75;  1.5;0
 15.5;  1.5;0
 15.25;  1.5;0
15;  1.5;0
 14.75;  1.5;0
 14.5;  1.5;0
 14.25;  1.5;0
14;  1.5;0
 13.75;  1.5;0
 13.5;  1.5;0
 13.25;  1.5;0
13;  1.5;0
 12.75;  1.5;0
 12.5;  1.5;0
 12.25;  1.5;0
12;  1.5;0
 11.75;  1.5;0
 11.5;  1.5;0
 11.25;  1.5;0
11;  1.5;0
 10.75;  1.5;0
 10.5;  1.5;0
 10.25;  1.5;0
10;  1.5;0
 9.75;  1.5;0
 9.5;  1.5;0
 9.25;  1.5;0
9;  1.5;0
 8.75;  1.5;0
 8.5;  1.5;0
 8.25;  1.5;0
8;  1.5;0
 7.75;  1.5;0
 7.5;  1.5;0
 7.25;  1.5;0
7;  1.5;0
 6.75;  1.5;0
 6.5;  1.5;0
 6.25;  1.5;0
6;  1.5;0
 5.75;  1.5;0
 5.5;  1.5;0
 5.25;  1.5;0
5;  1.5;0
 4.75;  1.5;0
 4.5;  1.5;0
 4.25;  1.5;0
4;  1.5;0
 3.75;  1.5;0
 3.5;  1.5;0
 3.25;  1.5;0
3;  1.5;0
 2.75;  1.5;0
 2.5;  1.5;0
 2.25;  1.5;0
2;  1.5;0
 1.75;  1.5;0
 1.5;  1.5;0
 1.25;  1.5;0
1;  1.5;0
 0.75;  1.5;0
 0.5;  1.5;0
 0.25;  1.5;0
0;  1.5;0
47;  1.75;0
 46.75;  1.75;0
 46.5;  1.75;0
 46.25;  1.75;0
46;  1.75;0
 45.75;  1.75;0
 45.5;  1.75;0
 45.25;  1.75;0
45;  1.75;0
 44.75;  1.75;0
 44.25;  1.5;0
44;  1.5;0
44;  1.5;0
 43.5;  1.5;0
 43.25;  1.5;0
 43.25;  1.5;0
 43.25;  1.5;0
 42.75;  1.75;140
 42.5;  1.5;140
 42.25;  1.5;140
42;  1.25;0
 41.75;  1.25;0
 41.5;  1.25;0
 40.75;  1.25;0
 40.75;  1.25;0
 40.75;  1.25;0
 40.5;  1.25;0
 40.25;  1.25;0
40;  1.25;0
 39.75;  1.25;0
 39.5;  1.25;0
 39.25;  1.25;0
39;  1.25;0
 38.75;  1.25;0
 38.25;  1.25;0
 38.25;  1.25;0
 38.25;  1.25;0
 37.5;  1.25;0
 37.25;  1.25;0
37;  1.25;0
 36.75;  1.25;0
 36.75;  1.5;0
 36.5;  1.5;0
36;  1.25;0
 35.75;  1.25;0
 35.75;  1.5;0
 35.5;  1.5;0
35;  1.25;0
 34.75;  1.25;0
34;  1.25;0
34;  1.25;0
34;  1.25;0
34;  1.25;0
 33.5;  1.5;0
 33.5;  1.5;0
33;  1.5;0
33;  1.5;0
 32.75;  1.5;0
 32.25;  1.25;0
32;  1.25;0
32;  1.5;0
 31.75;  1.5;0
 31.25;  1.25;0
31;  1.25;0
31;  1.5;0
 30.75;  1.5;0
 30.5;  1.5;0
 30.25;  1.5;0
30;  1.5;0
 29.75;  1.5;0
 29.5;  1.5;0
 28.75;  1.5;0
 28.75;  1.5;0
 28.5;  1.5;0
 28.5;  1.5;0
 28.25;  1.5;0
 27.5;  1.5;0
 27.5;  1.5;0
 27.5;  1.5;0
 27.25;  1.5;0
27;  1.5;0
 26.75;  1.5;0
 26.5;  1.5;0
 26.25;  1.5;0
 25.5;  1.5;0
 25.5;  1.5;0
 25.5;  1.5;0
 25.25;  1.5;0
25;  1.5;0
 24.75;  1.5;0
24;  1.5;0
24;  1.5;0
 23.75;  1.5;0
 23.5;  1.5;0
 23.5;  1.75;0
23;  1.5;0
23;  1.5;0
 22.75;  1.5;0
 22.5;  1.5;0
 22.25;  1.5;0
22;  1.5;0
 21.75;  1.5;0
 21.25;  1.75;0
 21.25;  1.75;0
 20.75;  1.5;0
 20.75;  1.75;0
 20.25;  1.5;0
20;  1.5;0
 19.75;  1.5;0
 19.5;  1.5;0
 19.25;  1.5;0
19;  1.5;0
 18.75;  1.5;0
 18.75;  1.75;0
 18.25;  1.5;0
18;  1.5;0
18;  1.75;0
 17.75;  1.75;0
 17.5;  1.75;0
 17.25;  1.75;0
 16.75;  1.5;0
 16.5;  1.5;0
 16.5;  1.75;0
 16.25;  1.75;0
16;  1.75;0
 15.5;  1.5;0
 15.25;  1.5;0
 15.25;  1.75;0
15;  1.75;0
 14.75;  1.75;0
 14.5;  1.75;0
 14.25;  1.75;0
14;  1.75;0
 13.75;  1.75;0
 13.5;  1.75;0
13;  1.5;0
13;  1.75;0
 12.75;  1.75;0
 12.5;  1.75;0
 12.25;  1.75;0
12;  1.75;0
 11.75;  1.75;0
 11.5;  1.75;0
 11.25;  1.75;0
11;  1.75;0
 10.75;  1.75;0
 10.5;  1.75;0
 10.25;  1.75;0
10;  1.75;0
 9.75;  1.75;0
 9.5;  1.75;0
 9.25;  1.75;0
9;  1.75;0
 8.75;  1.75;0
 8.5;  1.75;0
 8.25;  1.75;0
 7.75;  1.5;0
 7.75;  1.75;0
 7.5;  1.75;0
 7.25;  1.75;0
7;  1.75;0
 6.75;  1.75;0
 6.5;  1.75;0
 6.25;  1.75;0
6;  1.75;0
 5.75;  1.75;0
 5.5;  1.75;0
 5.25;  1.75;0
5;  1.75;0
 4.75;  1.75;0
 4.5;  1.75;0
 4.25;  1.75;0
4;  1.75;0
 3.75;  1.75;0
 3.5;  1.75;0
 3.25;  1.75;0
3;  1.75;0
 2.75;  1.75;0
 2.5;  1.75;0
 2.25;  1.75;0
2;  1.75;0
 1.75;  1.75;0
 1.5;  1.75;0
 1.25;  1.75;0
1;  1.75;0
 0.75;  1.75;0
 0.5;  1.75;0
 0.25;  1.75;0
0;  1.75;0
47;2;0
 46.75;2;0
 46.5;2;0
 46.25;2;0
46;2;0
 45.75;2;0
 45.5;2;0
 45.25;2;0
45;2;0
 44.75;2;0
 44.75;2;0
44;  1.5;0
44;2;0
 43.25;  1.5;0
43;  1.5;0
43;  1.5;0
43;  1.5;0
 42.75;2;140
 42.5;  1.5;140
 42.25;  1.5;140
42;  1.75;140
 41.75;  1.75;140
 41.75;  1.75;140
 41.75;  1.75;140
 40.75;  1.25;0
 40.75;  1.75;140
 40.5;  1.75;140
 40.25;  1.75;140
40;  1.75;140
 39.75;  1.75;140
 39.5;  1.75;140
 39.25;  1.75;140
39;  1.75;140
 38.75;  1.75;140
 38.5;  1.75;140
 38.25;  1.25;0
 38.25;  1.25;0
 37.5;  1.25;0
 37.25;  1.25;0
37;  1.25;0
 36.75;  1.25;0
 36.75;  1.5;0
 36.5;  1.5;0
36;  1.25;0
 35.75;  1.25;0
 35.75;  1.5;0
 35.5;  1.5;0
35;  1.25;0
 34.75;  1.25;0
34;  1.25;0
34;  1.25;0
34;  1.25;0
34;  1.75;18
 33.75;  1.75;18
 33.5;  1.5;0
 33.25;2;18
33;  1.5;0
 32.75;  1.5;0
 32.25;  1.25;0
32;  1.25;0
32;  1.5;0
 31.75;  1.5;0
 31.25;  1.25;0
31;  1.25;0
31;  1.5;0
 30.75;  1.5;0
 30.5;  1.5;0
 30.25;  1.5;0
30;  1.5;0
 29.75;  1.5;0
 29.5;  1.5;0
 28.75;  1.5;0
 28.75;  1.5;0
 28.5;  1.5;0
 28.5;  1.5;0
 28.25;  1.5;0
 27.5;  1.5;0
 27.5;  1.5;0
 27.5;  1.5;0
 27.25;  1.5;0
27;  1.5;0
 26.75;  1.5;0
 26.5;  1.5;0
 26.25;  1.5;0
 25.5;  1.5;0
 25.5;  1.5;0
 25.5;  1.5;0
 25.25;  1.5;0
25;  1.5;0
 24.75;  1.5;0
24;  1.5;0
24;  1.5;0
 23.75;  1.5;0
 23.5;  1.5;0
 23.5;  1.75;0
23;  1.5;0
23;  1.5;0
 22.75;  1.5;0
 22.5;  1.5;0
 22.25;  1.5;0
22;  1.5;0
 21.75;  1.5;0
 21.25;  1.75;0
 21.25;  1.75;0
 20.75;  1.5;0
 20.75;  1.75;0
 20.25;  1.5;0
20;  1.5;0
 19.75;  1.5;0
 19.5;  1.5;0
 19.25;  1.5;0
19;  1.5;0
 18.75;  1.5;0
 18.75;  1.75;0
 18.25;  1.5;0
18;  1.5;0
18;  1.75;0
 17.75;  1.75;0
 17.5;  1.75;0
 17.25;  1.75;0
 16.75;  1.5;0
 16.5;  1.5;0
 16.5;  1.75;0
 16.25;  1.75;0
16;  1.75;0
 15.5;  1.5;0
 15.25;  1.5;0
 15.25;  1.75;0
 14.5;  1.75;0
 14.5;  1.75;0
 14.25;  1.75;0
14;  1.75;0
14;2;0
14;2;0
 13.5;  1.75;0
13;  1.5;0
13;  1.75;0
 12.75;  1.75;0
 12.5;  1.75;0
 11.75;  1.75;0
 11.75;  1.75;0
 11.75;  1.75;0
 11.5;  1.75;0
 11.25;  1.75;0
11;  1.75;0
 10.25;  1.75;0
 10.25;  1.75;0
 10.25;  1.75;0
10;  1.75;0
 9.75;  1.75;0
 9.5;  1.75;0
 9.25;  1.75;0
9;  1.75;0
 8.75;  1.75;0
 8.5;  1.75;0
 8.25;  1.75;0
 7.75;  1.5;0
 7.75;  1.75;0
 7.5;  1.75;0
 7.25;  1.75;0
 6.5;  1.75;0
 6.5;  1.75;0
 6.25;  1.75;0
 6.25;2;0
6;2;0
 5.5;  1.75;0
 5.25;  1.75;0
5;  1.75;0
 4.75;  1.75;0
 4.75;  1.75;0
 4.25;2;0
 4.25;2;0
4;2;0
 3.75;2;0
 3.5;2;0
 3.25;2;0
3;2;0
 2.75;2;0
 2.5;2;0
 2.25;2;0
2;2;0
 1.75;2;0
 1.5;2;0
 1.25;2;0
1;2;0
 0.75;2;0
 0.5;2;0
 0.25;2;0
0;2;0
47;  2.25;0
 46.75;  2.25;0
 46.5;  2.25;0
 46.25;  2.25;0
46;  2.25;0
 45.75;  2.25;0
 45.5;  2.25;0
 45.25;  2.25;0
45;  2.25;0
 44.75;  2.25;0
 44.75;  2.25;0
44;2;0
44;2;0
44;2;0
 43.5;  2.25;0
 43.5;  2.25;0
 43.5;  2.25;0
 42.75;2;140
 42.5;  1.75;140
 42.25;  1.75;140
42;  1.75;140
 41.75;  1.75;140
 41.5;  1.75;140
 41.25;  1.75;140
41;  1.75;140
 40.75;  1.75;140
 40.5;  1.75;140
 40.25;  1.75;140
40;  1.75;140
 39.75;  1.75;140
 39.5;  1.75;140
 39.25;  1.75;140
39;  1.75;140
 38.75;  1.75;140
 38.5;  1.75;140
 38.25;  1.75;140
38;  1.75;140
 37.75;2;140
 37.5;  2.25;140
 37.25;  2.25;140
 36.75;  1.75;191
 36.75;  1.75;191
 36.5;  1.75;191
 36.25;  1.75;191
36;  1.75;191
 35.75;2;191
 35.5;2;191
 35.25;  1.75;191
35;  1.75;191
 34.75;2;191
34;  1.25;0
34;2;18
34;  1.75;18
 33.75;  1.75;18
 33.5;2;18
 33.25;2;18
33;2;18
 32.75;  1.75;18
 32.5;  1.75;18
 32.25;  1.75;18
32;2;18
 31.75;  1.75;18
 31.5;  1.75;18
 31.25;  1.75;18
31;2;18
 30.75;  1.75;18
 30.5;2;18
 30.25;2;18
30;2;18
 29.75;2;18
 29.5;2;18
 29.25;2;18
 28.75;  1.5;0
 28.5;  1.5;0
 28.5;2;111
 28.25;2;111
28;2;111
 27.5;  1.5;0
 27.5;  2.25;5
 27.25;2;5
27;2;5
 26.75;2;5
 26.5;2;5
 26.25;2;5
26;2;5
 25.5;  1.5;0
 25.5;  2.25;5
 25.25;2;5
25;2;5
 24.75;  2.25;5
 24.5;2;5
24;  1.5;0
 23.75;  1.5;0
 23.5;  1.5;0
 23.5;  1.75;0
23;  1.5;0
23;  2.25;92
 22.75;  2.25;92
 22.5;2;92
 22.25;2;92
22;  2.25;92
 21.75;2;92
 21.5;  2.25;92
 21.25;  1.75;0
 20.75;  1.5;0
 20.75;  1.75;0
 20.25;  1.5;0
20;  1.5;0
 19.75;  1.5;0
 19.5;  1.5;0
 19.25;  1.5;0
19;  1.5;0
 18.75;  1.5;0
 18.75;  1.75;0
 18.25;  1.5;0
18;  1.5;0
18;  1.75;0
 17.75;  1.75;0
 17.5;  1.75;0
 17.25;  1.75;0
 16.75;  1.5;0
 16.5;  1.5;0
 16.5;  1.75;0
 16.25;  1.75;0
16;  1.75;0
 15.5;  1.5;0
 15.25;  1.5;0
 15.25;  1.75;0
14;  1.75;0
14;  1.75;0
14;  1.75;0
14;  1.75;0
14;2;0
14;2;0
 13.5;  1.75;0
13;  1.5;0
13;  1.75;0
 12.75;  1.75;0
 12.5;  1.75;0
 11.75;  1.75;0
 11.75;  1.75;0
 11.75;  1.75;0
 11.5;  1.75;0
 11.25;  1.75;0
11;  1.75;0
 10.25;  1.75;0
 10.25;  1.75;0
 10.25;  1.75;0
10;  1.75;0
 9.75;  1.75;0
 9.5;  1.75;0
 9.25;  1.75;0
9;  1.75;0
 8.75;  1.75;0
 8.5;  1.75;0
 8.25;  1.75;0
 7.75;  1.5;0
 7.75;  1.75;0
 7.5;  1.75;0
 7.25;  1.75;0
 6.25;2;0
 6.25;2;0
 6.25;2;0
6;2;0
6;2;0
 5.25;  1.75;0
 5.25;  1.75;0
5;  1.75;0
 4.75;  1.75;0
 4.75;  1.75;0
 4.25;2;0
 4.25;2;0
4;2;0
 3.75;2;0
 3.5;2;0
 3.25;2;0
3;2;0
 2.25;2;0
 2.25;2;0
 2.25;  2.25;0
2;  2.25;0
 1.75;  2.25;0
 1.5;  2.25;0
 1.25;  2.25;0
1;  2.25;0
 0.75;  2.25;0
 0.5;  2.25;0
 0.25;  2.25;0
0;  2.25;0
47;  2.5;0
 46.75;  2.5;0
 46.5;  2.5;0
 46.25;  2.5;0
46;  2.5;0
 45.75;  2.5;0
 45.5;  2.5;0
 45.25;  2.5;0
45;  2.5;0
 44.75;  2.5;0
 44.75;  2.5;0
 44.25;2;0
44;2;0
 43.75;2;0
 43.75;2;0
 43.75;2;0
 42.75;2;140
 42.75;2;140
 42.5;2;140
 42.25;2;140
42;2;140
 41.75;2;140
 41.5;2;140
 41.25;2;140
41;2;140
 40.75;2;140
 40.5;2;140
 40.25;2;140
40;2;140
 39.75;2;140
 39.5;2;140
 39.25;2;140
39;2;140
 38.75;2;140
 38.5;2;140
 38.25;2;140
38;2;140
 37.75;2;140
 37.5;  2.25;140
 37.25;  2.25;140
 37.25;  2.25;140
 36.75;2;191
 36.5;2;191
 36.25;2;191
36;2;191
 35.75;2;191
 35.5;2;191
 35.25;2;191
35;2;191
 34.75;2;191
 34.5;  2.5;191
34;2;18
34;2;18
 33.75;2;18
 33.5;2;18
 33.25;2;18
33;2;18
 32.75;2;18
 32.5;2;18
 32.25;2;18
32;2;18
 31.75;2;18
 31.5;2;18
 31.25;2;18
31;2;18
 30.75;2;18
 30.5;2;18
 30.25;2;18
30;2;18
 29.75;2;18
 29.5;2;18
 29.25;2;18
29;  2.5;111
 28.75;  2.5;111
 28.5;2;111
 28.25;2;111
28;2;111
 27.75;  2.25;5
 27.5;  2.25;5
 27.25;2;5
27;2;5
 26.75;2;5
 26.5;2;5
 26.25;2;5
26;2;5
 25.75;  2.25;5
 25.5;  2.5;5
 25.25;2;5
25;2;5
 24.75;  2.25;5
 24.5;2;5
 24.25;  2.25;5
24;2;92
 23.75;2;92
 23.5;2;92
 23.25;  2.25;92
23;  2.25;92
 22.75;  2.25;92
 22.5;2;92
 22.25;2;92
22;  2.5;92
 21.75;2;92
 21.75;2;92
 21.25;  2.25;70
21;  2.5;70
 20.75;  2.5;70
 20.5;2;70
 20.25;  2.25;70
20;  2.25;70
 19.75;  2.25;70
 19.5;2;70
 19.25;  2.5;70
19;2;186
 18.75;2;186
 18.5;2;186
 18.25;2;186
18;  2.25;186
 17.75;2;186
 17.5;2;186
 17.25;  2.25;186
17;2;186
 16.75;2;186
 16.5;  2.25;186
 16.25;  2.25;186
16;2;186
 15.75;2;186
 15.5;2;186
 15.25;  2.25;186
15;  2.25;186
14;  1.75;0
14;  1.75;0
14;  1.75;0
14;2;0
 13.75;  2.5;28
 13.5;  2.5;28
 13.25;2;28
13;  2.25;28
13;  2.25;28
13;  2.25;28
 12.25;  2.25;28
 11.75;  1.75;0
 11.75;  2.25;28
 11.5;  2.25;28
 11.25;  2.25;28
11;  2.25;28
 10.75;  2.25;28
 10.25;  1.75;0
 10.25;  2.5;28
10;  2.25;28
 9.75;  2.25;28
 9.5;  2.25;28
 9.5;  2.25;28
9;  2.25;28
 8.75;  2.25;28
 8.5;  2.25;28
 8.25;  2.25;28
8;  2.25;28
 7.75;  2.25;28
 7.5;  2.25;28
 7.25;  2.25;28
7;  2.25;28
 6.25;2;0
 6.25;2;0
6;2;0
6;2;0
 5.25;  1.75;0
 5.25;  1.75;0
5;  1.75;0
 4.75;  1.75;0
 4.75;  2.5;93
 4.5;  2.5;93
 4.25;2;0
4;2;0
 3.75;2;0
 3.5;2;0
 3.25;2;0
3;2;0
 2.25;  2.5;0
 2.25;  2.5;0
 2.25;  2.5;0
2;  2.5;0
 1.75;  2.5;0
 1.5;  2.5;0
 1.25;  2.5;0
1;  2.5;0
 0.75;  2.5;0
 0.5;  2.5;0
 0.25;  2.5;0
0;  2.5;0
47;  2.75;0
 46.75;  2.75;0
 46.5;  2.75;0
 46.25;  2.75;0
46;  2.75;0
 45.75;  2.75;0
 45.5;  2.75;0
 45.25;  2.75;0
45;  2.75;0
45;  2.75;0
 44.5;  2.25;0
 44.25;  2.25;0
44;  2.25;0
 43.75;  2.25;0
 43.75;  2.25;0
 43.75;  2.25;0
 42.75;  2.25;140
 42.75;  2.25;140
 42.5;  2.25;140
 42.25;  2.25;140
42;  2.25;140
 41.75;  2.25;140
 41.5;  2.25;140
 41.25;  2.25;140
41;  2.25;140
 40.75;  2.25;140
 40.5;  2.25;140
 40.25;  2.25;140
40;  2.25;140
 39.75;  2.25;140
 39.5;  2.25;140
 39.25;  2.25;140
39;  2.25;140
 38.75;  2.25;140
 38.5;  2.25;140
 38.25;  2.25;140
38;  2.25;140
 37.75;  2.25;140
 37.5;  2.25;140
 37.25;  2.25;140
37;  2.5;140
 36.75;  2.5;140
 36.5;  2.25;191
 36.25;  2.25;191
36;  2.25;191
 35.75;  2.25;191
 35.5;  2.25;191
 35.25;  2.25;191
35;  2.25;191
 34.75;  2.25;191
 34.5;  2.5;191
 34.5;  2.5;191
 33.75;  2.5;18
 33.75;  2.25;18
 33.5;  2.25;18
 33.25;  2.25;18
33;  2.5;18
 32.75;  2.25;18
 32.5;  2.25;18
 32.25;  2.25;18
32;  2.25;18
 31.75;  2.25;18
 31.5;  2.25;18
 31.25;  2.25;18
31;  2.25;18
 30.75;  2.25;18
 30.5;  2.25;18
 30.25;  2.25;18
30;  2.25;18
 29.75;  2.25;18
 29.5;  2.25;18
 29.5;  2.25;18
 28.75;  2.75;111
 28.75;  2.5;111
 28.5;  2.25;111
 28.25;  2.25;111
28;  2.5;5
 27.75;  2.25;5
 27.5;  2.25;5
 27.25;  2.25;5
27;  2.25;5
 26.75;  2.25;5
 26.5;  2.25;5
 26.25;  2.25;5
26;  2.75;5
 25.75;  2.25;5
 25.5;  2.5;5
 25.25;  2.25;5
25;  2.25;5
 24.75;  2.25;5
 24.5;  2.25;5
 24.25;  2.25;5
24;  2.25;92
 23.75;  2.25;92
 23.5;  2.25;92
 23.25;  2.25;92
23;  2.25;92
 22.75;  2.25;92
 22.5;  2.25;92
 22.25;  2.25;92
22;  2.5;92
 21.75;  2.25;92
 21.5;  2.75;70
 21.25;  2.25;70
21;  2.5;70
 20.75;  2.5;70
 20.5;  2.25;70
 20.25;  2.25;70
20;  2.25;70
 19.75;  2.25;70
 19.5;  2.25;70
 19.25;  2.5;70
19;  2.25;186
 18.75;  2.25;186
 18.5;  2.25;186
 18.25;  2.25;186
18;  2.25;186
 17.75;  2.25;186
 17.5;  2.5;186
 17.25;  2.25;186
17;  2.25;186
 16.75;  2.25;186
 16.5;  2.25;186
 16.25;  2.25;186
16;  2.25;186
 15.75;  2.25;186
 15.5;  2.25;186
 15.25;  2.25;186
15;  2.25;186
 14.75;  2.25;186
14;  1.75;0
 14.25;  2.25;28
14;  2.25;28
 13.75;  2.5;28
 13.5;  2.5;28
 13.25;  2.5;28
13;  2.25;28
 12.75;  2.5;28
 12.5;  2.25;28
 12.25;  2.25;28
12;  2.25;28
 11.75;  2.25;28
 11.5;  2.25;28
 11.25;  2.25;28
11;  2.25;28
 10.75;  2.25;28
 10.5;  2.25;28
 10.25;  2.5;28
10;  2.25;28
 9.75;  2.25;28
 9.5;  2.25;28
 9.25;  2.25;28
9;  2.25;28
 8.75;  2.25;28
 8.5;  2.25;28
 8.25;  2.25;28
8;  2.25;28
 7.75;  2.25;28
 7.5;  2.25;28
 7.25;  2.25;28
7;  2.25;28
7;  2.25;28
 6.25;2;0
6;2;0
6;2;0
 5.25;  1.75;0
 5.5;  2.75;93
 5.25;  2.75;93
5;  2.75;93
 4.75;  2.5;93
 4.5;  2.5;93
 4.25;  2.75;93
4;  2.5;60
 3.75;  2.5;60
 3.5;  2.5;60
 3.25;  2.5;60
3;  2.75;60
 2.75;  2.5;60
 1.75;  2.5;0
 1.75;  2.5;0
 1.75;  2.5;0
 1.5;  2.5;0
 1.5;  2.75;0
 1.25;  2.75;0
1;  2.75;0
 0.75;  2.75;0
 0.5;  2.75;0
 0.25;  2.75;0
0;  2.75;0
47;3;0
 46.75;3;0
 46.5;3;0
 46.25;3;0
46;3;0
 45.75;3;0
 45.5;3;0
 45.25;3;0
45;3;0
45;3;0
 44.5;  2.5;0
 44.25;  2.5;0
44;  2.5;0
 43.75;  2.5;0
 43.75;  2.5;0
 43.75;  2.5;0
 42.75;  2.5;140
 42.75;  2.5;140
 42.5;  2.5;140
 42.25;  2.5;140
42;  2.5;140
 41.75;  2.5;140
 41.5;  2.5;140
 41.25;  2.5;140
41;  2.5;140
 40.75;  2.5;140
 40.5;  2.5;140
 40.25;  2.5;140
40;  2.5;140
 39.75;  2.5;140
 39.5;  2.5;140
 39.25;  2.5;140
39;  2.5;140
 38.75;  2.5;140
 38.5;  2.5;140
 38.25;  2.5;140
38;  2.5;140
 37.75;  2.5;140
 37.5;  2.5;140
 37.25;  2.5;140
37;  2.5;140
 36.75;  2.5;140
 36.5;  2.5;191
 36.25;  2.5;191
36;  2.5;191
 35.75;  2.5;191
 35.5;  2.5;191
 35.25;  2.5;191
35;  2.5;191
 34.75;  2.5;191
 34.5;  2.5;191
 34.5;  2.5;191
 33.75;  2.5;18
 33.75;  2.5;18
 33.5;  2.5;18
 33.25;  2.5;18
33;  2.5;18
 32.75;  2.5;18
 32.5;  2.5;18
 32.25;  2.5;18
32;  2.5;18
 31.75;  2.5;18
 31.5;  2.5;18
 31.25;  2.5;18
31;  2.5;18
 30.75;  2.5;18
 30.5;  2.5;18
 30.25;  2.5;18
30;  2.5;18
 29.75;  2.5;18
 29.75;  2.5;18
 29.25;  2.75;100
 28.75;  2.75;111
 28.75;  2.5;111
 28.5;  2.5;111
 28.25;  2.75;5
28;  2.5;5
 27.75;  2.5;5
 27.5;  2.5;5
 27.25;  2.5;5
27;  2.5;5
 26.75;  2.5;5
 26.5;  2.5;5
 26.25;  2.5;5
26;  2.75;5
 25.75;  2.5;5
 25.5;  2.5;5
 25.25;  2.5;5
25;  2.5;5
 24.75;  2.5;5
 24.5;  2.5;5
 24.25;  2.5;5
24;  2.5;92
 23.75;  2.5;92
 23.5;  2.5;92
 23.25;  2.5;92
23;  2.5;92
 22.75;  2.75;92
 22.5;  2.5;92
 22.25;  2.5;92
22;  2.5;92
 21.75;  2.75;70
 21.5;  2.75;70
 21.25;  2.5;70
21;  2.5;70
 20.75;  2.5;70
 20.5;  2.5;70
 20.25;  2.5;70
20;  2.5;70
 19.75;  2.5;70
 19.5;  2.5;70
 19.25;  2.5;70
19;  2.75;70
 18.75;  2.5;186
 18.5;  2.5;186
 18.25;  2.5;186
18;  2.5;186
 17.75;  2.5;186
 17.5;  2.5;186
 17.25;  2.5;186
17;  2.5;186
 16.75;  2.5;186
 16.5;  2.5;186
 16.25;  2.5;186
16;  2.5;186
 15.75;  2.5;186
 15.5;  2.5;186
 15.25;  2.5;186
 14.75;  2.5;186
 14.75;  2.5;186
 14.75;  2.5;186
 14.25;  2.5;28
14;  2.5;28
 13.75;  2.5;28
 13.5;  2.5;28
 13.25;  2.5;28
13;  2.5;28
 12.75;  2.5;28
 12.5;  2.5;28
 12.25;  2.5;28
12;  2.5;28
 11.75;  2.5;28
 11.5;  2.5;28
 11.25;  2.5;28
11;  2.5;28
 10.75;  2.5;28
 10.5;  2.5;28
 10.25;  2.5;28
10;  2.5;28
 9.75;  2.5;28
 9.5;  2.75;28
 9.25;  2.75;28
9;  2.5;28
 8.75;  2.5;28
 8.5;  2.5;28
 8.25;  2.5;28
8;  2.5;28
 7.75;  2.5;28
 7.5;  2.5;28
 7.25;  2.5;28
7;3;39
 6.75;  2.75;39
 6.5;  2.5;93
 6.25;  2.75;93
6;  2.75;93
 5.75;  2.75;93
 5.5;  2.75;93
 5.25;  2.75;93
5;  2.75;93
 4.75;  2.5;93
 4.5;  2.5;93
 4.25;  2.75;93
4;  2.5;60
 3.75;  2.5;60
 3.5;  2.5;60
 3.25;  2.5;60
3;  2.75;60
 2.75;  2.5;60
 2.5;3;60
 1.5;  2.75;0
 1.5;  2.75;0
 1.5;  2.75;0
 1.25;  2.75;0
 1.25;3;0
1;3;0
 0.75;3;0
 0.5;3;0
 0.25;3;0
0;3;0
47;  3.25;0
 46.75;  3.25;0
 46.5;  3.25;0
 46.25;  3.25;0
46;  3.25;0
 45.75;  3.25;0
 45.5;  3.25;0
 45.25;  3.25;0
45;  3.25;0
45;  3.25;0
 44.5;  2.75;0
 44.25;  2.75;0
44;  2.75;0
 43.75;  2.75;0
 43.75;  2.75;0
 43.75;  2.75;0
 42.75;  2.75;140
 42.75;  2.75;140
 42.5;  2.75;140
 42.25;  2.75;140
42;  2.75;140
 41.75;  2.75;140
 41.5;  2.75;140
 41.25;  2.75;140
41;  2.75;140
 40.75;  2.75;140
 40.5;  2.75;140
 40.25;  2.75;140
40;  2.75;140
 39.75;  2.75;140
 39.5;  2.75;140
 39.25;  2.75;140
39;  2.75;140
 38.75;  2.75;140
 38.5;  2.75;140
 38.25;  2.75;140
38;  2.75;140
 37.75;  2.75;140
 37.5;  2.75;140
 37.25;  2.75;140
37;  2.75;140
 36.75;  2.75;140
 36.25;  2.75;191
 36.25;  2.75;191
36;  2.75;191
 35.75;  2.75;191
 35.5;  2.75;191
 35.25;  2.75;191
35;  2.75;191
 34.75;  2.75;191
 34.5;3;191
 34.25;  3.25;188
34;3;188
 33.75;3;188
 33.25;  2.75;18
 33.25;  2.75;18
33;  2.75;18
 32.75;  2.75;18
 32.5;  2.75;18
 32.25;  2.75;18
32;  2.75;18
 31.75;  2.75;18
 31.5;  2.75;18
 31.25;  2.75;18
31;  2.75;18
 30.75;  2.75;18
 30.5;  2.75;18
 30.25;  2.75;18
30;  3.25;100
 29.75;  3.25;100
 29.5;3;100
 29.25;  2.75;100
 28.75;  2.75;111
 28.75;  2.75;111
 28.5;3;5
 28.25;  2.75;5
28;  2.75;5
 27.75;  2.75;5
 27.5;  2.75;5
 27.25;  2.75;5
27;  2.75;5
 26.75;  2.75;5
 26.5;  2.75;5
 26.25;3;5
26;  2.75;5
 25.75;3;5
 25.5;  2.75;5
 25.25;  2.75;5
25;3;5
 24.75;  2.75;5
 24.5;  2.75;5
 24.25;  2.75;5
 23.75;  2.75;92
 23.75;  2.75;92
 23.5;  2.75;92
 23.25;  2.75;92
23;  2.75;92
 22.75;  2.75;92
 22.5;  2.75;70
 22.25;  2.75;70
22;  2.75;70
 21.75;  2.75;70
 21.5;  2.75;70
 21.25;  2.75;70
21;  2.75;70
 20.75;  2.75;70
 20.5;  2.75;70
 20.25;  2.75;70
20;  2.75;70
 19.75;  2.75;70
 19.5;  2.75;70
 19.25;  2.75;70
19;  2.75;70
 18.75;3;70
 18.5;  3.25;70
18;  2.75;186
18;  2.75;186
 17.75;  2.75;186
 17.5;  2.75;186
 17.25;  2.75;186
17;  2.75;186
 16.75;  2.75;186
 16.5;  2.75;186
 16.25;  2.75;186
16;  2.75;186
 15.75;  2.75;186
 15.5;  2.75;186
 15.25;  2.75;186
15;3;43
 14.75;3;43
 14.5;3;43
 14.25;  3.25;43
 13.75;  2.75;28
 13.75;  2.75;28
 13.5;  2.75;28
 13.25;  2.75;28
13;  2.75;28
 12.75;  2.75;28
 12.5;  2.75;28
 12.25;  2.75;28
12;3;28
 11.75;  2.75;28
 11.5;  2.75;28
 11.25;  2.75;28
11;  2.75;28
 10.75;  2.75;28
 10.5;  2.75;28
 10.25;  2.75;28
10;  2.75;28
 9.75;  2.75;28
 9.5;  2.75;28
 9.25;  2.75;28
9;  2.75;28
 8.75;  2.75;28
 8.5;  2.75;28
 8.25;  2.75;28
8;  2.75;28
 7.75;3;28
 7.5;  2.75;28
 7.5;  2.75;28
7;3;39
 6.75;  2.75;39
 6.5;3;39
 6.25;  2.75;93
6;  2.75;93
 5.75;  2.75;93
 5.5;  2.75;93
 5.25;  2.75;93
5;  2.75;93
 4.75;  2.75;93
 4.5;  2.75;93
 4.25;  2.75;93
4;  2.75;60
 3.75;3;60
 3.5;  2.75;60
 3.25;  2.75;60
3;  2.75;60
 2.75;  2.75;60
 2.5;3;60
 2.5;3;60
 1.25;3;0
 1.25;3;0
 1.25;3;0
 1.25;  3.25;0
1;  3.25;0
 0.75;  3.25;0
 0.5;  3.25;0
 0.25;  3.25;0
0;  3.25;0
47;  3.5;0
 46.75;  3.5;0
 46.5;  3.5;0
 46.25;  3.5;0
46;  3.5;0
 45.75;  3.5;0
 45.5;  3.5;0
 45.25;  3.5;0
45;  3.5;0
45;  3.5;0
 44.5;3;0
 44.25;3;0
44;3;0
44;3;0
44;3;0
 43.25;3;3
43;  3.5;158
 42.5;3;140
 42.5;3;140
 42.25;3;140
42;3;140
 41.75;3;140
 41.5;3;140
 41.25;3;140
41;3;140
 40.75;3;140
 40.5;3;140
 40.25;3;140
40;3;140
 39.75;3;140
 39.5;3;140
 39.25;3;140
39;3;140
 38.75;3;140
 38.5;3;140
 38.25;3;140
38;3;140
 37.75;3;140
 37.5;3;140
 37.25;3;140
37;3;140
 36.75;3;140
36;3;191
36;3;191
36;3;191
 35.75;3;191
 35.5;3;191
 35.25;3;191
 34.75;3;191
 34.75;3;191
 34.5;3;191
 34.25;  3.25;188
34;3;188
 33.75;3;188
 33.5;  3.25;188
 33.25;3;188
33;  3.25;188
 32.75;  3.25;188
 32.5;3;18
 32.25;3;18
32;3;18
 31.75;3;18
 31.5;3;18
 31.25;3;18
31;3;18
 30.75;3;18
 30.25;3;18
 30.25;3;18
30;  3.25;100
 29.75;  3.25;100
 29.5;3;100
 29.25;3;100
29;  3.25;100
 28.75;  3.25;5
 28.5;3;5
 28.25;  3.25;5
28;3;5
 27.75;3;5
 27.5;3;5
 27.25;3;5
27;3;5
 26.75;3;5
 26.5;3;5
 26.25;3;5
26;3;5
 25.75;3;5
 25.5;3;5
 25.25;3;5
25;3;5
 24.75;3;5
 24.5;  3.25;5
 24.25;3;5
 24.25;3;5
 23.75;  3.25;70
 23.5;  3.25;70
 23.25;3;70
23;  3.5;70
 22.75;3;70
 22.5;3;70
 22.25;3;70
22;3;70
 21.75;3;70
 21.5;3;70
 21.25;3;70
21;3;70
 20.75;3;70
 20.5;3;70
 20.25;3;70
20;3;70
 19.75;3;70
 19.5;3;70
 19.25;3;70
19;3;70
 18.75;3;70
 18.5;  3.25;70
 18.25;  3.25;70
18;  3.5;70
 17.5;3;186
 17.5;3;186
 17.25;3;186
17;3;186
 16.75;3;186
 16.5;3;186
 16.25;3;186
16;3;186
 15.75;3;186
 15.75;3;186
 15.25;  3.25;43
15;3;43
 14.75;3;43
 14.5;3;43
 14.25;  3.25;43
14;  3.25;43
 13.75;3;28
 13.5;3;28
13;  3.5;28
13;3;28
 12.75;3;28
 12.5;3;28
 12.25;3;28
12;3;28
 11.75;3;28
 11.5;3;28
 11.25;3;28
11;3;28
 10.75;  3.25;28
 10.75;  3.25;28
 10.75;  3.25;28
 9.25;3;28
 9.25;3;28
 9.25;3;28
 9.25;3;28
9;3;28
 8.75;3;28
 8.5;3;28
 8.25;3;28
8;3;28
 7.75;3;28
 7.75;  3.25;28
 7.75;  3.25;28
7;3;39
 6.75;3;39
 6.5;3;39
 6.25;  3.25;39
6;  3.5;39
 5.75;3;93
 5.5;3;93
 5.25;3;93
5;3;93
 4.75;3;93
 4.5;3;93
 4.25;3;93
4;  3.5;93
 3.75;3;60
 3.5;3;60
 3.25;3;60
3;  3.25;60
 2.75;3;60
 2.5;3;60
 2.5;3;60
 1.25;  3.5;0
 1.25;  3.5;0
 1.25;  3.5;0
 1.25;  3.5;0
1;  3.5;0
 0.75;  3.5;0
 0.5;  3.5;0
 0.25;  3.5;0
0;  3.5;0
47;  3.75;0
 46.75;  3.75;0
 46.5;  3.75;0
 46.25;  3.75;0
46;  3.75;0
 45.75;  3.75;0
 45.5;  3.75;0
 45.25;  3.75;0
45;  3.75;0
 44.75;  3.25;0
 44.5;  3.25;0
 44.25;  3.25;0
44;  3.25;0
44;  3.25;0
44;  3.25;0
 43.25;  3.25;3
43;  3.5;158
 42.75;  3.75;158
 42.5;  3.75;158
 42.25;  3.25;140
42;  3.25;140
 41.75;  3.25;140
 41.5;  3.25;140
 41.25;  3.25;140
41;  3.25;140
 40.75;  3.25;140
 40.5;  3.25;140
 40.25;  3.25;140
40;  3.25;140
 39.75;  3.25;140
 39.5;  3.25;140
 39.25;  3.25;140
39;  3.25;140
 38.75;  3.25;140
 38.5;  3.25;140
 38.25;  3.25;140
38;  3.25;140
 37.75;  3.25;140
 37.5;  3.25;140
 37.25;  3.25;140
37;  3.25;140
 36.75;  3.25;140
36;3;191
 35.75;  3.25;191
 35.75;  3.25;191
 35.75;  3.25;191
 35.5;  3.25;191
 35.25;  3.25;191
35;  3.5;188
 34.75;  3.5;188
 34.5;  3.25;188
 34.25;  3.25;188
34;  3.25;188
 33.75;  3.25;188
 33.5;  3.25;188
 33.25;  3.25;188
33;  3.25;188
 32.75;  3.25;188
 32.5;  3.5;188
 32.25;  3.5;188
32;  3.25;18
 31.5;  3.25;18
 31.5;  3.25;18
 31.5;  3.25;18
 31.5;  3.25;18
 31.5;  3.25;18
 30.5;  3.5;170
 30.25;  3.25;170
30;  3.25;100
 29.75;  3.25;100
 29.5;  3.25;100
 29.25;  3.25;100
29;  3.25;100
 28.75;  3.25;5
 28.5;  3.25;5
 28.25;  3.25;5
28;  3.25;5
 27.75;  3.25;5
 27.5;  3.25;5
 27.25;  3.25;5
27;  3.25;5
 26.75;  3.25;5
 26.5;  3.25;5
 26.25;  3.25;5
26;  3.25;5
 25.75;  3.25;5
 25.5;  3.25;5
 25.25;  3.25;5
25;  3.25;5
 24.75;  3.25;5
 24.5;  3.25;5
 24.25;  3.25;5
24;  3.5;70
 23.75;  3.25;70
 23.5;  3.25;70
 23.25;  3.25;70
23;  3.5;70
 22.75;  3.25;70
 22.5;  3.25;70
 22.25;  3.25;70
22;  3.25;70
 21.75;  3.25;70
 21.5;  3.25;70
 21.25;  3.25;70
21;  3.25;70
 20.75;  3.25;70
 20.5;  3.25;70
 20.25;  3.25;70
20;  3.25;70
 19.75;  3.25;70
 19.5;  3.25;70
 19.25;  3.25;70
19;  3.25;70
 18.75;  3.25;70
 18.5;  3.25;70
 18.25;  3.25;70
18;  3.5;70
 17.75;  3.75;70
 17.25;  3.25;186
 17.25;  3.25;186
17;  3.25;186
17;  3.25;186
 16.5;3;186
 16.25;3;186
16;3;186
 15.75;3;186
 15.5;  3.25;43
 15.25;  3.25;43
15;  3.25;43
 14.75;  3.25;43
 14.5;  3.25;43
 14.25;  3.25;43
14;  3.25;43
 13.75;  3.75;43
 13.5;  3.75;43
13;  3.5;28
13;  3.25;28
 12.75;  3.25;28
 12.75;  3.25;28
 12.75;  3.25;28
 12.75;  3.25;28
 11.75;3;28
 10.75;  3.25;28
 10.75;  3.25;28
 10.75;  3.25;28
 10.75;  3.25;28
 10.75;  3.25;28
 10.75;  3.25;28
10;  3.75;83
 9.75;  3.5;83
 9.5;  3.5;83
 9.25;  3.75;83
9;  3.5;83
 8.75;  3.25;28
 8.5;  3.25;28
 8.25;  3.25;28
8;  3.25;28
 7.75;  3.25;28
 7.75;  3.25;28
 7.75;  3.25;28
7;  3.25;39
 6.75;  3.25;39
 6.5;  3.25;39
 6.25;  3.25;39
6;  3.5;39
 5.75;  3.25;93
 5.5;  3.25;93
 5.25;  3.25;93
5;  3.25;93
 4.75;  3.25;93
 4.5;  3.25;93
 4.25;  3.25;93
4;  3.5;93
 3.75;  3.25;60
 3.5;  3.25;60
 3.25;  3.25;60
3;  3.25;60
 2.75;  3.25;60
 2.5;  3.25;60
 2.5;  3.25;60
 2.5;  3.25;60
 1.25;  3.75;0
 1.25;  3.75;0
 1.25;  3.75;0
1;  3.75;0
 0.75;  3.75;0
 0.5;  3.75;0
 0.25;  3.75;0
0;  3.75;0
47;4;0
 46.75;4;0
 46.5;4;0
 46.25;4;0
46;4;0
 45.75;4;0
 45.5;4;0
 45.25;4;0
45;4;0
 44.75;  3.5;0
 44.5;  3.5;0
 44.25;  3.5;0
 44.25;  3.5;0
 44.25;  3.5;0
 43.5;4;3
 43.25;  3.5;3
43;  3.5;158
 42.75;  3.75;158
 42.5;  3.75;158
 42.25;  3.5;140
42;  3.5;140
 41.75;  3.5;140
 41.5;  3.5;140
 41.25;  3.5;140
41;  3.5;140
 40.75;  3.5;140
 40.5;  3.5;140
 40.25;  3.5;140
40;  3.5;140
 39.75;  3.5;140
 39.5;  3.5;140
 39.25;  3.5;140
39;  3.5;140
 38.75;  3.5;140
 38.5;  3.5;140
 38.25;  3.5;140
38;  3.5;140
 37.75;  3.5;140
 37.5;  3.5;140
 37.25;  3.5;140
37;  3.5;140
 36.75;  3.5;140
 36.75;  3.5;140
 35.75;  3.25;191
 35.75;  3.25;191
 35.75;  3.25;191
 35.5;  3.75;188
 35.25;  3.75;188
35;  3.5;188
 34.75;  3.5;188
 34.5;  3.5;188
 34.25;  3.5;188
34;  3.5;188
 33.75;  3.5;188
 33.5;  3.75;188
 33.25;  3.5;188
33;  3.5;188
 32.75;  3.5;188
 32.5;  3.5;188
 32.25;  3.5;188
32;4;2
 31.75;  3.5;2
 31.5;  3.5;2
 31.25;  3.5;2
31;  3.5;2
 30.75;  3.75;2
 30.5;  3.5;170
 30.25;  3.5;170
30;  3.75;170
 29.75;  3.5;100
 29.5;  3.5;100
 29.25;  3.5;100
29;  3.5;100
 28.75;  3.5;5
 28.5;  3.5;5
 28.25;  3.5;5
28;  3.5;5
 27.75;  3.5;5
 27.5;  3.5;5
 27.25;  3.5;5
27;  3.5;5
 26.75;  3.5;5
 26.5;  3.5;5
 26.25;  3.5;5
26;  3.5;5
 25.75;  3.5;5
 25.5;  3.5;5
 25.25;  3.5;5
25;  3.5;5
 24.75;  3.75;5
 24.5;  3.75;5
 24.25;  3.5;5
24;  3.5;70
 23.75;  3.5;70
 23.5;  3.5;70
 23.25;  3.5;70
23;  3.5;70
 22.75;  3.5;70
 22.5;  3.5;70
 22.25;  3.5;70
22;  3.5;70
 21.75;  3.5;70
 21.5;  3.5;70
 21.25;  3.5;70
21;  3.5;70
 20.75;  3.5;70
 20.5;  3.5;70
 20.25;  3.5;70
20;  3.5;70
 19.75;  3.5;70
 19.5;  3.5;70
 19.25;  3.5;70
19;  3.5;70
 18.75;  3.5;70
 18.5;  3.5;70
 18.25;  3.5;70
18;  3.5;70
 17.75;  3.75;70
 17.25;  3.25;186
 17.25;  3.25;186
17;  3.25;186
 16.75;4;160
 16.5;  3.5;160
 16.25;  3.5;160
16;  3.75;160
 15.75;  3.75;160
 15.5;  3.5;43
 15.25;  3.5;43
15;  3.5;43
 14.75;  3.5;43
 14.5;  3.5;43
 14.25;  3.5;43
14;  3.5;43
 13.75;  3.75;43
 13.5;  3.75;43
13;  3.5;28
13;  3.5;28
13;  3.5;28
 12.5;4;33
 12.25;4;33
12;  3.75;33
 11.75;  3.75;33
 11.5;  3.75;33
 11.25;  3.75;33
11;  3.75;33
 10.75;  3.5;33
 10.75;  3.25;28
10;  3.75;83
10;  3.75;83
 9.75;  3.5;83
 9.5;  3.5;83
 9.25;  3.75;83
9;  3.5;83
 8.5;  3.5;28
 8.5;  3.5;28
8;  3.5;28
8;  3.5;28
 7.75;4;129
 7.5;  3.75;129
 7.25;  3.5;129
7;  3.5;39
 6.75;  3.75;39
 6.5;  3.5;39
 6.25;  3.75;39
6;  3.5;39
 5.75;  3.5;93
 5.5;  3.5;93
 5.25;  3.5;93
5;  3.5;93
 4.75;  3.5;93
 4.5;  3.5;93
 4.25;  3.5;93
4;  3.5;93
 3.75;  3.5;60
 3.5;  3.5;60
 3.25;  3.5;60
3;  3.5;60
 2.75;  3.5;60
 2.5;  3.5;60
 2.5;  3.5;60
 2.5;  3.5;60
1;  3.75;0
1;  3.75;0
1;  3.75;0
1;4;0
 0.75;4;0
 0.5;4;0
 0.25;4;0
0;4;0
47;  4.25;0
 46.75;  4.25;0
 46.5;  4.25;0
 46.25;  4.25;0
46;  4.25;0
 45.75;  4.25;0
 45.5;  4.25;0
 45.25;  4.25;0
45;  4.25;0
 44.75;  3.75;0
 44.5;  3.75;0
 44.25;  3.75;0
 44.25;  3.75;0
 44.25;  3.75;0
 43.5;4;3
 43.25;  3.75;3
43;  3.75;158
 42.75;  3.75;158
 42.5;  3.75;158
 42.25;4;158
42;  3.75;140
 41.75;  3.75;140
 41.5;  3.75;140
 41.25;  3.75;140
41;  3.75;140
 40.75;  3.75;140
 40.5;  3.75;140
 40.25;  3.75;140
40;  3.75;140
 39.75;  3.75;140
 39.5;  3.75;140
 39.25;  3.75;140
39;  3.75;140
 38.75;  3.75;140
 38.5;  3.75;140
 38.25;  3.75;140
38;  3.75;140
 37.75;  3.75;140
 37.5;  3.75;140
 37.25;  3.75;140
37;  4.25;73
 36.75;4;73
 36.5;  4.25;73
 36.25;  4.25;73
36;4;73
 35.75;  4.25;73
 35.5;  3.75;188
 35.25;  3.75;188
35;  3.75;188
 34.75;  3.75;188
 34.5;  3.75;188
 34.25;  3.75;188
34;  3.75;188
 33.75;  3.75;188
 33.5;  3.75;188
 33.25;  3.75;188
33;  3.75;188
 32.75;  3.75;188
 32.5;  3.75;188
 32.25;  3.75;2
32;4;2
 31.75;  3.75;2
 31.5;  3.75;2
 31.25;  3.75;2
31;  3.75;2
 30.75;  3.75;2
 30.5;  3.75;170
 30.25;  3.75;170
30;  3.75;170
 29.75;  3.75;100
 29.5;  3.75;100
 29.25;  3.75;100
29;4;100
 28.75;  3.75;5
 28.5;  3.75;5
 28.25;  3.75;5
28;  3.75;5
 27.75;  3.75;5
 27.5;  3.75;5
 27.25;  3.75;5
27;  3.75;5
 26.75;  3.75;5
 26.5;  3.75;5
 26.25;4;5
26;  3.75;5
 25.75;  3.75;5
 25.5;  3.75;5
 25.25;  4.25;5
25;  3.75;5
 24.75;  3.75;5
 24.5;  3.75;5
 24.25;  3.75;5
24;  3.75;70
 23.75;  3.75;70
 23.5;  3.75;70
 23.25;  3.75;70
23;  3.75;70
 22.75;  3.75;70
 22.5;  3.75;70
 22.25;  3.75;70
22;4;70
 21.75;4;70
 21.5;  3.75;70
 21.25;  3.75;70
21;  3.75;70
 20.75;  3.75;70
 20.5;  3.75;70
 20.25;  3.75;70
20;  3.75;70
 19.75;  3.75;70
 19.5;  3.75;70
 19.25;  3.75;70
19;  3.75;70
 18.75;  3.75;70
 18.5;  3.75;70
 18.25;  3.75;70
18;  3.75;70
 17.75;  3.75;70
 17.75;4;70
 17.75;  4.25;70
 16.75;4;160
 16.75;4;160
 16.5;  3.75;160
 16.25;  3.75;160
16;  3.75;160
 15.75;  3.75;160
 15.5;  3.75;43
 15.25;  3.75;43
15;  3.75;43
 14.75;  3.75;43
 14.5;  3.75;43
 14.25;  3.75;43
14;  3.75;43
 13.75;  3.75;43
 13.5;  3.75;43
 13.25;  4.25;33
13;  4.5;33
 12.5;4;33
 12.5;4;33
 12.25;4;33
12;  3.75;33
 11.75;  3.75;33
 11.5;  3.75;33
 11.25;  3.75;33
11;  3.75;33
 10.75;  4.25;33
10;  3.75;83
10;  3.75;83
10;  3.75;83
 9.75;4;83
 9.5;  3.75;83
 9.25;  3.75;83
9;  3.75;83
 8.75;  4.25;129
 8.5;  4.25;129
 8.25;4;129
8;  3.75;129
 7.75;4;129
 7.5;  3.75;129
 7.25;  3.75;129
7;4;129
 6.75;  3.75;39
 6.5;  3.75;39
 6.25;  3.75;39
6;  3.75;39
 5.75;4;39
 5.5;  3.75;93
 5.25;  3.75;93
5;4;93
 4.75;  3.75;93
 4.5;4;93
 4.25;  3.75;93
4;  3.75;93
 3.75;  3.75;60
 3.5;  3.75;60
 3.25;4;60
3;4;60
 2.75;  3.75;60
 2.5;  3.75;60
 2.5;  3.75;60
2;  4.25;60
 1.25;  4.25;0
 1.25;  4.25;0
 1.25;  4.25;0
1;  4.25;0
 0.75;  4.25;0
 0.5;  4.25;0
 0.25;  4.25;0
0;  4.25;0
47;  4.5;0
 46.75;  4.5;0
 46.5;  4.5;0
 46.25;  4.5;0
46;  4.5;0
 45.75;  4.5;0
 45.5;  4.5;0
 45.25;  4.5;0
45;  4.5;0
 44.75;4;0
 44.5;4;0
 44.25;4;0
44;  4.25;0
44;  4.25;0
 43.5;4;3
 43.25;4;3
 42.75;  4.5;158
 42.75;4;158
 42.5;4;158
 42.25;4;158
42;4;140
 41.75;4;140
 41.5;4;140
 41.25;4;140
41;4;140
 40.75;4;140
 40.5;4;140
 40.25;4;140
40;4;140
 39.75;4;140
 39.5;4;140
 39.25;4;140
39;4;140
 38.75;4;140
 38.5;4;140
 38.25;4;140
38;4;140
 37.75;4;140
 37.5;4;140
 37.25;  4.5;73
37;  4.5;73
 36.75;4;73
 36.5;  4.25;73
 36.25;  4.25;73
36;4;73
 35.75;  4.25;73
 35.5;4;188
 35.25;4;188
35;4;188
 34.75;4;188
 34.5;4;188
 34.25;4;188
34;4;188
 33.75;4;188
 33.5;4;188
 33.25;4;188
33;4;188
 32.75;4;188
 32.5;4;2
 32.25;4;2
32;4;2
 31.75;4;2
 31.5;4;2
 31.25;4;2
31;4;2
 30.75;4;2
 30.5;4;170
 30.25;4;170
30;4;170
 29.5;  4.25;100
 29.5;4;100
 29.25;4;100
29;4;100
 28.5;  4.25;5
 28.5;4;5
 28.25;4;5
28;4;5
 27.75;4;5
 27.5;4;5
 27.25;4;5
27;4;5
 26.75;4;5
 26.5;4;5
 26.25;4;5
26;4;5
 25.75;4;5
 25.5;4;5
 25.25;  4.25;5
25;4;5
 24.75;4;5
 24.5;  4.25;5
 24.5;  4.25;5
24;4;70
 23.75;4;70
 23.5;4;70
 23.25;4;70
23;4;70
 22.75;4;70
 22.5;4;70
 22.25;4;70
22;4;70
 21.75;4;70
 21.5;  4.5;70
 21.25;4;70
21;  4.25;70
 20.75;4;70
 20.5;4;70
 20.25;4;70
20;4;70
 19.75;4;70
 19.5;4;70
 19.25;4;70
19;4;70
 18.75;4;70
 18.5;4;70
 18.25;4;70
18;4;70
 17.75;4;70
 17.75;4;70
 17.75;  4.25;70
 16.75;4;160
 16.75;4;160
 16.5;4;160
 16.25;4;160
16;4;160
16;4;160
 15.5;4;43
 15.25;4;43
15;4;43
 14.75;4;43
 14.5;4;43
 14.25;4;43
14;  4.25;43
 13.75;4;43
 13.5;4;43
 13.25;  4.25;33
13;  4.5;33
 12.5;4;33
 12.5;4;33
 12.25;4;33
12;4;33
 11.75;4;33
 11.5;4;33
 11.25;  4.25;33
11;4;33
 10.75;  4.25;33
 10.5;4;33
 10.25;  4.5;33
10;4;83
 9.75;4;83
 9.5;4;83
 9.25;4;83
9;  4.5;129
 8.75;  4.5;129
 8.5;  4.25;129
 8.25;4;129
8;  4.25;129
 7.75;4;129
 7.5;4;129
 7.25;4;129
7;4;129
 6.75;4;129
 6.5;4;39
 6.25;4;39
6;4;39
 5.75;4;39
 5.5;  4.25;39
 5.25;4;93
5;4;93
 4.75;4;93
 4.5;4;93
 4.25;4;93
4;4;93
 3.75;4;60
 3.5;4;60
 3.25;4;60
3;4;60
 2.75;4;60
 2.5;4;60
 2.25;  4.5;60
2;  4.25;60
 1.75;  4.75;60
1;  4.5;0
1;  4.5;0
1;  4.5;0
 0.75;  4.5;0
 0.5;  4.5;0
 0.25;  4.5;0
0;  4.5;0
47;  4.75;0
 46.75;  4.75;0
 46.5;  4.75;0
 46.25;  4.75;0
46;  4.75;0
 45.75;  4.75;0
 45.5;  4.75;0
 45.25;  4.75;0
 45.25;  4.75;0
 44.75;  4.25;0
 44.5;  4.25;0
 44.25;  4.25;0
44;  4.25;0
44;  4.25;0
44;  4.25;0
 43.25;  4.25;3
 42.75;  4.5;158
 42.75;  4.25;158
 42.5;  4.5;158
 42.25;  4.25;158
 41.75;  4.25;140
 41.75;  4.25;140
 41.5;  4.25;140
 41.25;  4.25;140
41;  4.25;140
 40.75;  4.25;140
 40.5;  4.25;140
 40.25;  4.25;140
40;  4.25;140
 39.75;  4.25;140
 39.5;  4.25;140
 39.25;  4.25;140
39;  4.25;140
 38.75;  4.25;140
 38.5;  4.25;140
 38.25;  4.25;140
38;  4.25;140
 37.75;  4.25;140
 37.5;  4.5;73
 37.25;  4.5;73
37;  4.5;73
 36.75;  4.25;73
 36.5;  4.25;73
 36.25;  4.25;73
36;  4.25;73
 35.75;  4.25;73
 35.5;  4.25;188
 35.25;  4.25;188
35;  4.25;188
 34.75;  4.25;188
 34.5;  4.25;188
 34.25;  4.25;188
34;  4.25;188
 33.75;  4.25;188
 33.5;  4.25;188
 33.25;  4.5;2
33;  4.25;2
 32.75;  4.25;2
 32.5;  4.25;2
 32.25;  4.25;2
32;  4.25;2
 31.75;  4.25;2
 31.5;  4.25;2
 31.25;  4.25;2
31;  4.25;2
 30.75;  4.25;2
 30.5;  4.5;2
 30.25;  4.25;170
30;  4.25;170
 29.5;  4.25;100
 29.5;  4.25;100
 29.25;  4.25;100
29;  4.25;100
 28.5;  4.25;5
 28.5;  4.25;5
 28.25;  4.25;5
28;  4.25;5
 27.75;  4.25;5
 27.5;  4.25;5
 27.25;  4.25;5
27;  4.5;5
 26.75;  4.25;5
 26.5;  4.25;5
 26.25;  4.25;5
26;  4.25;5
 25.75;  4.25;5
 25.5;  4.25;5
 25.25;  4.25;5
25;  4.25;5
 24.75;  4.25;5
 24.5;  4.25;5
 24.5;  4.5;5
24;  4.25;70
 23.75;  4.25;70
 23.5;  4.25;70
 23.25;  4.25;70
23;  4.25;70
 22.75;  4.5;70
 22.5;  4.25;70
 22.25;  4.25;70
22;  4.25;70
 21.75;  4.25;70
 21.5;  4.5;70
 21.25;  4.25;70
21;  4.25;70
 20.75;  4.25;70
 20.5;  4.25;70
 20.25;  4.25;70
20;  4.25;70
 19.75;  4.25;70
 19.5;  4.25;70
 19.25;  4.25;70
19;  4.25;70
 18.75;  4.25;70
 18.5;  4.25;70
 18.25;  4.25;70
18;  4.25;70
 17.75;  4.25;70
 17.75;  4.25;70
 17.75;  4.25;70
 16.75;  4.25;160
 16.75;  4.25;160
 16.5;  4.25;160
 16.25;  4.25;160
16;  4.25;160
 15.75;  4.5;43
 15.5;  4.25;43
 15.25;  4.25;43
15;  4.25;43
 14.75;  4.25;43
 14.5;  4.25;43
 14.25;  4.25;43
14;  4.25;43
 13.75;  4.25;43
 13.75;  4.25;43
 13.25;  4.25;33
13;  4.5;33
 12.75;  4.75;33
 12.5;  4.5;33
 12.25;  4.25;33
12;  4.5;33
 11.75;  4.25;33
 11.5;  4.25;33
 11.25;  4.25;33
11;  4.25;33
 10.75;  4.25;33
 10.5;  4.5;33
 10.25;  4.5;33
 9.75;  4.5;83
 9.75;  4.25;83
 9.5;  4.25;83
 9.25;  4.25;83
9;  4.5;129
 8.75;  4.5;129
 8.5;  4.25;129
 8.25;  4.25;129
8;  4.25;129
 7.75;  4.25;129
 7.5;  4.25;129
 7.25;  4.25;129
7;  4.25;129
 6.75;  4.25;129
 6.5;  4.5;129
 6.25;  4.25;39
6;  4.25;39
 5.75;  4.25;39
 5.5;  4.25;39
 5.25;  4.5;39
5;  4.75;39
 4.75;  4.25;93
 4.5;  4.25;93
 4.25;  4.25;93
4;  4.25;93
 3.75;  4.5;60
 3.5;  4.25;60
 3.25;  4.25;60
3;  4.25;60
 2.75;  4.25;60
 2.5;  4.25;60
 2.25;  4.5;60
2;  4.25;60
 1.75;  4.75;60
 1.75;  4.75;60
1;5;0
1;5;0
 0.75;  4.75;0
 0.5;  4.75;0
 0.25;  4.75;0
0;  4.75;0
47;5;0
 46.75;5;0
 46.5;5;0
 46.25;5;0
46;5;0
 45.75;5;0
 45.5;5;0
 45.25;5;0
45;5;0
 44.75;  4.5;0
 44.5;  4.5;0
 44.25;  4.5;0
 44.25;  4.5;0
 44.25;  4.5;0
 43.5;5;3
 43.25;  4.5;3
 42.75;  4.5;158
 42.75;  4.5;158
 42.5;  4.5;158
 42.25;  4.5;158
 42.25;  4.5;158
 41.5;  4.5;140
 41.5;  4.5;140
 41.25;  4.5;140
41;  4.5;140
 40.75;  4.5;140
 40.5;  4.5;140
 40.25;  4.5;140
40;  4.5;140
 39.75;  4.5;140
 39.5;  4.5;140
 39.25;  4.5;140
39;  4.5;140
 38.75;  4.5;140
 38.5;  4.5;140
 38.25;  4.5;140
38;  4.5;140
 37.75;  4.5;73
 37.5;  4.5;73
 37.25;  4.5;73
37;  4.5;73
 36.75;  4.5;73
 36.5;  4.5;73
 36.25;  4.75;73
36;  4.5;73
 35.75;  4.5;73
 35.5;  4.75;188
 35.25;  4.5;188
35;  4.5;188
 34.75;  4.5;188
 34.5;  4.5;188
 34.25;  4.5;188
34;  4.5;188
 33.75;  4.75;2
 33.5;  4.5;2
 33.25;  4.5;2
33;  4.5;2
 32.75;  4.5;2
 32.5;  4.5;2
 32.25;  4.5;2
32;  4.5;2
 31.75;  4.5;2
 31.5;  4.5;2
 31.25;  4.5;2
31;  4.5;2
 30.75;  4.5;2
 30.5;  4.5;2
 30.25;  4.5;170
30;  4.75;170
 29.25;  4.5;100
 29.25;  4.5;100
 29.25;  4.25;100
29;  4.25;100
 28.25;  4.5;5
 28.25;  4.5;5
 28.25;  4.5;5
28;  4.5;5
 27.75;  4.5;5
 27.5;  4.5;5
 27.25;  4.5;5
27;  4.5;5
 26.75;  4.5;5
 26.5;  4.5;5
 26.25;  4.5;5
26;  4.5;5
 25.75;  4.5;5
 25.5;  4.5;5
 25.25;  4.5;5
25;  4.5;5
 24.75;  4.5;5
 24.5;  4.5;5
 24.5;  4.5;5
24;  4.5;70
 23.75;  4.5;70
 23.5;  4.5;70
 23.25;  4.5;70
23;  4.5;70
 22.75;  4.5;70
 22.5;  4.5;70
 22.25;  4.5;70
22;  4.5;70
 21.75;  4.5;70
 21.5;  4.5;70
 21.25;  4.5;70
21;  4.5;70
 20.75;  4.5;70
 20.5;  4.5;70
 20.25;  4.5;70
20;  4.5;70
 19.75;  4.5;70
 19.5;  4.5;70
 19.25;  4.5;70
19;  4.5;70
 18.75;  4.5;70
 18.5;  4.5;70
 18.25;  4.5;70
18;  4.5;70
 17.75;  4.5;70
 17.5;  5.25;70
 17.5;  5.25;70
 16.75;  4.5;160
 16.75;  4.5;160
 16.5;  4.5;160
 16.25;  4.5;160
16;  4.5;160
 15.75;  4.5;43
 15.5;  4.5;43
 15.25;  4.5;43
15;  4.5;43
 14.75;  4.5;43
 14.5;  4.5;43
 14.25;  4.5;43
14;  4.5;43
 14.25;5;43
 13.5;5;33
 13.25;  4.75;33
13;  4.5;33
 12.75;  4.75;33
 12.5;  4.5;33
 12.25;  4.5;33
12;  4.5;33
 11.75;  4.5;33
 11.5;  4.75;33
 11.25;  4.5;33
11;  4.5;33
 10.75;  4.5;33
 10.5;  4.5;33
 10.25;  4.5;33
 9.75;  4.5;83
 9.75;  4.5;83
 9.5;  4.5;83
 9.5;  4.5;83
9;  4.5;129
 8.75;  4.5;129
 8.5;  4.5;129
 8.25;  4.5;129
8;  4.5;129
 7.75;  4.5;129
 7.5;  4.5;129
 7.25;  4.5;129
7;  4.5;129
 6.75;  4.5;129
 6.5;  4.5;129
 6.25;  4.75;129
6;  4.5;39
 5.75;  4.5;39
 5.5;  4.75;39
 5.25;  4.5;39
5;  4.75;39
 4.75;  4.5;93
 4.5;  4.5;93
 4.25;  4.75;93
4;  4.5;93
 3.75;  4.5;60
 3.5;  4.5;60
 3.25;  4.5;60
3;  4.5;60
 2.75;  4.5;60
 2.5;  4.75;60
 2.25;  4.5;60
2;  4.5;60
 1.75;  4.75;60
1;5;0
1;5;0
1;5;0
 0.75;5;0
 0.5;5;0
 0.25;5;0
0;5;0
47;  5.25;0
 46.75;  5.25;0
 46.5;  5.25;0
 46.25;  5.25;0
46;  5.25;0
 45.75;  5.25;0
 45.5;  5.25;0
 45.25;  5.25;0
45;5;0
 44.75;  4.75;0
 44.5;  4.75;0
 44.25;  4.75;0
 44.25;  4.75;0
 44.25;  4.75;0
 43.5;5;3
 43.25;  4.75;3
 42.75;  4.75;158
 42.75;  4.75;158
 42.5;  4.75;158
 42.25;  4.75;158
42;  5.25;142
 41.75;5;142
 41.5;  4.75;142
 41.25;5;142
41;  5.25;142
 40.5;  4.75;140
 40.5;  4.75;140
 40.25;  4.75;140
40;  4.75;140
 39.75;  4.75;140
 39.5;  4.75;140
 39.25;  4.75;140
39;  4.75;140
 38.75;  4.75;140
 38.5;  4.75;140
 38.5;5;140
38;  5.25;73
 37.75;  5.25;73
 37.5;  4.75;73
 37.25;5;73
37;  4.75;73
 36.75;  4.75;73
 36.5;  4.75;73
 36.25;  4.75;73
36;  4.75;73
 35.75;  4.75;73
 35.5;  4.75;188
 35.25;  4.75;188
35;  4.75;188
 34.75;  4.75;188
 34.5;5;2
 34.25;  4.75;2
34;5;2
 33.75;  4.75;2
 33.5;  4.75;2
 33.25;  4.75;2
33;  4.75;2
 32.75;  4.75;2
 32.5;  4.75;2
 32.25;  4.75;2
32;  4.75;2
 31.75;  4.75;2
 31.5;  4.75;2
 31.25;  4.75;2
31;5;2
 30.75;  4.75;2
 30.5;  4.75;2
 30.25;  4.75;170
30;  4.75;170
 29.75;  5.25;52
 29.5;5;52
 29.25;  5.25;52
29;5;52
 28.75;5;52
 28.5;  4.75;52
 28.25;5;52
28;5;52
 27.75;  4.75;5
 27.5;  4.75;5
 27.25;  4.75;5
27;  4.75;5
 26.75;  4.75;5
 26.5;  4.75;5
 26.25;  4.75;5
26;  4.75;5
 25.75;  4.75;5
 25.5;  4.75;5
 25.25;  4.75;5
25;  4.75;5
 24.75;  4.75;5
 24.5;  5.25;44
 24.25;  4.75;44
24;5;44
 23.75;  4.75;70
 23.5;  4.75;70
 23.25;  4.75;70
23;  4.75;70
 22.75;  4.75;70
 22.5;  4.75;70
 22.25;  4.75;70
22;  4.75;70
 21.75;  4.75;70
 21.5;  4.75;70
 21.25;  4.75;70
21;5;70
 20.75;  4.75;70
 20.5;  4.75;70
 20.25;  4.75;70
20;  4.75;70
 19.75;  4.75;70
 19.5;  4.75;70
 19.25;  4.75;70
19;  4.75;70
 18.75;  4.75;70
 18.5;  4.75;70
 18.25;  4.75;70
18;  4.75;70
 17.75;  4.75;70
 17.5;  5.25;70
 17.5;  5.25;70
 16.75;5;160
 16.75;5;160
 16.5;  4.75;160
 16.25;  4.75;160
16;  5.25;43
 15.75;  4.75;43
 15.5;  4.75;43
 15.25;  4.75;43
15;  4.75;43
 14.75;  4.75;43
 14.5;  4.75;43
 14.25;  4.75;43
 14.25;5;43
 14.25;5;43
 13.5;5;33
 13.25;  4.75;33
13;  4.75;33
 12.75;  4.75;33
 12.5;  4.75;33
 12.25;  4.75;33
12;5;33
 11.75;5;33
 11.5;  4.75;33
 11.25;  4.75;33
11;5;33
 10.75;  4.75;33
 10.5;5;33
 10.25;  4.75;33
 9.75;  4.75;83
 9.75;  4.75;83
 9.75;  4.75;83
 9.25;5;129
9;  4.75;129
 8.75;  4.75;129
 8.5;  4.75;129
 8.25;  4.75;129
8;  4.75;129
 7.75;  4.75;129
 7.5;5;129
 7.25;5;129
7;  4.75;129
 6.75;  4.75;129
 6.5;  4.75;129
 6.25;  4.75;129
6;  4.75;39
 5.75;  4.75;39
 5.5;  4.75;39
 5.25;  4.75;39
5;  4.75;39
 4.75;  5.25;39
 4.5;  4.75;93
 4.25;  4.75;93
4;  4.75;93
 3.5;5;60
 3.5;  4.75;60
 3.25;  4.75;60
3;  4.75;60
 2.75;  4.75;60
 2.5;  4.75;60
 2.25;  4.75;60
2;5;60
 1.75;  4.75;60
 1.75;5;60
 0.75;  5.25;0
 0.75;  5.25;0
 0.75;  5.25;0
 0.5;  5.25;0
 0.25;  5.25;0
0;  5.25;0
47;  5.5;0
 46.75;  5.5;0
 46.5;  5.5;0
 46.25;  5.5;0
46;  5.5;0
 45.75;  5.5;0
 45.5;  5.5;0
 45.25;  5.5;0
 45.25;  5.5;0
 44.75;5;0
 44.5;5;0
 44.25;5;0
 44.25;5;0
 44.25;5;0
 43.5;5;3
 43.25;5;3
43;  5.5;3
 42.75;5;158
 42.5;5;158
 42.25;  5.5;142
42;  5.25;142
 41.75;5;142
 41.5;5;142
 41.25;5;142
41;  5.5;142
 40.75;  5.25;142
 40.5;  5.5;142
 40.25;  5.25;142
 39.75;5;140
 39.75;5;140
 39.5;5;140
 39.25;5;140
 38.5;5;140
 38.5;5;140
 38.5;5;140
 38.5;5;140
38;  5.25;73
 37.75;  5.25;73
 37.5;5;73
 37.25;5;73
37;5;73
 36.75;5;73
 36.5;5;73
 36.25;5;73
36;5;73
 35.75;5;73
 35.25;5;188
 35.25;5;188
35;5;188
 34.75;5;2
 34.5;5;2
 34.25;5;2
34;5;2
 33.75;5;2
 33.5;5;2
 33.25;5;2
33;5;2
 32.75;5;2
 32.5;5;2
 32.25;5;2
32;5;2
 31.75;5;2
 31.5;5;2
 31.25;5;2
31;5;2
 30.5;5;2
 30.5;5;2
 30.25;  4.75;170
30;  5.25;52
 29.75;  5.25;52
 29.5;5;52
 29.25;  5.25;52
29;5;52
 28.75;5;52
 28.5;5;52
 28.25;5;52
28;5;52
 27.75;  5.5;52
 27.5;  5.5;52
 27.25;5;5
27;  5.25;5
 26.75;5;5
 26.5;5;5
 26.25;  5.25;5
26;5;5
 25.75;  5.25;5
 25.5;  5.25;5
 25.25;  5.25;5
25;5;5
 24.75;5;5
 24.5;  5.25;44
 24.25;5;44
24;5;44
 23.75;5;70
 23.5;5;70
 23.25;5;70
23;5;70
 22.75;5;70
 22.5;5;70
 22.25;5;70
22;5;70
 21.75;5;70
 21.5;5;70
 21.25;5;70
21;5;70
 20.75;5;70
 20.5;5;70
 20.25;5;70
20;5;70
 19.75;5;70
 19.5;5;70
 19.25;5;70
19;5;70
 18.75;5;70
 18.5;5;70
 18.25;5;70
18;5;70
 17.75;5;70
 17.5;  5.25;70
 17.5;  5.25;70
17;  5.75;160
 16.75;5;160
 16.5;5;160
 16.25;5;160
16;  5.25;43
 15.75;5;43
 15.5;5;43
 15.25;5;43
15;5;43
 14.75;5;43
 14.5;  5.25;43
 14.25;5;43
 14.25;5;43
 14.25;5;43
 13.25;  5.25;33
 13.25;  5.25;33
 12.75;5;33
 12.75;5;33
 12.5;5;33
 12.25;5;33
12;5;33
 11.75;5;33
 11.5;5;33
 11.25;5;33
11;5;33
 10.75;  5.25;33
 10.5;5;33
 10.25;5;33
 9.75;5;83
 9.75;5;83
 9.5;5;129
 9.25;5;129
9;5;129
 8.75;5;129
 8.5;5;129
 8.25;5;129
8;5;129
 7.75;5;129
 7.5;5;129
 7.25;5;129
7;  5.25;129
 6.75;5;129
 6.5;  5.5;129
 6.25;  5.25;129
6;5;129
 5.75;5;39
 5.5;5;39
 5.25;5;39
5;5;39
 4.75;  5.25;39
 4.5;  5.25;93
 4.25;5;93
4;  5.25;93
 3.5;5;60
 3.5;5;60
3;5;60
3;5;60
 2.5;5;60
 2.5;5;60
 2.25;5;60
2;5;60
 1.75;5;60
 1.75;5;60
 0.75;  5.5;0
 0.75;  5.5;0
 0.75;  5.5;0
 0.5;  5.5;0
 0.25;  5.5;0
0;  5.5;0
47;  5.75;0
 46.75;  5.75;0
 46.5;  5.75;0
 46.25;  5.75;0
46;  5.75;0
 45.75;  5.75;0
 45.5;  5.75;0
 45.25;  5.75;0
 45.25;  5.75;0
 44.75;  5.25;0
 44.5;  5.25;0
 44.25;  5.25;0
44;  5.5;0
44;  5.5;0
 43.5;  5.25;3
 43.25;  5.5;3
 43.25;  5.5;3
 42.75;  5.25;158
 42.5;  5.75;142
 42.25;  5.5;142
42;  5.25;142
 41.75;  5.25;142
 41.5;  5.25;142
 41.25;  5.25;142
41;  5.5;142
 40.75;  5.25;142
 40.5;  5.5;142
 40.25;  5.25;142
40;  5.5;142
 39.75;  5.5;142
 39.5;  5.25;142
 39.25;  5.5;142
39;  5.25;142
 38.75;  5.25;142
 38.5;  5.5;142
 38.25;  5.75;142
38;  5.25;73
 37.75;  5.25;73
 37.5;  5.25;73
 37.25;  5.25;73
37;  5.5;73
 36.75;  5.25;73
 36.5;  5.25;73
 36.25;  5.25;73
 36.25;  5.5;73
 36.25;  5.5;73
 35.25;5;188
 35.25;5;188
35;5;188
 34.75;  5.25;2
 34.5;  5.25;2
 34.25;  5.25;2
34;  5.25;2
 33.75;  5.25;2
 33.5;  5.25;2
 33.25;  5.25;2
33;  5.25;2
 32.75;  5.25;2
 32.5;  5.25;2
 32.25;  5.25;2
32;  5.25;2
 31.75;  5.25;2
 31.5;  5.25;2
 31.25;  5.25;2
31;  5.25;2
 30.5;  5.25;2
 30.5;  5.25;2
 30.5;  5.25;2
30;  5.25;52
 29.75;  5.25;52
 29.5;  5.25;52
 29.25;  5.25;52
29;  5.25;52
 28.75;  5.25;52
 28.5;  5.5;52
 28.25;  5.5;52
28;  5.25;52
 27.75;  5.5;52
 27.5;  5.5;52
 27.25;  5.5;52
27;  5.25;5
 26.75;  5.25;5
 26.5;  5.25;5
 26.25;  5.25;5
26;  5.25;5
 25.75;  5.25;5
 25.5;  5.25;5
 25.25;  5.25;5
25;  5.25;5
 24.75;  5.25;5
 24.5;  5.25;44
 24.25;  5.25;44
24;  5.25;44
 23.75;  5.75;44
 23.5;  5.25;70
 23.25;  5.25;70
23;  5.25;70
 22.75;  5.25;70
 22.5;  5.25;70
 22.25;  5.25;70
22;  5.25;70
 21.75;  5.25;70
 21.5;  5.25;70
 21.25;  5.25;70
21;  5.25;70
 20.75;  5.25;70
 20.5;  5.25;70
 20.25;  5.25;70
20;  5.25;70
 19.75;  5.25;70
 19.5;  5.25;70
 19.25;  5.25;70
19;  5.25;70
 18.75;  5.25;70
 18.5;  5.25;70
 18.25;  5.25;70
18;  5.25;70
 17.75;  5.25;70
 17.5;  5.25;70
 17.5;  5.25;70
17;  5.75;160
 16.75;  5.25;160
 16.5;  5.25;160
 16.25;  5.25;160
16;  5.25;43
 15.75;  5.25;43
 15.5;  5.25;43
 15.25;  5.25;43
15;  5.25;43
 14.75;  5.25;43
 14.5;  5.25;43
 14.5;  5.25;43
 14.5;  5.25;43
 13.75;  5.75;168
 13.5;  5.25;168
 13.25;  5.25;33
 12.75;  5.5;33
 12.75;  5.5;33
 12.5;  5.5;33
 12.25;  5.25;33
12;  5.25;33
 11.75;  5.25;33
 11.5;  5.25;33
 11.25;  5.25;33
11;  5.25;33
 10.75;  5.25;33
 10.5;  5.5;33
 10.25;  5.5;33
 10.25;  5.5;33
 9.75;  5.75;129
 9.5;  5.25;129
 9.25;  5.25;129
9;  5.25;129
 8.75;  5.25;129
 8.5;  5.25;129
 8.25;  5.25;129
8;6;129
 7.75;  5.25;129
 7.5;  5.25;129
 7.25;  5.25;129
7;  5.25;129
 6.75;  5.75;129
 6.5;  5.5;129
 6.25;  5.25;129
6;  5.25;129
 5.75;  5.75;129
 5.5;  5.25;39
 5.25;  5.25;39
5;  5.25;39
 4.75;  5.25;39
 4.5;  5.25;93
 4.25;  5.25;93
4;  5.25;93
 3.75;  5.75;146
 3.5;5;60
 2.5;  5.25;60
 2.5;  5.25;60
 2.5;  5.25;60
 2.5;  5.25;60
 2.25;  5.25;60
2;  5.25;60
 1.75;  5.25;60
 1.75;  5.25;60
 0.75;  5.75;0
 0.75;  5.75;0
 0.75;  5.75;0
 0.5;  5.75;0
 0.25;  5.75;0
0;  5.75;0
47;6;0
 46.75;6;0
 46.5;6;0
 46.25;6;0
46;6;0
 45.75;6;0
 45.5;6;0
 45.25;6;0
 45.25;6;0
 44.75;  5.5;0
 44.5;  5.5;0
 44.25;  5.5;0
44;  5.5;0
44;  5.5;0
44;  5.5;0
 43.25;  5.5;3
 43.25;  5.5;3
 42.75;  5.5;158
 42.5;  5.75;142
 42.25;  5.5;142
42;  5.5;142
 41.75;  5.5;142
 41.5;  5.5;142
 41.25;  5.5;142
41;  5.5;142
 40.75;  5.5;142
 40.5;  5.5;142
 40.25;  5.5;142
40;  5.5;142
 39.75;  5.5;142
 39.5;  5.5;142
 39.25;  5.5;142
39;  5.5;142
 38.75;  5.5;142
 38.5;  5.5;142
 38.25;  5.75;142
38;6;142
 37.75;  5.5;73
 37.5;  5.5;73
 37.25;  5.5;73
37;  5.5;73
 36.75;  5.5;73
 36.25;  5.75;73
 36.25;  5.5;73
 36.25;  5.5;73
 35.75;  5.75;12
 35.5;  5.5;12
 35.25;  5.5;12
35;  5.75;12
 34.5;  5.5;2
 34.5;  5.5;2
 34.25;  5.5;2
34;  5.5;2
 33.75;  5.5;2
 33.5;  5.5;2
 33.25;  5.5;2
33;  5.5;2
 32.75;  5.5;2
 32.5;  5.5;2
 32.25;  5.5;2
32;  5.5;2
 31.75;  5.5;2
 31.5;  5.5;2
 31.25;  5.5;2
31;  5.5;2
31;  5.5;2
 30.5;  5.25;2
30;  5.5;52
30;  5.5;52
 29.75;  5.75;52
 29.5;  5.5;52
 29.25;  5.5;52
29;  5.5;52
 28.75;  5.75;52
 28.5;  5.5;52
 28.25;  5.5;52
28;  5.5;52
 27.75;  5.5;52
 27.5;  5.5;52
 27.25;  5.5;52
 26.25;  5.5;5
 26.25;  5.5;5
 26.25;  5.5;5
 26.25;  5.5;5
26;  5.5;5
 25.75;  5.5;5
 25.5;  5.5;5
 25.25;  5.5;5
 25.25;  5.5;5
 25.25;  5.5;5
 24.5;  5.5;44
 24.25;  5.75;44
24;  5.5;44
 23.75;  5.75;44
 23.5;  5.5;70
 23.25;  5.5;70
23;  5.5;70
 22.75;  5.5;70
 22.5;  5.5;70
 22.25;  5.5;70
22;  5.5;70
 21.75;  5.5;70
 21.5;  5.5;70
 21.25;  5.5;70
21;  5.5;70
 20.75;  5.75;70
 20.5;  5.5;70
 20.25;  5.5;70
20;  5.5;70
 19.75;  5.5;70
 19.5;  5.5;70
 19.25;  5.5;70
19;  5.5;70
 18.75;  5.5;70
 18.5;  5.5;70
 18.25;  5.5;70
18;  5.5;70
 17.75;  5.5;70
 17.5;  5.5;70
 17.5;  5.75;70
17;  5.75;160
 16.75;  5.5;160
 16.5;  5.5;160
 16.25;  5.5;160
16;  5.5;43
 15.75;  5.5;43
 15.5;  5.5;43
 15.25;  5.5;43
15;  5.5;43
 14.75;  5.5;43
 14.5;  5.5;43
 14.5;  5.5;43
14;  5.75;168
 13.75;  5.75;168
 13.5;  5.5;168
 13.25;  5.5;168
13;  5.75;168
 12.75;  5.5;33
 12.5;  5.5;33
12;  5.75;33
12;  5.75;33
 11.75;  5.75;33
 11.5;  5.5;33
 11.25;  5.5;33
11;  5.5;33
 10.75;  5.5;33
 10.5;  5.5;33
 10.25;  5.5;33
10;  5.75;129
 9.75;  5.75;129
 9.5;  5.5;129
 9.25;  5.5;129
9;  5.5;129
 8.75;  5.5;129
 8.5;  5.5;129
 8.25;  5.5;129
8;6;129
 7.75;  5.5;129
 7.5;  5.5;129
 7.25;  5.5;129
7;  5.5;129
 6.75;  5.75;129
 6.5;  5.5;129
 6.25;  5.5;129
6;6;129
 5.75;  5.75;129
 5.5;  5.75;129
 5.25;  5.5;39
5;  5.5;39
 4.75;  5.5;39
 4.5;  5.5;39
 4.25;  5.75;39
4;  5.5;93
 3.75;6;146
 3.5;  5.75;146
 3.25;  5.75;146
3;  5.75;146
 2.75;6;146
 2.5;  5.5;60
 2.25;  5.5;60
2;  5.5;60
 1.75;  5.75;60
 1.75;  5.75;60
1;  6.25;0
1;  6.25;0
 0.75;6;0
 0.5;6;0
 0.25;6;0
0;6;0
47;  6.25;0
 46.75;  6.25;0
 46.5;  6.25;0
 46.25;  6.25;0
46;  6.25;0
 45.75;  6.25;0
 45.5;  6.25;0
 45.25;  6.25;0
45;  5.75;0
 44.75;  5.75;0
 44.5;  5.75;0
 44.25;  5.75;0
 44.25;  5.75;0
 44.25;  5.75;0
 43.25;6;3
 43.25;  5.75;3
43;  6.25;142
 42.75;  6.25;142
 42.5;  5.75;142
 42.25;  5.75;142
42;  5.75;142
 41.75;  5.75;142
 41.5;  5.75;142
 41.25;  5.75;142
41;  5.75;142
 40.75;  5.75;142
 40.5;  5.75;142
 40.25;  5.75;142
40;  5.75;142
 39.75;  5.75;142
 39.5;  5.75;142
 39.25;  5.75;142
39;  5.75;142
 38.75;  5.75;142
 38.5;  5.75;142
 38.25;  5.75;142
38;6;142
 37.75;  5.75;73
 37.5;  5.75;73
 37.25;  5.75;73
37;  5.75;73
 36.75;  5.75;73
 36.5;  6.25;12
 36.25;  6.25;12
36;6;12
 35.75;  5.75;12
 35.5;  5.75;12
 35.25;  5.75;12
35;  5.75;12
 34.75;6;12
 34.5;6;12
 34.25;  5.75;2
34;  5.75;2
 33.75;  5.75;2
 33.5;  5.75;2
 33.25;  5.75;2
33;  5.75;2
 32.75;  5.75;2
 32.5;  5.75;2
 32.25;  5.75;2
32;  5.75;2
 31.75;  5.75;2
 31.5;  5.75;2
 31.25;6;85
31;6;85
 30.75;  5.75;85
 30.5;  5.75;85
 30.25;  5.75;85
30;  5.75;52
 29.75;  5.75;52
 29.5;  5.75;52
 29.25;  5.75;52
29;  5.75;52
 28.75;  5.75;52
 28.5;  5.75;52
 28.25;  5.75;52
28;  5.75;52
 27.75;  5.75;52
 27.25;  5.75;52
 27.25;  5.75;52
27;6;77
 26.75;  5.75;77
 26.5;6;77
 26.25;  6.25;77
26;  5.75;5
 25.75;  5.75;5
 25.5;  5.75;5
 25.25;6;102
25;  5.75;102
 24.75;  6.25;102
 24.5;  5.75;44
 24.25;  5.75;44
24;  5.75;44
 23.75;  5.75;44
 23.5;  5.75;70
 23.25;  5.75;70
23;  5.75;70
 22.75;  5.75;70
 22.5;  5.75;70
 22.25;  5.75;70
22;  5.75;70
 21.75;  5.75;70
 21.5;  5.75;70
 21.25;  5.75;70
21;  5.75;70
 20.75;  5.75;70
 20.5;  5.75;70
 20.25;  5.75;70
20;  5.75;70
 19.75;  5.75;70
 19.5;  5.75;70
 19.25;  5.75;70
19;  5.75;70
 18.75;  5.75;70
 18.5;  5.75;70
 18.25;  5.75;70
18;  5.75;70
 17.75;  5.75;70
 17.5;  5.75;70
 17.5;  5.75;70
17;  5.75;160
 16.75;  5.75;160
 16.5;  5.75;160
 16.25;  5.75;160
16;6;160
 15.75;  5.75;43
 15.5;  5.75;43
 15.25;  5.75;43
15;  5.75;43
 14.75;  6.25;168
 14.5;6;168
 14.25;  5.75;168
14;  5.75;168
 13.75;  5.75;168
 13.5;  5.75;168
 13.25;  5.75;168
13;  5.75;168
 12.75;6;168
 12.5;  5.75;33
12;  5.75;33
12;  5.75;33
 11.75;  5.75;33
 11.5;6;33
 11.25;  5.75;33
11;  5.75;33
 10.75;  5.75;33
 10.25;  5.75;33
 10.25;  5.75;33
10;  5.75;129
 9.75;  5.75;129
 9.5;6;129
 9.25;  5.75;129
9;  5.75;129
 8.75;  5.75;129
 8.5;  5.75;129
 8.25;  5.75;129
8;6;129
 7.75;  5.75;129
 7.5;6;129
 7.25;  5.75;129
7;6;129
 6.75;  5.75;129
 6.5;  5.75;129
 6.25;  5.75;129
6;6;129
 5.75;  5.75;129
 5.5;  5.75;129
 5.25;  6.25;129
5;  5.75;39
 4.75;  5.75;39
 4.5;  5.75;39
 4.25;  5.75;39
4;  6.25;146
 3.75;6;146
 3.5;  5.75;146
 3.25;  5.75;146
3;  5.75;146
 2.75;6;146
 2.5;  6.25;146
 2.25;  6.25;146
2;  6.25;60
 1.75;  5.75;60
1;  6.25;0
1;  6.25;0
1;  6.25;0
 0.75;  6.25;0
 0.5;  6.25;0
 0.25;  6.25;0
0;  6.25;0
47;  6.5;0
 46.75;  6.5;0
 46.5;  6.5;0
 46.25;  6.5;0
46;  6.5;0
 45.75;  6.5;0
 45.5;  6.5;0
 45.25;  6.5;0
45;6;0
 44.75;6;0
 44.5;6;0
 44.25;6;0
 44.25;6;0
 44.25;6;0
 43.5;  6.5;142
 43.25;  6.5;142
43;  6.25;142
 42.75;  6.25;142
 42.5;6;142
 42.25;6;142
42;6;142
 41.75;6;142
 41.5;6;142
 41.25;6;142
41;6;142
 40.75;6;142
 40.5;6;142
 40.25;6;142
40;6;142
 39.75;6;142
 39.5;6;142
 39.25;6;142
39;6;142
 38.75;6;142
 38.5;6;142
 38.25;6;142
38;6;142
 37.75;  6.5;142
 37.5;6;73
 37.25;6;73
37;6;73
 36.75;6;73
 36.5;  6.25;12
 36.25;  6.25;12
36;6;12
 35.75;6;12
 35.5;6;12
 35.25;6;12
35;6;12
 34.75;6;12
 34.5;6;12
 34.25;  6.5;12
34;6;2
 33.75;6;2
 33.5;6;2
 33.25;6;2
33;6;2
 32.75;6;2
 32.5;  6.25;2
 32.25;6;2
32;6;2
 31.75;  6.25;85
 31.5;6;85
 31.25;6;85
31;6;85
 30.75;6;85
 30.5;6;85
 30.5;6;85
30;6;52
 29.75;6;52
 29.25;6;52
 29.25;6;52
29;6;52
 28.75;6;52
 28.5;6;52
 28.25;6;52
28;  6.5;77
 27.75;  6.25;77
 27.5;  6.5;77
 27.25;6;77
27;6;77
 26.75;6;77
 26.5;6;77
 26.25;  6.25;77
26;  6.25;77
 25.75;  6.5;77
 25.5;  6.25;102
 25.25;6;102
25;6;102
 24.75;  6.25;102
 24.5;  6.5;102
 24.25;6;44
24;6;44
 23.75;6;44
 23.5;6;70
 23.25;6;70
23;6;70
 22.75;6;70
 22.5;6;70
 22.25;6;70
22;6;70
 21.75;6;70
 21.5;6;70
 21.25;6;70
21;6;70
 20.75;6;70
 20.5;6;70
 20.25;6;70
20;6;70
 19.75;6;70
 19.5;6;70
 19.25;6;70
19;6;70
 18.75;6;70
 18.5;6;70
 18.25;6;70
 17.75;6;70
 17.75;6;70
 17.5;  6.25;121
 17.5;  6.25;121
17;6;160
 16.75;6;160
 16.5;6;160
 16.25;6;160
16;6;160
 15.5;6;43
 15.5;6;43
 15.25;6;43
15;  6.25;168
 14.75;  6.25;168
 14.5;6;168
 14.25;  6.25;168
14;6;168
 13.75;6;168
 13.5;  6.25;168
 13.25;6;168
13;6;168
 12.75;6;168
 12.5;  6.25;168
 12.25;  6.5;168
 11.75;  6.25;33
 11.75;6;33
 11.5;6;33
 11.25;6;33
11;6;33
 10.75;6;33
 10.5;  6.25;33
 10.25;6;33
10;6;129
 9.75;6;129
 9.5;6;129
 9.25;6;129
9;6;129
 8.75;6;129
 8.5;6;129
 8.25;6;129
8;6;129
 7.75;6;129
 7.5;6;129
 7.25;6;129
7;6;129
 6.75;6;129
 6.5;6;129
 6.25;6;129
6;6;129
 5.75;6;129
 5.5;  6.25;129
 5.25;  6.25;129
 4.75;6;39
 4.75;6;39
 4.5;6;39
 4.25;6;39
4;  6.25;146
 3.75;6;146
 3.5;6;146
 3.25;6;146
3;6;146
 2.75;6;146
 2.5;  6.25;146
 2.25;  6.25;146
2;  6.25;60
2;  6.25;60
 1.25;  6.75;0
 1.25;  6.75;0
1;  6.5;0
 0.75;  6.5;0
 0.5;  6.5;0
 0.25;  6.5;0
0;  6.5;0
47;  6.75;0
 46.75;  6.75;0
 46.5;  6.75;0
 46.25;  6.75;0
46;  6.75;0
 45.75;  6.75;0
 45.5;  6.75;0
 45.25;  6.75;0
45;  6.25;0
 44.75;  6.25;0
 44.5;  6.25;0
 44.25;  6.25;0
 44.25;  6.25;0
 44.25;  6.25;0
 43.5;  6.5;142
 43.25;  6.75;142
43;  6.25;142
 42.75;  6.25;142
 42.5;  6.25;142
 42.25;  6.25;142
42;  6.25;142
 41.75;  6.25;142
 41.5;  6.25;142
 41.25;  6.25;142
41;  6.25;142
 40.75;  6.25;142
 40.5;  6.25;142
 40.25;  6.25;142
40;  6.25;142
 39.75;  6.25;142
 39.5;  6.25;142
 39.25;  6.25;142
39;  6.25;142
 38.75;  6.25;142
 38.5;  6.25;142
 38.25;  6.25;142
38;  6.25;142
 37.75;  6.5;142
 37.5;  6.25;73
 37.25;  6.75;12
37;  6.5;12
 36.75;  6.5;12
 36.5;  6.25;12
 36.25;  6.25;12
36;  6.25;12
 35.75;  6.25;12
 35.5;  6.25;12
 35.25;  6.25;12
35;  6.25;12
 34.75;  6.25;12
 34.5;  6.25;12
 34.25;  6.5;12
34;  6.5;12
 33.5;  6.25;2
 33.5;  6.25;2
 33.25;  6.25;2
33;  6.25;2
 32.75;  6.25;2
 32.5;  6.25;2
 32.25;  6.75;85
32;  6.25;85
 31.75;  6.25;85
 31.5;  6.25;85
 31.25;  6.25;85
31;  6.25;85
 30.75;  6.25;85
 30.5;  6.25;85
30;  6.25;52
30;  6.25;52
 29.75;  6.25;52
 29.5;  6.75;77
 29.25;  6.5;77
29;  6.5;77
 28.75;  6.5;77
 28.5;  6.25;77
 28.25;  6.5;77
28;  6.5;77
 27.75;  6.25;77
 27.5;  6.5;77
 27.25;  6.25;77
27;  6.25;77
 26.75;  6.25;77
 26.5;  6.25;77
 26.25;  6.25;77
26;  6.25;77
 25.75;  6.5;77
 25.5;  6.25;102
 25.25;  6.25;102
25;  6.25;102
 24.75;  6.25;102
 24.5;  6.5;102
 24.25;  6.25;44
24;  6.25;44
 23.75;  6.25;44
 23.5;  6.5;44
 23.25;  6.25;70
23;  6.25;70
 22.75;  6.25;70
 22.5;  6.25;70
 22.25;  6.25;70
22;  6.25;70
 21.75;  6.25;70
 21.5;  6.25;70
 21.25;  6.25;70
21;  6.25;70
 20.75;  6.25;70
 20.5;  6.25;70
 20.25;  6.25;70
20;  6.25;70
 19.75;  6.25;70
 19.5;  6.25;70
 19.25;  6.25;70
19;  6.25;70
 18.75;  6.5;121
 18.5;  6.5;121
 18.25;  6.5;121
18;  6.25;121
 17.75;  6.25;121
 17.5;  6.25;121
 17.5;  6.25;121
17;  6.25;160
 16.75;  6.25;160
 16.5;  6.25;160
 16.25;  6.25;160
16;  6.25;160
16;  6.25;160
 15.5;  6.25;43
 15.5;  6.25;43
15;  6.25;168
 14.75;  6.25;168
 14.5;  6.25;168
 14.25;  6.25;168
14;  6.25;168
 13.75;  6.25;168
 13.5;  6.25;168
 13.25;  6.25;168
13;  6.25;168
 12.75;  6.25;168
 12.5;  6.25;168
 12.25;  6.5;168
 11.75;  6.25;33
 11.75;  6.25;33
 11.75;  6.25;33
 10.75;  6.25;33
 10.75;  6.25;33
 10.75;  6.25;33
 10.5;  6.25;33
 10.5;  6.25;33
10;  6.25;129
 9.75;  6.25;129
 9.5;  6.25;129
 9.25;  6.25;129
9;  6.25;129
 8.75;  6.25;129
 8.5;  6.25;129
 8.25;  6.25;129
8;  6.25;129
 7.75;  6.25;129
 7.5;  6.5;129
 7.25;  6.25;129
7;  6.25;129
 6.75;  6.25;129
 6.5;  6.25;129
 6.25;  6.25;129
6;  6.25;129
 5.75;  6.25;129
 5.5;  6.25;129
 5.25;  6.25;129
 4.75;  6.5;129
 4.75;  6.25;39
 4.5;  6.25;39
 4.5;  6.25;39
4;  6.25;146
 3.75;  6.25;146
 3.5;  6.25;146
 3.25;  6.25;146
3;  6.25;146
 2.75;  6.25;146
 2.5;  6.25;146
 2.25;  6.25;146
2;  6.25;60
 1.25;  6.75;0
 1.25;  6.75;0
 1.25;  6.75;0
1;  6.75;0
 0.75;  6.75;0
 0.5;  6.75;0
 0.25;  6.75;0
0;  6.75;0
47;7;0
 46.75;7;0
 46.5;7;0
 46.25;7;0
46;7;0
 45.75;7;0
 45.5;7;0
 45.25;7;0
45;  6.5;0
 44.75;  6.5;0
 44.5;  6.5;0
 44.25;  6.5;0
 44.25;  6.5;0
 44.25;  6.5;0
 43.5;  6.5;142
 43.25;  6.75;142
43;  6.5;142
 42.75;  6.5;142
 42.5;  6.5;142
 42.25;  6.5;142
42;  6.5;142
 41.75;  6.5;142
 41.5;  6.5;142
 41.25;  6.5;142
41;  6.5;142
 40.75;  6.5;142
 40.5;  6.5;142
 40.25;  6.5;142
40;  6.5;142
 39.75;  6.5;142
 39.5;  6.5;142
 39.25;  6.5;142
39;  6.5;142
 38.75;  6.5;142
 38.5;  6.5;142
 38.25;  6.5;142
38;  6.5;142
 37.75;  6.5;142
 37.5;  6.75;12
 37.25;7;12
37;  6.5;12
 36.75;  6.5;12
 36.5;  6.5;12
 36.25;  6.5;12
36;  6.5;12
 35.75;  6.5;12
 35.5;  6.5;12
 35.25;  6.5;12
35;  6.5;12
 34.75;  6.5;12
 34.5;  6.5;12
 34.25;  6.5;12
34;  6.5;12
 33.75;7;12
 33.25;  6.5;2
 33.25;  6.5;2
33;  6.5;2
33;  6.5;2
 32.5;  6.25;2
 32.25;  6.75;85
32;  6.5;85
 31.75;  6.5;85
 31.5;  6.5;85
 31.25;  6.5;85
31;  6.5;85
 30.75;  6.5;85
 30.5;  6.5;85
 30.25;7;77
30;  6.75;77
 29.75;  6.75;77
 29.5;  6.75;77
 29.25;  6.5;77
29;  6.5;77
 28.75;  6.5;77
 28.5;  6.5;77
 28.25;  6.5;77
28;  6.5;77
 27.75;  6.5;77
 27.5;  6.5;77
 27.25;  6.5;77
27;  6.5;77
 26.75;  6.5;77
 26.5;  6.5;77
 26.25;  6.5;77
26;  6.5;77
 25.75;  6.5;77
 25.5;  6.5;102
 25.25;  6.5;102
25;  6.5;102
 24.75;  6.5;102
 24.5;  6.5;102
 24.25;  6.75;102
24;  6.5;44
 23.75;  6.5;44
 23.5;  6.5;44
 23.25;  6.75;70
23;  6.5;70
 22.75;  6.5;70
 22.5;  6.5;70
 22.25;  6.5;70
22;  6.5;70
 21.75;  6.5;70
 21.5;  6.75;70
 21.25;  6.5;70
21;  6.5;70
 20.75;  6.75;70
 20.5;  6.5;70
 20.25;  6.5;70
20;  6.5;70
 19.75;  6.5;70
 19.5;  6.5;70
 19.25;  6.5;70
19;  6.75;121
 18.75;  6.5;121
 18.5;  6.5;121
 18.25;  6.5;121
18;  6.5;121
 17.75;  6.5;121
 17.5;  6.5;121
 17.5;  6.5;121
17;  6.5;160
 16.75;  6.5;160
 16.5;  6.5;160
 16.5;  6.5;160
16;  6.25;160
16;  6.25;160
 15.5;  6.25;43
 15.25;7;168
15;  6.5;168
 14.75;  6.5;168
 14.5;  6.5;168
 14.25;  6.5;168
14;  6.5;168
 13.75;  6.5;168
 13.5;  6.5;168
 13.25;  6.5;168
13;  6.5;168
 12.75;  6.5;168
 12.5;  6.5;168
 12.25;  6.5;168
12;  6.75;168
 11.75;  6.25;33
 11.5;  6.75;95
 11.25;  6.75;95
11;  6.75;95
 10.75;  6.75;95
 10.5;  7.25;95
 9.75;  6.5;129
 9.75;  6.5;129
 9.75;  6.5;129
 9.5;  6.5;129
 9.25;  6.5;129
9;  6.5;129
 8.75;  6.5;129
 8.5;  6.5;129
 8.25;  6.5;129
8;  6.5;129
 7.75;  6.5;129
 7.5;  6.5;129
 7.25;  6.5;129
7;  6.5;129
 6.75;  6.5;129
 6.5;  6.5;129
 6.25;  6.5;129
6;  6.5;129
 5.75;  6.5;129
 5.5;  6.5;129
 5.25;  6.5;129
 4.75;  6.75;129
 4.75;  6.75;129
 4.5;  6.5;39
 4.5;  6.5;39
4;  6.5;146
 3.75;  6.5;146
 3.5;  6.5;146
 3.25;  6.5;146
3;  6.5;146
 2.75;  6.5;146
 2.5;  6.5;146
 2.25;  6.5;146
2;  6.5;146
 1.75;  6.75;146
1;7;0
1;7;0
1;7;0
 0.75;7;0
 0.5;7;0
 0.25;7;0
0;7;0
47;  7.25;0
 46.75;  7.25;0
 46.5;  7.25;0
 46.25;  7.25;0
46;  7.25;0
 45.75;  7.25;0
 45.5;  7.25;0
 45.25;  7.25;0
45;  6.75;0
 44.75;  6.75;0
 44.5;  6.75;0
 44.25;  6.75;0
 44.25;  6.75;0
 44.25;  6.75;0
 43.5;  6.75;142
 43.25;  6.75;142
43;  6.75;142
 42.75;  6.75;142
 42.5;  6.75;142
 42.25;  6.75;142
42;  6.75;142
 41.75;  6.75;142
 41.5;  6.75;142
 41.25;  6.75;142
41;  6.75;142
 40.75;  6.75;142
 40.5;  6.75;142
 40.25;  6.75;142
40;  6.75;142
 39.75;  6.75;142
 39.5;  6.75;142
 39.25;  6.75;142
39;  6.75;142
 38.75;  6.75;142
 38.5;  6.75;142
 38.25;  6.75;142
38;  6.75;142
 37.75;  6.75;142
 37.5;  6.75;12
 37.25;7;12
37;  6.75;12
 36.75;  6.75;12
 36.5;  6.75;12
 36.25;  6.75;12
36;  6.75;12
 35.75;  6.75;12
 35.5;  6.75;12
 35.25;  6.75;12
35;  6.75;12
 34.75;  6.75;12
 34.5;  6.75;12
 34.25;  6.75;12
34;  6.75;12
 33.75;7;12
 33.5;  6.75;12
 33.25;7;12
33;  7.5;12
 32.75;  7.25;51
 32.25;  6.75;85
 32.25;  6.75;85
32;  6.75;85
 31.75;  6.75;85
 31.5;  6.75;85
 31.25;  6.75;85
31;  6.75;85
31;  6.75;85
 30.5;  7.25;77
 30.25;7;77
30;  6.75;77
 29.75;  6.75;77
 29.5;  6.75;77
 29.25;  6.75;77
29;  6.75;77
 28.75;  6.75;77
 28.5;  6.75;77
 28.25;  6.75;77
28;  6.75;77
 27.75;  6.75;77
 27.5;  6.75;77
 27.25;  6.75;77
27;  6.75;77
 26.75;  6.75;77
 26.5;  6.75;77
 26.25;  6.75;77
26;  6.75;77
26;  6.75;77
 25.5;  6.75;102
 25.25;  6.75;102
25;  6.75;102
 24.75;  6.75;102
 24.5;  6.75;102
 24.25;  6.75;102
24;  6.75;44
 23.75;  6.75;44
 23.5;  6.75;44
 23.25;  6.75;70
23;  6.75;70
 22.75;  6.75;70
 22.5;  6.75;70
 22.25;  6.75;70
22;  6.75;70
 21.75;  6.75;70
 21.5;  6.75;70
 21.25;  6.75;70
21;  6.75;70
 20.75;  6.75;70
 20.5;  6.75;70
 20.25;  6.75;70
20;  6.75;70
 19.75;  7.25;121
 19.5;7;121
 19.25;  6.75;121
19;  6.75;121
 18.75;  6.75;121
 18.5;  6.75;121
 18.25;  6.75;121
18;  6.75;121
 17.75;  6.75;121
 17.5;  6.75;121
 17.25;7;183
17;  7.25;183
 16.75;  6.75;183
 16.5;  6.75;183
 16.25;  6.75;183
16;  6.75;183
16;  6.75;183
 15.25;7;168
 15.25;7;168
15;  6.75;168
 14.75;  6.75;168
 14.5;  6.75;168
 14.25;  6.75;168
14;  6.75;168
 13.75;  6.75;168
 13.5;  6.75;168
 13.25;  6.75;168
13;  6.75;168
 12.75;  6.75;168
 12.5;  6.75;168
 12.25;  6.75;168
12;  6.75;168
12;  6.75;168
 11.5;  6.75;95
 11.25;  6.75;95
11;  6.75;95
 10.75;  6.75;95
 10.5;  7.25;95
 10.25;7;95
10;  6.75;95
 9.75;7;95
 9.5;  6.75;129
 9.25;7;129
9;7;129
 8.75;  6.75;129
 8.5;  6.75;129
 8.25;  6.75;129
8;  6.75;129
 7.75;  6.75;129
 7.5;  6.75;129
 7.25;  6.75;129
7;  6.75;129
 6.75;  6.75;129
 6.5;  6.75;129
 6.25;  6.75;129
6;  6.75;129
 5.75;  6.75;129
 5.5;7;90
 5.25;7;90
5;7;90
 4.75;  6.75;129
 4.5;  6.5;39
 4.5;  6.5;39
4;  6.75;146
 3.75;  6.75;146
 3.5;  6.75;146
 3.25;  6.75;146
3;  6.75;146
 2.75;  6.75;146
 2.5;  6.75;146
 2.25;  6.75;146
2;  6.75;146
 1.75;  6.75;146
1;  7.25;0
1;  7.25;0
1;  7.25;0
 0.75;  7.25;0
 0.5;  7.25;0
 0.25;  7.25;0
0;  7.25;0
47;  7.5;0
 46.75;  7.5;0
 46.5;  7.5;0
 46.25;  7.5;0
46;  7.5;0
 45.75;  7.5;0
 45.5;  7.5;0
 45.25;  7.5;0
45;7;0
 44.75;7;0
 44.5;7;0
 44.25;7;0
 44.25;7;0
 44.25;7;0
 43.5;7;142
 43.25;7;142
43;7;142
 42.75;7;142
 42.5;7;142
 42.25;7;142
42;7;142
 41.75;7;142
 41.5;7;142
 41.25;7;142
41;7;142
 40.75;7;142
 40.5;7;142
 40.25;7;142
40;7;142
 39.75;7;142
 39.5;7;142
 39.25;7;142
39;7;142
 38.75;7;142
 38.5;7;142
 38.25;7;142
38;7;142
 37.75;7;142
 37.5;7;12
 37.25;7;12
37;7;12
 36.75;7;12
 36.5;7;12
 36.25;7;12
36;7;12
 35.75;7;12
 35.5;7;12
 35.25;7;12
35;7;12
 34.75;7;12
 34.5;7;12
 34.25;7;12
34;7;12
 33.75;7;12
 33.5;7;12
 33.25;7;12
33;  7.5;12
 32.75;  7.25;51
 32.5;7;51
 32.25;7;51
32;  7.25;51
 31.75;7;85
 31.5;7;85
 31.25;7;85
31;7;85
 30.75;  7.25;77
 30.5;  7.25;77
 30.25;7;77
30;7;77
 29.75;7;77
 29.5;7;77
 29.25;7;77
29;  7.25;77
 28.75;7;77
 28.5;7;77
 28.25;7;77
28;7;77
 27.75;7;77
 27.5;7;77
 27.25;7;77
27;7;77
 26.75;7;77
 26.5;7;77
 26.25;7;77
26;7;77
 25.75;  7.5;102
 25.5;7;102
 25.25;7;102
25;  7.25;102
 24.75;7;102
 24.5;7;102
 24.25;7;102
24;  7.5;102
 23.75;7;44
 23.5;7;44
 23.25;  7.25;44
23;7;70
 22.75;7;70
 22.5;7;70
 22.25;7;70
22;7;70
 21.75;7;70
 21.5;7;70
 21.25;7;70
21;7;70
21;7;70
 20.5;  7.25;121
 20.25;  7.25;121
20;7;121
 19.75;  7.25;121
 19.5;7;121
 19.25;7;121
19;7;121
 18.75;7;121
 18.5;7;121
 18.25;7;121
18;7;121
 17.75;7;121
 17.5;  7.25;183
 17.25;7;183
17;  7.25;183
 16.75;7;183
 16.5;7;183
 16.25;7;183
16;7;183
16;7;183
 15.5;  7.75;168
 15.25;7;168
15;7;168
 14.75;7;168
 14.5;7;168
 14.25;7;168
14;7;168
 13.75;7;168
 13.5;7;168
 13.25;7;168
13;7;168
 12.75;7;168
 12.5;7;168
 12.25;7;168
12;  7.25;81
 11.75;7;81
 11.5;7;95
 11.25;7;95
11;7;95
 10.75;7;95
 10.5;  7.25;95
 10.25;7;95
10;7;95
 9.75;7;95
 9.5;  7.25;95
 9.25;7;129
9;7;129
 8.75;7;129
 8.5;7;129
 8.25;7;129
8;7;129
 7.75;7;129
 7.5;7;129
 7.25;7;129
7;7;129
 6.75;7;129
 6.5;7;129
 6.25;7;129
6;7;129
 5.75;7;129
 5.5;7;90
 5.25;7;90
5;7;90
 4.75;  7.25;90
 4.5;  7.5;90
 4.25;7;58
4;  7.25;58
 3.75;7;146
 3.5;7;146
 3.25;7;146
3;7;146
 2.75;7;146
 2.5;7;146
 2.25;7;146
2;7;146
 1.75;7;146
1;  7.5;0
1;  7.5;0
1;  7.5;0
 0.75;  7.5;0
 0.5;  7.5;0
 0.25;  7.5;0
0;  7.5;0
47;  7.75;0
 46.75;  7.75;0
 46.5;  7.75;0
 46.25;  7.75;0
46;  7.75;0
 45.75;  7.75;0
 45.5;  7.75;0
 45.25;  7.75;0
45;  7.25;0
 44.75;  7.25;0
 44.5;  7.25;0
 44.25;  7.25;0
 44.25;  7.25;0
 44.25;  7.25;0
 43.5;  7.25;142
 43.25;  7.25;142
43;  7.25;142
 42.75;  7.25;142
 42.5;  7.25;142
 42.25;  7.25;142
42;  7.25;142
 41.75;  7.25;142
 41.5;  7.25;142
 41.25;  7.25;142
41;  7.25;142
 40.75;  7.25;142
 40.5;  7.25;142
 40.25;  7.25;142
40;  7.25;142
 39.75;  7.25;142
 39.5;  7.25;142
 39.25;  7.25;142
39;  7.25;142
 38.75;  7.25;142
 38.5;  7.25;142
 38.25;  7.25;142
38;  7.25;142
 37.75;  7.75;12
 37.5;  7.25;12
 37.25;  7.25;12
37;  7.25;12
 36.75;  7.25;12
 36.5;  7.25;12
 36.25;  7.25;12
36;  7.25;12
 35.75;  7.25;12
 35.5;  7.25;12
 35.25;  7.25;12
35;  7.25;12
 34.75;  7.25;12
 34.5;  7.25;12
 34.25;  7.25;12
34;  7.25;12
 33.75;  7.25;12
 33.5;  7.25;12
 33.25;  7.25;12
33;  7.5;12
 32.75;  7.25;51
 32.5;  7.25;51
 32.25;  7.25;51
32;  7.25;51
 31.75;  7.5;51
 31.5;  7.25;85
 31.25;  7.25;85
31;  7.5;77
 30.75;  7.25;77
 30.5;  7.25;77
 30.25;  7.25;77
30;  7.25;77
 29.75;  7.25;77
 29.5;  7.25;77
 29.25;  7.25;77
29;  7.25;77
 28.75;  7.25;77
 28.5;  7.25;77
 28.25;  7.25;77
28;  7.25;77
 27.75;  7.25;77
 27.5;  7.25;77
 27.25;  7.25;77
27;  7.25;77
 26.75;  7.25;77
 26.5;  7.25;77
 26.25;  7.25;77
26;  7.25;77
 25.75;  7.5;102
 25.5;  7.25;102
 25.25;  7.25;102
25;  7.25;102
 24.75;  7.25;102
 24.5;  7.25;102
 24.25;  7.25;102
24;  7.5;102
 23.75;  7.25;44
 23.5;  7.25;44
 23.25;  7.25;44
23;  7.25;70
 22.75;  7.25;70
 22.5;  7.25;70
 22.25;  7.25;70
22;  7.25;70
 21.75;  7.25;70
 21.25;  7.25;70
 21.25;  7.25;70
21;  7.5;121
 20.75;  7.5;121
 20.5;  7.25;121
 20.25;  7.25;121
20;  7.25;121
 19.75;  7.25;121
 19.5;  7.25;121
 19.25;  7.25;121
19;  7.25;121
 18.75;  7.25;121
 18.5;  7.25;121
 18.25;  7.25;121
18;  7.25;121
 17.75;  7.5;183
 17.5;  7.25;183
 17.25;  7.25;183
17;  7.25;183
 16.75;  7.25;183
 16.5;  7.25;183
 16.25;  7.25;183
16;  7.25;183
16;  7.5;183
 15.5;  7.75;168
 15.25;  7.25;168
15;  7.25;168
 14.75;  7.25;168
 14.5;  7.25;168
 14.25;  7.25;168
14;  7.25;168
 13.75;  7.25;168
 13.5;  7.25;168
 13.25;  7.25;168
13;  7.25;168
 12.75;  7.25;168
 12.5;  7.25;168
 12.25;  7.5;81
12;  7.25;81
 11.75;  7.25;81
 11.5;  7.25;95
 11.25;  7.25;95
11;  7.25;95
 10.75;  7.25;95
 10.5;  7.25;95
 10.25;  7.25;95
10;  7.25;95
 9.75;  7.25;95
 9.5;  7.25;95
 9.25;  7.5;95
9;  7.5;95
 8.75;  7.25;129
 8.5;  7.25;129
 8.25;  7.25;129
8;  7.25;129
 7.75;  7.25;129
 7.5;  7.25;129
 7.25;  7.25;129
7;  7.25;129
 6.75;  7.25;129
 6.5;  7.5;129
 6.25;  7.25;129
6;  7.25;129
 5.75;  7.25;90
 5.5;  7.25;90
 5.25;  7.25;90
5;  7.25;90
 4.75;  7.25;90
 4.5;  7.5;90
 4.25;  7.25;58
4;  7.25;58
 3.75;  7.5;58
 3.5;  7.25;146
 3.25;  7.25;146
3;  7.25;146
 2.75;  7.25;146
 2.5;  7.25;146
 2.25;  7.25;146
2;  7.25;146
 1.75;  7.25;146
1;  7.75;0
1;  7.75;0
1;  7.75;0
 0.75;  7.75;0
 0.5;  7.75;0
 0.25;  7.75;0
0;  7.75;0
47;8;0
 46.75;8;0
 46.5;8;0
 46.25;8;0
46;8;0
 45.75;8;0
 45.5;8;0
 45.25;8;0
45;  7.5;0
 44.75;  7.5;0
 44.5;  7.5;0
 44.25;  7.5;0
 44.25;  7.5;0
 44.25;  7.5;0
 43.5;  7.5;142
 43.25;  7.5;142
43;  7.5;142
 42.75;  7.75;142
 42.5;  7.5;142
 42.25;  7.5;142
42;  7.5;142
 41.75;  7.5;142
 41.5;  7.5;142
 41.25;  7.5;142
41;  7.5;142
 40.75;  7.5;142
 40.5;  7.5;142
 40.25;  7.5;142
40;  7.5;142
 39.75;  7.5;142
 39.5;  7.5;142
 39.25;  7.5;142
39;  7.5;142
 38.75;  7.5;142
 38.5;  7.5;142
 38.25;  7.5;142
38;  7.5;142
 37.75;  7.75;12
 37.5;  7.5;12
 37.25;  7.5;12
37;  7.5;12
 36.75;  7.5;12
 36.5;  7.5;12
 36.25;  7.5;12
36;  7.5;12
 35.75;  7.5;12
 35.5;  7.5;12
 35.25;  7.5;12
35;  7.5;12
 34.75;  7.5;12
 34.5;  7.5;12
 34.25;  7.5;12
34;  7.5;12
 33.75;  7.5;12
 33.5;  7.5;12
 33.25;  7.5;12
33;  7.5;12
 32.75;  7.5;51
 32.5;  7.5;51
 32.25;  7.5;51
32;  7.5;51
 31.75;  7.5;51
 31.5;  7.75;51
 31.25;8;77
31;  7.5;77
 30.75;  7.5;77
 30.5;  7.5;77
 30.25;  7.5;77
30;  7.5;77
 29.75;  7.5;77
 29.5;  7.5;77
 29.25;  7.5;77
29;  7.5;77
 28.75;  7.5;77
 28.5;  7.5;77
 28.25;  7.5;77
28;  7.5;77
 27.75;  7.5;77
 27.5;  7.5;77
 27.25;  7.5;77
27;  7.5;77
 26.75;  7.5;77
 26.5;  7.5;77
 26.25;  7.5;77
26;  7.5;77
 25.75;  7.5;102
 25.5;  7.5;102
 25.25;  7.5;102
25;  7.5;102
 24.5;  7.5;102
 24.5;  7.5;102
 24.25;  7.5;102
24;  7.5;102
 23.75;8;102
 23.5;  7.5;44
 23.25;  7.5;44
23;  7.5;70
 22.75;  7.5;70
 22.5;  7.5;70
 22.25;  7.5;70
22;  7.5;70
22;  7.5;70
 21.5;  7.75;121
 21.25;  7.5;121
21;  7.5;121
 20.75;  7.5;121
 20.5;  7.5;121
 20.25;  7.5;121
20;  7.5;121
 19.75;  7.5;121
 19.5;  7.5;121
 19.25;  7.5;121
19;  7.5;121
 18.75;  7.5;121
 18.5;  7.5;121
 18.25;  7.5;121
18;  7.5;121
 17.75;  7.5;183
 17.5;  7.5;183
 17.25;  7.5;183
17;  7.5;183
 16.75;  7.5;183
 16.5;  7.5;183
 16.25;  7.5;183
16;  7.5;183
16;  7.5;183
 15.5;  7.75;168
 15.25;  7.5;168
15;  7.5;168
 14.75;  7.5;168
 14.5;  7.5;168
 14.25;  7.5;168
14;  7.5;168
 13.75;  7.5;168
 13.5;  7.5;168
 13.25;  7.5;168
13;  7.5;168
 12.75;  7.5;168
 12.5;  7.75;81
 12.25;  7.5;81
12;  7.5;81
 11.75;  7.5;81
 11.5;  7.75;95
 11.25;  7.5;95
11;  7.5;95
 10.75;  7.5;95
 10.5;  7.5;95
 10.25;  7.5;95
10;  7.5;95
 9.75;  7.5;95
 9.5;  7.75;95
 9.25;  7.5;95
9;  7.5;95
 8.75;  7.75;95
 8.5;  7.5;129
 8.25;  7.5;129
8;  7.5;129
 7.75;  7.5;129
 7.5;  7.5;129
 6.75;  7.5;129
 6.75;  7.5;129
 6.75;  7.5;129
 6.5;  7.5;129
 6.25;  7.75;90
6;  7.75;90
 5.75;  7.5;90
 5.5;  7.5;90
 5.25;  7.5;90
5;  7.5;90
 4.75;  7.5;90
 4.5;  7.5;90
 4.25;  7.5;58
4;  7.5;58
 3.75;  7.5;58
 3.5;  7.75;58
 3.25;  7.5;146
3;  7.5;146
 2.75;  7.5;146
 2.5;  7.5;146
 2.25;  7.5;146
2;  7.5;146
 1.75;  7.5;146
1;8;0
1;8;0
1;8;0
 0.75;8;0
 0.5;8;0
 0.25;8;0
0;8;0
47;  8.25;0
 46.75;  8.25;0
 46.5;  8.25;0
 46.25;  8.25;0
46;  8.25;0
 45.75;  8.25;0
 45.5;  8.25;0
 45.25;  8.25;0
45;  7.75;0
 44.75;  7.75;0
 44.5;  7.75;0
 44.25;  7.75;0
 44.25;  7.75;0
 44.25;  7.75;0
 43.5;  7.75;142
 43.25;  7.75;142
43;  7.75;142
 42.75;  7.75;142
 42.5;  7.75;142
 42.25;  7.75;142
42;  7.75;142
 41.75;  7.75;142
 41.5;  7.75;142
 41.25;  7.75;142
41;  7.75;142
 40.75;  7.75;142
 40.5;  7.75;142
 40.25;  7.75;142
40;  7.75;142
 39.75;  7.75;142
 39.5;  7.75;142
 39.25;  7.75;142
39;  7.75;142
 38.75;  7.75;142
 38.5;  7.75;142
 38.25;  7.75;142
38;  7.75;142
 37.75;  7.75;12
 37.5;  7.75;12
 37.25;  7.75;12
37;  7.75;12
 36.75;  7.75;12
 36.5;  7.75;12
 36.25;  7.75;12
36;  7.75;12
 35.75;  7.75;12
 35.5;  7.75;12
 35.25;  7.75;12
35;  7.75;12
 34.75;  7.75;12
 34.5;  7.75;12
 34.25;  7.75;12
34;  7.75;12
 33.75;  7.75;12
 33.5;  7.75;12
 33.25;  7.75;12
33;  7.75;12
 32.75;  7.75;51
 32.5;  7.75;51
 32.25;  7.75;51
32;  7.75;51
 31.75;  7.75;51
 31.5;  7.75;51
 31.25;8;77
31;8;77
 30.75;  7.75;77
 30.5;  7.75;77
 30.25;  7.75;77
30;  7.75;77
 29.75;  7.75;77
 29.5;  7.75;77
 29.25;  7.75;77
29;  7.75;77
 28.75;  7.75;77
 28.5;  7.75;77
 28.25;  7.75;77
28;  7.75;77
 27.75;  7.75;77
 27.5;  7.75;77
 27.25;  7.75;77
27;  7.75;77
 26.75;  7.75;77
 26.5;8;77
 26.25;  7.75;77
26;  7.75;77
 25.75;8;102
 25.5;  7.75;102
 25.25;8;131
25;  8.25;131
 24.75;  7.75;131
 24.5;8;131
 24.25;  8.25;131
24;  7.75;102
 23.75;8;102
 23.25;  7.75;44
 23.25;  7.75;44
 22.5;  7.75;70
 22.5;  7.75;70
 22.5;  7.75;70
 22.5;  7.75;70
22;  7.5;70
 21.5;8;121
 21.5;  7.75;121
 21.25;  7.75;121
21;  7.75;121
 20.75;  7.75;121
 20.5;  7.75;121
 19.75;  7.75;121
 19.75;  7.75;121
 19.75;  7.75;121
 19.5;  7.75;121
 19.25;  7.75;121
19;  7.75;121
 18.75;  7.75;121
 18.5;  7.75;121
 18.25;  7.75;121
 18.25;  7.75;121
 17.75;  7.75;183
 17.5;  7.75;183
 17.25;  7.75;183
17;  7.75;183
 16.75;  7.75;183
 16.5;  7.75;183
 16.25;  7.75;183
16;  7.75;183
16;  7.75;183
 15.5;  7.75;168
 15.25;  7.75;168
15;  7.75;168
 14.75;  7.75;168
 14.5;  7.75;168
 14.25;  7.75;168
14;  7.75;168
 13.75;  7.75;168
 13.5;  7.75;168
 13.25;  7.75;168
13;  8.25;81
 12.75;8;81
 12.5;  7.75;81
 12.25;  7.75;81
12;  7.75;81
 11.75;  7.75;81
 11.5;  7.75;95
 11.25;  7.75;95
11;  7.75;95
 10.75;  7.75;95
 10.5;  7.75;95
 10.25;  7.75;95
10;  7.75;95
 9.75;  7.75;95
 9.5;  7.75;95
 9.25;  7.75;95
9;  7.75;95
 8.75;  7.75;95
 8.5;8;95
 8.25;  7.75;129
8;  7.75;129
 7.75;  7.75;129
 7.5;8;177
 7.25;8;177
7;8;177
 6.75;  7.75;177
 6.5;8;90
 6.25;  7.75;90
6;  7.75;90
 5.75;  7.75;90
 5.5;  7.75;90
 5.25;  7.75;90
5;  7.75;90
 4.75;  7.75;90
 4.5;  7.75;90
 4.25;  7.75;58
4;  7.75;58
 3.75;  7.75;58
 3.5;  7.75;58
 3.25;8;58
3;  7.75;146
 2.75;  7.75;146
 2.5;  7.75;146
 2.25;  7.75;146
2;  7.75;146
 1.75;  7.75;146
1;  8.25;0
1;  8.25;0
1;  8.25;0
 0.75;  8.25;0
 0.5;  8.25;0
 0.25;  8.25;0
0;  8.25;0
47;  8.5;0
 46.75;  8.5;0
 46.5;  8.5;0
 46.25;  8.5;0
46;  8.5;0
 45.75;  8.5;0
 45.5;  8.5;0
 45.5;  8.5;0
45;8;0
 44.75;8;0
 44.5;8;0
 44.25;8;0
 44.25;8;0
 44.25;8;0
 43.5;8;142
 43.25;8;142
43;8;142
 42.75;8;142
 42.5;8;142
 42.25;8;142
42;8;142
 41.75;8;142
 41.5;8;142
 41.25;8;142
41;8;142
 40.75;8;142
 40.5;8;142
 40.25;8;142
40;8;142
 39.75;8;142
 39.5;8;142
 39.25;8;142
39;8;142
 38.75;8;142
 38.5;8;142
 38.25;8;142
38;8;142
 37.75;8;12
 37.5;8;12
 37.25;8;12
37;8;12
 36.75;8;12
 36.5;8;12
 36.25;8;12
36;8;12
 35.75;8;12
 35.5;8;12
 35.25;8;12
35;8;12
 34.75;8;12
 34.5;8;12
 34.25;8;12
34;8;12
 33.75;8;12
 33.5;8;12
 33.25;8;12
33;8;12
 32.75;  8.25;12
 32.5;8;51
 32.25;8;51
32;8;51
 31.75;8;51
 31.5;8;51
 31.25;8;77
31;8;77
 30.75;8;77
 30.5;8;77
 30.25;8;77
30;8;77
 29.75;8;77
 29.5;8;77
 29.25;8;77
29;8;77
 28.75;8;77
 28.5;8;77
 28.25;8;77
28;8;77
 27.75;8;77
 27.5;8;77
 27.25;8;77
27;8;77
 26.75;8;77
 26.5;8;77
 26.25;8;77
26;  8.25;102
 25.75;8;102
 25.5;  8.75;102
 25.25;8;131
25;  8.25;131
 24.75;  8.25;131
 24.5;8;131
 24.25;  8.5;131
24;8;102
 23.75;8;102
 23.5;  8.25;102
 23.25;  8.5;46
23;  8.25;46
 22.75;  8.25;46
 22.75;  8.25;46
 22.25;  8.5;46
 21.25;8;121
 21.25;8;121
 21.25;8;121
 21.25;8;121
 21.25;8;121
 20.75;  8.25;37
 20.5;  8.25;37
 20.25;8;37
20;  8.25;37
 19.75;  8.25;37
 19.25;8;121
 19.25;8;121
19;  8.25;37
19;  8.25;37
 18.5;  8.5;37
 18.25;  8.25;37
 18.25;  8.25;37
 17.75;  8.25;37
 17.5;8;183
 17.25;8;183
17;8;183
 16.75;8;183
 16.5;8;183
 16.25;8;183
16;8;183
16;8;183
 15.5;8;168
 15.25;8;168
15;  8.25;168
 14.75;8;168
 14.5;8;168
 14.25;8;168
14;8;168
 13.75;8;168
 13.5;8;168
 13.25;8;168
13;  8.25;81
 12.75;8;81
 12.5;8;81
 12.25;8;81
12;8;81
 11.75;8;81
 11.5;8;95
 11.25;8;95
11;8;95
 10.75;8;95
 10.5;8;95
 10.25;8;95
10;8;95
 9.75;8;95
 9.5;8;95
 9.25;8;95
9;8;95
 8.75;8;95
 8.5;8;95
 8.25;8;129
8;  8.5;177
 7.75;  8.25;177
 7.5;8;177
 7.25;8;177
7;8;177
 6.75;  8.25;90
 6.5;8;90
 6.25;8;90
6;8;90
 5.75;8;90
 5.5;8;90
 5.25;8;90
5;  8.25;90
 4.75;8;90
 4.5;  8.25;90
 4.25;8;90
4;8;58
 3.75;8;58
 3.5;8;58
 3.25;8;58
3;  8.25;58
 2.75;8;146
 2.5;8;146
 2.25;8;146
2;8;146
 1.75;  8.25;146
1;  8.5;0
1;  8.5;0
1;  8.5;0
 0.75;  8.5;0
 0.5;  8.5;0
 0.25;  8.5;0
0;  8.5;0
47;  8.75;0
 46.75;  8.75;0
 46.5;  8.75;0
 46.25;  8.75;0
46;  8.75;0
 45.75;  8.75;0
 45.5;  8.75;0
 45.5;  8.75;0
45;  8.25;0
 44.75;  8.25;0
 44.5;  8.25;0
 44.25;  8.25;0
 44.25;  8.25;0
 44.25;  8.25;0
 43.5;  8.25;142
 43.25;  8.25;142
43;  8.25;142
 42.75;  8.25;142
 42.5;  8.25;142
 42.25;  8.25;142
42;  8.25;142
 41.75;  8.25;142
 41.5;  8.25;142
 41.25;  8.25;142
41;  8.25;142
 40.75;  8.25;142
 40.5;  8.25;142
 40.25;  8.25;142
40;  8.25;142
 39.75;  8.25;142
 39.5;  8.25;142
 39.25;  8.25;142
39;  8.25;142
 38.75;  8.25;142
 38.5;  8.25;142
 38.25;  8.25;142
38;  8.25;142
 37.75;  8.25;12
 37.5;  8.25;12
 37.25;  8.25;12
37;  8.25;12
 36.75;  8.25;12
 36.5;  8.25;12
 36.25;  8.25;12
36;  8.25;12
 35.75;  8.25;12
 35.5;  8.25;12
 35.25;  8.25;12
35;  8.25;12
 34.75;  8.25;12
 34.5;  8.25;12
 34.25;  8.25;12
34;  8.25;12
 33.75;  8.25;12
 33.5;  8.25;12
 33.25;  8.25;12
33;  8.25;12
 32.75;  8.25;12
 32.5;  8.25;51
 32.25;  8.25;51
32;  8.25;51
 31.75;  8.25;51
 31.75;  8.25;51
 31.25;  8.25;77
31;  8.25;77
 30.75;  8.25;77
 30.5;  8.25;77
 30.25;  8.25;77
30;  8.25;77
 29.75;  8.25;77
 29.5;  8.25;77
 29.25;  8.25;77
29;  8.25;77
 28.75;  8.25;77
 28.5;  8.25;77
 28.25;  8.25;77
28;  8.25;77
 27.75;  8.25;77
 27.5;  8.25;77
 27.25;  8.25;77
27;  8.25;77
 26.75;  8.25;77
 26.5;  8.5;77
 26.25;  8.5;102
26;  8.25;102
 25.75;  8.25;102
 25.5;  8.75;102
 25.25;  8.25;131
25;  8.25;131
 24.75;  8.25;131
 24.5;  8.25;131
 24.25;  8.5;131
24;  8.5;131
 23.75;  8.25;102
 23.5;  8.25;102
 23.25;  8.5;46
23;  8.25;46
 22.75;  8.25;46
 22.5;  8.25;46
 22.25;  8.5;46
 22.25;  8.5;46
 21.75;  8.25;37
 21.5;  8.25;37
 21.25;  8.25;37
21;  8.25;37
 20.75;  8.25;37
 20.5;  8.25;37
 20.25;  8.25;37
20;  8.25;37
 19.75;  8.25;37
 19.5;  8.25;37
 19.25;  8.25;37
19;  8.25;37
 18.75;  8.25;37
 18.5;  8.5;37
 18.25;  8.25;37
18;  8.5;37
 17.75;  8.25;37
 17.5;  8.5;37
17;  8.25;183
17;  8.25;183
 16.75;  8.25;183
 16.5;  8.25;183
 16.5;  8.25;183
16;8;183
 15.5;  8.5;168
 15.5;  8.25;168
 15.25;  8.25;168
15;  8.25;168
 14.75;  8.25;168
 14.5;  8.25;168
 14.25;  8.25;168
14;  8.25;168
 13.75;  8.25;168
 13.5;  8.25;168
 13.25;  8.25;81
13;  8.25;81
 12.75;  8.25;81
 12.5;  8.25;81
 12.25;  8.25;81
12;  8.25;81
 11.75;  8.25;81
 11.5;  8.25;95
 11.25;  8.25;95
11;  8.25;95
 10.75;  8.25;95
 10.5;  8.25;95
 10.25;  8.25;95
10;  8.25;95
 9.75;  8.25;95
 9.5;  8.25;95
 9.25;  8.25;95
9;  8.25;95
 8.75;  8.25;95
 8.5;  8.25;95
 8.25;  8.75;95
8;  8.5;177
 7.75;  8.25;177
 7.5;  8.25;177
 7.25;  8.25;177
7;  8.25;177
 6.75;  8.25;90
 6.5;  8.25;90
 6.25;  8.25;90
6;  8.25;90
 5.75;  8.25;90
 5.5;  8.25;90
 5.25;  8.25;90
5;  8.25;90
 4.75;  8.25;90
 4.5;  8.25;90
 4.25;  8.25;90
4;  8.5;90
 3.75;  8.25;58
 3.5;  8.25;58
 3.25;  8.25;58
3;  8.25;58
 2.75;  8.75;58
 2.5;  8.25;146
 2.25;  8.25;146
2;  8.25;146
 1.75;  8.25;146
1;  8.75;0
1;  8.75;0
1;  8.75;0
 0.75;  8.75;0
 0.5;  8.75;0
 0.25;  8.75;0
0;  8.75;0
47;9;0
 46.75;9;0
 46.5;9;0
 46.25;9;0
46;9;0
 45.75;9;0
 45.5;9;0
 45.5;9;0
45;  8.5;0
 44.75;  8.5;0
 44.5;  8.5;0
 44.25;  8.5;0
 44.25;  8.5;0
 44.25;  8.5;0
 43.5;  8.5;142
 43.25;  8.5;142
43;  8.5;142
 42.75;  8.5;142
 42.5;  8.5;142
 42.25;  8.5;142
42;  8.5;142
 41.75;  8.5;142
 41.5;  8.5;142
 41.25;  8.5;142
41;  8.5;142
 40.75;  8.5;142
 40.5;  8.5;142
 40.25;  8.5;142
40;  8.5;142
 39.75;  8.5;142
 39.5;  8.5;142
 39.25;  8.5;142
39;  8.5;142
 38.75;  8.5;142
 38.5;  8.5;142
 38.25;  8.5;142
38;  8.5;142
 37.75;  8.5;12
 37.5;  8.5;12
 37.25;  8.5;12
37;  8.5;12
 36.75;  8.5;12
 36.5;  8.5;12
 36.25;  8.5;12
36;  8.5;12
 35.75;  8.5;12
 35.5;  8.5;12
 35.25;  8.5;12
35;  8.5;12
 34.75;  8.5;12
 34.5;  8.5;12
 34.25;  8.5;12
34;  8.5;12
 33.75;  8.5;12
 33.5;  8.5;12
 33.25;  8.5;12
33;  8.5;12
 32.75;  8.5;12
 32.5;  8.75;12
 32.25;  8.5;51
32;  8.5;51
 31.75;  8.5;51
 31.5;  8.75;77
 31.25;  8.5;77
31;  8.5;77
 30.75;  8.5;77
 30.5;  8.5;77
 30.25;  8.5;77
30;  8.5;77
 29.75;  8.5;77
 29.5;  8.5;77
 29.25;  8.5;77
29;  8.5;77
 28.75;  8.5;77
 28.5;  8.5;77
 28.25;  8.5;77
28;  8.5;77
 27.75;  8.5;77
 27.5;  8.5;77
 27.25;  8.5;77
27;  8.5;77
 26.75;  8.5;77
 26.5;  8.5;77
 26.25;  8.5;102
26;  8.5;102
 25.75;  8.5;102
 25.5;  8.75;102
 25.25;  8.5;131
25;  8.5;131
 24.75;  8.5;131
 24.5;  8.5;131
 24.25;  8.5;131
24;  8.5;131
 23.75;  8.5;102
 23.75;  8.75;102
 23.25;  8.5;46
23;  8.5;46
 22.75;  8.5;46
 22.5;  8.5;46
 22.25;  8.5;46
22;  9.25;37
 21.75;  8.5;37
 21.5;  8.5;37
 21.25;  8.5;37
21;  8.5;37
 20.75;  8.5;37
 20.5;  8.5;37
 20.25;  8.5;37
20;  8.5;37
 19.75;  8.5;37
 19.5;  8.5;37
 19.25;  8.5;37
19;  8.5;37
 18.75;  8.5;37
 18.5;  8.5;37
 18.25;  8.5;37
18;  8.5;37
 17.75;  8.5;37
 17.5;  8.5;37
 17.25;  8.5;37
17;  8.75;37
 16.75;  8.75;37
 16.5;  8.5;183
 16.5;  8.5;183
 15.5;  8.5;168
 15.5;  8.5;168
 15.5;  8.5;168
 15.25;  8.75;168
15;  8.5;168
 14.75;  8.5;168
 14.5;  8.5;168
 14.25;  8.5;168
14;  8.5;168
 13.75;  8.5;168
 13.5;  8.75;81
 13.25;  8.5;81
13;  8.5;81
 12.75;  8.5;81
 12.5;  8.5;81
 12.25;  8.5;81
12;  8.5;81
 11.75;  8.5;81
 11.5;  8.5;95
 11.25;  8.5;95
11;  8.5;95
 10.75;  8.5;95
 10.5;  8.5;95
 10.25;  8.5;95
10;  8.5;95
 9.75;  8.5;95
 9.5;  8.75;95
 9.25;  8.5;95
9;  8.5;95
 8.75;  8.5;95
 8.5;  8.5;95
 8.25;9;95
8;  8.5;177
 7.75;  8.5;177
 7.5;  8.5;177
 7.25;  8.5;177
7;  8.75;90
 6.75;  8.5;90
 6.5;  8.5;90
 6.25;  8.5;90
6;  8.5;90
 5.75;  8.5;90
 5.5;  8.5;90
 5.25;  8.5;90
5;  8.5;90
 4.75;  8.5;90
 4.5;  8.5;90
 4.25;  8.5;90
4;  8.5;90
 3.75;  8.5;58
 3.5;  8.5;58
 3.25;  8.5;58
3;  8.5;58
 2.75;  8.75;58
 2.5;  8.5;146
 2.25;  8.5;146
2;  8.5;146
 1.75;  8.5;146
1;9;0
1;9;0
1;9;0
 0.75;9;0
 0.5;9;0
 0.25;9;0
0;9;0
47;  9.25;0
 46.75;  9.25;0
 46.5;  9.25;0
 46.25;  9.25;0
46;  9.25;0
 45.75;  9.25;0
 45.5;  9.25;0
 45.5;  9.25;0
45;  8.75;0
 44.75;  8.75;0
 44.5;  8.75;0
 44.25;  8.75;0
 44.25;  8.75;0
 44.25;  8.75;0
 43.5;  8.75;142
 43.25;  8.75;142
43;  8.75;142
 42.75;  8.75;142
 42.5;  8.75;142
 42.25;  8.75;142
42;  8.75;142
 41.75;  8.75;142
 41.5;  8.75;142
 41.25;  8.75;142
41;  8.75;142
 40.75;  8.75;142
 40.5;  8.75;142
 40.25;  8.75;142
40;  8.75;142
 39.75;  8.75;142
 39.5;  8.75;142
 39.25;  8.75;142
39;  8.75;142
 38.75;  8.75;142
 38.5;  8.75;142
 38.25;  8.75;142
38;  8.75;142
 37.75;  8.75;12
 37.5;  8.75;12
 37.25;  8.75;12
37;  8.75;12
 36.75;  8.75;12
 36.5;  8.75;12
 36.25;  8.75;12
36;  8.75;12
 35.75;  8.75;12
 35.5;  8.75;12
 35.25;  8.75;12
35;  8.75;12
 34.75;  8.75;12
 34.5;  8.75;12
 34.25;  8.75;12
34;  8.75;12
 33.75;  8.75;12
 33.5;  8.75;12
 33.25;  8.75;12
33;  8.75;12
 32.75;  8.75;12
 32.5;  8.75;12
32;9;51
32;  8.75;51
 31.75;  8.75;51
 31.5;  8.75;77
 31.25;  8.75;77
31;  8.75;77
 30.75;  8.75;77
 30.5;  8.75;77
 30.25;  8.75;77
30;  8.75;77
 29.75;  8.75;77
 29.5;  8.75;77
 29.25;  8.75;77
29;  8.75;77
 28.75;9;77
 28.5;  8.75;77
 28.25;  8.75;77
28;  8.75;77
 27.75;  8.75;77
 27.5;  8.75;77
 27.25;  8.75;77
27;  8.75;77
 26.75;  8.75;77
 26.75;  8.75;77
 26.25;  8.75;102
26;  8.75;102
 25.75;  8.75;102
 25.5;  8.75;102
 25.25;  9.25;102
25;  8.75;131
 24.75;  8.75;131
 24.5;  8.75;131
 24.25;  8.75;131
 24.25;9;131
 23.75;  8.75;102
 23.75;  8.75;102
 23.25;  8.75;46
23;  8.75;46
 22.75;  8.75;46
 22.5;  8.75;46
 22.5;  8.75;46
22;  9.25;37
 21.75;  8.75;37
 21.5;  8.75;37
 21.25;  8.75;37
21;  8.75;37
 20.75;  8.75;37
 20.5;  8.75;37
 20.25;  8.75;37
20;  8.75;37
 19.75;  8.75;37
 19.5;  8.75;37
 19.25;  8.75;37
19;  8.75;37
 18.75;  8.75;37
 18.5;  8.75;37
 18.25;  8.75;37
18;  8.75;37
 17.75;  8.75;37
 17.5;  8.75;37
 17.25;  8.75;37
17;  8.75;37
 16.75;  8.75;37
 16.5;  8.75;37
 16.25;  8.75;37
16;  8.75;37
 15.75;9;37
 15.5;  8.75;168
 15.25;  8.75;168
15;  8.75;168
 14.75;  8.75;168
 14.5;  8.75;168
 14.25;  8.75;168
14;9;81
 13.75;  8.75;81
 13.5;  8.75;81
 13.25;  8.75;81
13;  8.75;81
 12.75;  8.75;81
 12.5;  8.75;81
 12.25;  8.75;81
12;  8.75;81
 11.75;  8.75;81
 11.5;  8.75;95
 11.25;  8.75;95
11;  8.75;95
 10.75;  8.75;95
 10.5;  8.75;95
 10.25;  8.75;95
10;  8.75;95
 9.75;  8.75;95
 9.5;  8.75;95
 9.25;  8.75;95
9;  8.75;95
 8.75;  8.75;95
 8.5;  8.75;95
 8.25;9;95
8;  8.75;177
 7.75;  8.75;177
 7.5;  8.75;177
 7.25;  8.75;90
7;  8.75;90
 6.75;  8.75;90
 6.5;  8.75;90
 6.25;  8.75;90
6;  8.75;90
 5.75;  8.75;90
 5.5;  8.75;90
 5.25;  8.75;90
5;  8.75;90
 4.75;  8.75;90
 4.5;  8.75;90
 4.25;  8.75;90
4;  8.75;90
 3.5;  8.75;58
 3.5;  8.75;58
 3.25;  9.25;112
3;9;112
 2.75;  8.75;58
 2.5;  8.75;146
 2.25;  8.75;146
2;  8.75;146
 1.75;  8.75;146
1;  9.25;0
1;  9.25;0
1;  9.25;0
 0.75;  9.25;0
 0.5;  9.25;0
 0.25;  9.25;0
0;  9.25;0
47;  9.5;0
 46.75;  9.5;0
 46.5;  9.5;0
 46.25;  9.5;0
46;  9.5;0
 45.75;  9.5;0
 45.5;  9.5;0
 45.25;9;0
45;9;0
 44.75;9;0
 44.5;9;0
 44.25;9;0
 44.25;9;0
 44.25;9;0
 43.5;9;142
 43.25;9;142
43;9;142
 42.75;9;142
 42.5;9;142
 42.25;9;142
42;9;142
 41.75;9;142
 41.5;9;142
 41.25;9;142
41;9;142
 40.75;9;142
 40.5;9;142
 40.25;9;142
40;9;142
 39.75;9;142
 39.5;9;142
 39.25;9;142
39;9;142
 38.75;9;142
 38.5;9;142
 38.25;9;142
38;9;142
 37.75;9;12
 37.5;9;12
 37.25;9;12
37;9;12
 36.75;9;12
 36.5;9;12
 36.25;9;12
36;9;12
 35.75;9;12
 35.5;9;12
 35.25;9;12
35;9;12
 34.75;9;12
 34.5;9;12
 34.25;9;12
34;9;12
 33.75;9;12
 33.5;9;12
 33.25;9;12
33;9;12
 32.75;9;12
 32.75;  9.25;12
32;9;51
32;9;51
 31.75;9;51
 31.5;  9.25;77
 31.25;9;77
31;9;77
 30.75;9;77
 30.5;9;77
 30.25;9;77
30;9;77
 29.75;9;77
 29.5;9;77
 29.25;9;77
29;9;77
 28.75;9;77
 28.5;9;77
 28.25;9;77
28;9;77
 27.75;9;77
 27.5;9;77
 27.25;9;77
27;9;77
 26.75;9;77
 26.5;  9.25;102
 26.25;9;102
26;9;102
 25.75;9;102
 25.5;9;102
 25.25;  9.25;102
25;9;131
 24.75;9;131
 24.5;9;131
 24.25;9;131
 24.25;9;131
 23.75;  8.75;102
 23.75;  8.75;102
23;9;46
23;9;46
 22.75;9;46
 22.5;9;46
 22.25;  9.5;37
22;  9.25;37
 21.75;9;37
 21.5;9;37
 21.25;9;37
21;9;37
 20.75;9;37
 20.5;9;37
 20.25;9;37
20;9;37
 19.75;9;37
 19.5;9;37
 19.25;9;37
19;9;37
 18.75;9;37
 18.5;9;37
 18.25;9;37
18;9;37
 17.75;9;37
 17.5;9;37
 17.25;9;37
17;9;37
 16.75;9;37
 16.5;9;37
 16.25;9;37
16;9;37
 15.75;9;37
 15.5;9;168
 15.25;9;168
15;9;168
 14.75;9;168
 14.5;9;168
 14.25;9;168
14;9;81
 13.75;9;81
 13.5;9;81
 13.25;9;81
13;9;81
 12.75;9;81
 12.5;9;81
 12.25;9;81
12;9;81
 11.75;  9.25;95
 11.5;9;95
 11.25;9;95
11;9;95
 10.75;9;95
 10.5;9;95
 10.25;9;95
10;9;95
 9.75;9;95
 9.5;9;95
 9.25;9;95
9;9;95
 8.75;9;95
 8.5;9;95
 8.25;9;95
8;9;177
 7.75;  9.25;177
 7.5;9;177
 7.25;9;90
7;9;90
 6.75;9;90
 6.5;9;90
 6.25;9;90
6;9;90
 5.75;9;90
 5.5;9;90
 5.25;9;90
5;9;90
 4.75;9;90
 4.5;9;90
 4.25;9;90
4;9;90
 3.75;  9.25;112
 3.5;9;112
 3.25;  9.25;112
3;9;112
 2.75;  9.25;112
 2.5;9;146
 2.25;9;146
2;9;146
 1.75;9;146
1;  9.5;0
1;  9.5;0
1;  9.5;0
 0.75;  9.5;0
 0.5;  9.5;0
 0.25;  9.5;0
0;  9.5;0
47;  9.75;0
 46.75;  9.75;0
 46.5;  9.75;0
 46.25;  9.75;0
46;  9.75;0
 45.75;  9.75;0
 45.5;  9.75;0
 45.25;  9.25;0
45;  9.25;0
 44.75;  9.25;0
 44.5;  9.25;0
 44.25;  9.25;0
 44.25;  9.25;0
 44.25;  9.25;0
 43.5;  9.25;142
 43.25;  9.25;142
43;  9.25;142
 42.75;  9.25;142
 42.5;  9.25;142
 42.25;  9.25;142
42;  9.25;142
 41.75;  9.25;142
 41.5;  9.25;142
 41.25;  9.25;142
41;  9.25;142
 40.75;  9.25;142
 40.5;  9.25;142
 40.25;  9.25;142
40;  9.25;142
 39.75;  9.25;142
 39.5;  9.25;142
 39.25;  9.25;142
39;  9.25;142
 38.75;  9.25;142
 38.5;  9.25;142
 38.25;  9.25;142
38;  9.25;12
 37.75;  9.25;12
 37.5;  9.25;12
 37.25;  9.25;12
37;  9.25;12
 36.75;  9.25;12
 36.5;  9.25;12
 36.25;  9.25;12
36;  9.25;12
 35.75;  9.25;12
 35.5;  9.25;12
 35.25;  9.25;12
35;  9.25;12
 34.75;  9.25;12
 34.5;  9.25;12
 34.25;  9.25;12
34;  9.25;12
 33.75;  9.25;12
 33.5;  9.25;12
 33.25;  9.25;12
33;  9.25;12
 32.75;  9.25;12
 32.75;  9.25;12
32;9;51
32;9;51
 31.75;9;51
 31.5;  9.25;77
 31.25;  9.25;77
31;  9.25;77
 30.75;  9.25;77
 30.5;  9.25;77
 30.25;  9.25;77
30;  9.25;77
 29.75;  9.25;77
 29.5;  9.25;77
 29.25;  9.25;77
29;  9.25;77
 28.75;  9.5;77
 28.5;  9.25;77
 28.25;  9.25;77
28;  9.25;77
 27.75;  9.25;77
 27.5;  9.25;77
 27.25;  9.25;77
27;  9.25;77
 26.75;  9.25;77
 26.5;  9.25;102
 26.25;  9.25;102
26;  9.25;102
 25.75;  9.25;102
 25.5;  9.25;102
 25.25;  9.25;102
25;  9.75;125
 24.75;  9.5;125
 24.5;  9.5;125
 24.25;  9.5;125
24;  9.5;125
 23.75;  9.75;125
 23.5;  9.75;125
 23.25;  9.5;125
23;  9.75;125
 22.5;  9.25;46
 22.5;  9.25;46
 22.25;  9.5;37
22;  9.25;37
 21.75;  9.25;37
 21.5;  9.25;37
 21.25;  9.25;37
21;  9.25;37
 20.75;  9.25;37
 20.5;  9.25;37
 20.25;  9.25;37
20;  9.25;37
 19.75;  9.25;37
 19.5;  9.25;37
 19.25;  9.25;37
19;  9.25;37
 18.75;  9.25;37
 18.5;  9.25;37
 18.25;  9.25;37
18;  9.25;37
 17.75;  9.25;37
 17.5;  9.25;37
 17.25;  9.25;37
17;  9.25;37
 16.75;  9.25;37
 16.5;  9.25;37
 16.25;  9.25;37
16;  9.25;37
 15.75;  9.25;37
 15.5;  9.25;168
 15.25;  9.25;168
15;  9.25;168
 14.75;  9.25;168
 14.5;  9.5;81
 14.25;  9.25;81
14;  9.25;81
 13.75;  9.25;81
 13.5;  9.25;81
 13.25;  9.25;81
13;  9.25;81
 12.75;  9.25;81
 12.5;  9.25;81
 12.25;  9.25;81
12;  9.25;81
 11.75;  9.25;95
 11.5;  9.25;95
 11.25;  9.25;95
11;  9.5;95
 10.75;  9.25;95
 10.5;  9.25;95
 10.25;  9.25;95
10;  9.25;95
 9.75;  9.25;95
 9.5;  9.25;95
 9.25;  9.25;95
9;  9.25;95
 8.75;  9.25;95
 8.5;  9.25;95
 8.25;  9.25;95
8;  9.25;177
 7.75;  9.25;177
 7.5;  9.25;90
 7.25;  9.25;90
7;  9.25;90
 6.75;  9.25;90
 6.5;  9.25;90
 6.25;  9.25;90
6;  9.25;90
 5.75;  9.25;90
 5.5;  9.25;90
 5.25;  9.25;90
5;  9.25;90
 4.75;  9.25;90
 4.5;  9.25;90
 4.25;  9.25;90
4;  9.25;90
 3.75;  9.25;112
 3.5;  9.25;112
 3.25;  9.25;112
3;  9.25;112
 2.75;  9.25;112
 2.5;  9.5;112
 2.25;  9.25;146
2;  9.25;146
 1.75;  9.25;146
1;  9.75;0
1;  9.75;0
1;  9.75;0
 0.75;  9.75;0
 0.5;  9.75;0
 0.25;  9.75;0
0;  9.75;0
47;10;0
 46.75;10;0
 46.5;10;0
 46.25;10;0
46;10;0
 45.75;10;0
 45.5;10;0
 45.25;  9.5;0
45;  9.5;0
 44.75;  9.5;0
 44.5;  9.5;0
 44.25;  9.5;0
 44.25;  9.5;0
 44.25;  9.5;0
 43.5;  9.5;142
 43.25;  9.5;142
43;  9.5;142
 42.75;  9.5;142
 42.5;  9.5;142
 42.25;  9.5;142
42;  9.5;142
 41.75;  9.5;142
 41.5;  9.5;142
 41.25;  9.5;142
41;  9.5;142
 40.75;  9.5;142
 40.5;  9.5;142
 40.25;  9.5;142
40;  9.5;142
 39.75;  9.5;142
 39.5;  9.5;142
 39.25;  9.5;142
39;  9.5;142
 38.75;  9.5;142
 38.5;  9.5;142
 38.5;  9.5;142
38;  9.5;12
 37.75;  9.5;12
 37.5;  9.5;12
 37.25;  9.5;12
37;  9.5;12
 36.75;  9.5;12
 36.5;  9.5;12
 36.25;  9.5;12
36;  9.5;12
 35.75;  9.5;12
 35.5;  9.5;12
 35.25;  9.5;12
35;  9.5;12
 34.75;  9.5;12
 34.5;  9.5;12
 34.25;  9.5;12
34;  9.5;12
 33.75;  9.5;12
 33.5;  9.5;12
33;  9.5;12
33;  9.5;12
 32.75;  9.5;12
 32.75;  9.5;12
 32.25;  9.75;13
32;  9.75;13
 31.75;10;13
 31.5;  9.5;77
 31.25;  9.5;77
31;  9.5;77
 30.75;  9.5;77
 30.5;  9.5;77
 30.25;  9.5;77
30;  9.5;77
 29.75;  9.5;77
 29.5;  9.5;77
 29.25;  9.5;77
29;  9.5;77
 28.75;  9.5;77
 28.5;  9.5;77
 28.25;  9.5;77
28;  9.5;77
 27.75;  9.5;77
 27.5;  9.5;77
 27.25;  9.5;77
27;  9.5;77
 26.75;  9.5;77
 26.5;  9.75;9
 26.25;10;9
26;  9.5;102
 25.75;  9.5;102
 25.5;  9.5;102
 25.5;  9.5;102
25;  9.75;125
 24.75;  9.5;125
 24.5;  9.5;125
 24.25;  9.5;125
24;  9.5;125
 23.75;  9.75;125
 23.5;  9.75;125
 23.25;  9.5;125
23;  9.75;125
 22.75;  9.5;125
 22.5;10;125
 22.25;  9.5;37
22;  9.5;37
 21.75;  9.5;37
 21.5;  9.5;37
 21.25;  9.5;37
21;  9.5;37
 20.75;  9.5;37
 20.5;  9.5;37
 20.25;  9.5;37
20;  9.5;37
 19.75;  9.5;37
 19.5;  9.5;37
 19.25;  9.5;37
19;  9.5;37
 18.75;  9.5;37
 18.5;  9.5;37
 18.25;  9.5;37
18;  9.5;37
 17.75;  9.5;37
 17.5;  9.5;37
 17.25;  9.5;37
17;  9.5;37
 16.75;  9.5;37
 16.5;  9.5;37
 16.25;  9.5;37
16;  9.5;37
 15.75;  9.5;37
 15.5;  9.75;37
 15.25;  9.75;168
15;  9.5;168
15;  9.5;168
 14.5;  9.5;81
 14.25;  9.5;81
14;  9.5;81
 13.75;  9.5;81
 13.5;  9.5;81
 13.25;  9.5;81
13;  9.5;81
 12.75;  9.5;81
 12.5;  9.5;81
 12.25;  9.5;81
12;  9.5;81
 11.75;  9.75;81
 11.5;  9.5;95
 11.25;  9.5;95
11;  9.5;95
 10.75;  9.5;95
 10.5;  9.5;95
 10.25;  9.5;95
10;  9.5;95
 9.75;  9.5;95
 9.5;  9.5;95
 9.25;  9.5;95
9;  9.5;95
 8.75;  9.5;95
 8.5;  9.5;95
 8.25;  9.5;95
8;10;95
 7.75;  9.75;90
 7.5;  9.5;90
 7.25;  9.5;90
7;  9.75;90
 6.75;  9.5;90
 6.5;  9.5;90
 6.25;  9.5;90
6;  9.5;90
 5.75;  9.5;90
 5.5;  9.5;90
 5.25;  9.75;90
5;  9.5;90
 4.75;  9.5;90
 4.5;  9.5;90
 4.25;  9.5;90
4;  9.5;90
 3.75;10;90
 3.5;  9.5;112
 3.25;  9.5;112
3;  9.5;112
 2.75;  9.5;112
 2.5;  9.5;112
 2.25;  9.5;146
2;  9.5;146
 1.75;  9.5;146
 1.25;  10.25;0
 1.25;  10.25;0
1;10;0
 0.75;10;0
 0.5;10;0
 0.25;10;0
0;10;0
47;  10.25;0
 46.75;  10.25;0
 46.5;  10.25;0
 46.25;  10.25;0
46;  10.25;0
 45.75;  10.25;0
 45.5;  10.25;0
 45.25;  9.75;0
45;  9.75;0
 44.75;  9.75;0
 44.5;  9.75;0
 44.25;  9.75;0
 44.25;  9.75;0
 44.25;  9.75;0
 43.25;  9.75;142
 43.25;  9.75;142
43;  9.75;142
 42.75;  9.75;142
 42.5;  9.75;142
 42.25;  9.75;142
42;  9.75;142
 41.75;  9.75;142
 41.5;  9.75;142
 41.25;  9.75;142
41;  9.75;142
 40.75;  9.75;142
 40.5;  9.75;142
 40.25;  9.75;142
40;  9.75;142
 39.75;  9.75;142
 39.5;  9.75;142
 39.25;  9.75;142
39;  9.75;142
 38.75;  9.75;142
 38.5;10;78
 38.25;  9.75;78
38;10;78
 37.75;  9.75;12
 37.5;  9.75;12
 37.25;  9.75;12
37;  9.75;12
 36.75;  9.75;12
 36.5;  9.75;12
 36.25;  9.75;12
36;  9.75;12
 35.75;  9.75;12
 35.5;  9.75;12
 35.25;  9.75;12
35;  9.75;12
 34.75;  9.75;12
 34.5;  9.75;12
 34.25;  9.75;12
34;  9.75;12
 33.75;  9.75;12
 33.75;  9.75;12
 33.75;  9.75;12
33;  10.5;13
 32.75;  10.25;13
 32.5;10;13
 32.25;  9.75;13
32;  9.75;13
 31.75;10;13
 31.5;10;13
31;  9.75;77
31;  9.75;77
 30.75;  9.75;77
 30.5;  9.75;77
 30.25;  9.75;77
30;  9.75;77
 29.75;  9.75;77
 29.5;  9.75;77
 29.25;  9.75;77
29;  9.75;77
 28.75;  9.75;77
 28.5;  9.75;77
 28.25;  9.75;77
28;  9.75;77
 27.75;  9.75;77
 27.25;10;77
 27.25;  9.75;77
27;  9.75;77
 26.75;10;9
 26.5;  9.75;9
 26.25;10;9
26;10;9
 25.75;10;9
 25.5;  9.5;102
 25.25;  9.75;125
25;  9.75;125
 24.75;  9.75;125
 24.5;  9.75;125
 24.25;10;125
24;  9.75;125
 23.75;  9.75;125
 23.5;  9.75;125
 23.25;  9.75;125
23;  9.75;125
 22.75;  9.75;125
 22.5;10;125
 22.25;  9.75;37
22;  9.75;37
 21.75;  9.75;37
 21.5;  9.75;37
 21.25;  9.75;37
21;  9.75;37
 20.75;  9.75;37
 20.5;  9.75;37
 20.25;  9.75;37
20;  9.75;37
 19.75;  9.75;37
 19.5;  9.75;37
 19.25;  9.75;37
19;  9.75;37
 18.75;  9.75;37
 18.5;  9.75;37
 18.25;  9.75;37
18;  9.75;37
 17.75;  9.75;37
 17.5;  9.75;37
 17.25;  9.75;37
17;  9.75;37
 16.75;  9.75;37
 16.5;  9.75;37
 16.25;  9.75;37
16;  9.75;37
 15.75;  9.75;37
 15.5;  9.75;37
 15.25;  9.75;168
15;  9.75;168
15;  9.75;168
 14.5;  9.75;81
 14.25;  9.75;81
14;  9.75;81
 13.75;  9.75;81
 13.5;  9.75;81
 13.25;  9.75;81
13;  9.75;81
 12.75;  9.75;81
 12.5;  9.75;81
 12.25;  9.75;81
12;  9.75;81
 11.75;  9.75;81
 11.5;  9.75;95
 11.25;  9.75;95
11;  9.75;95
 10.75;  9.75;95
 10.5;  9.75;95
 10.25;  9.75;95
10;10;95
 9.75;  9.75;95
 9.5;  9.75;95
 9.25;  9.75;95
9;  9.75;95
 8.75;  9.75;95
 8.5;  9.75;95
 8.25;  9.75;95
8;10;95
 7.75;  9.75;90
 7.5;  9.75;90
 7.25;  9.75;90
7;  9.75;90
 6.75;  9.75;90
 6.5;10;90
 6.25;  9.75;90
6;10;90
 5.75;  9.75;90
 5.5;  9.75;90
 5.25;  9.75;90
5;  9.75;90
 4.75;  9.75;90
 4.5;10;90
 4.25;  9.75;90
4;  9.75;90
 3.75;10;90
 3.5;  9.75;112
 3.25;  9.75;112
3;  9.75;112
 2.75;  9.75;112
 2.5;  9.75;112
2;  9.75;146
2;  9.75;146
 1.25;  10.25;0
 1.25;  10.25;0
 1.25;  10.25;0
1;  10.25;0
 0.75;  10.25;0
 0.5;  10.25;0
 0.25;  10.25;0
0;  10.25;0
47;  10.5;0
 46.75;  10.5;0
 46.5;  10.5;0
 46.25;  10.5;0
46;  10.5;0
 45.75;  10.5;0
 45.5;  10.5;0
 45.25;10;0
45;10;0
 44.75;10;0
 44.5;10;0
 44.25;10;0
 44.25;10;0
 44.25;10;0
 43.25;10;142
 43.25;10;142
43;10;142
 42.75;10;142
 42.5;10;142
 42.25;10;142
42;10;142
 41.75;10;142
 41.5;10;142
 41.25;10;142
41;10;142
 40.75;10;142
 40.5;10;142
 40.25;10;142
40;10;142
 39.75;10;142
 39.5;10;142
 39.25;10;142
39;10;142
 38.75;  10.5;78
 38.5;10;78
 38.25;10;78
38;10;78
 37.75;  10.25;78
 37.5;  10.25;78
37;10;12
37;10;12
 36.75;10;12
 36.5;10;12
 36.25;10;12
36;10;12
 35.75;10;12
 35.5;10;12
 35.25;10;12
35;10;12
 34.75;10;12
 34.5;10;12
 34.25;10;12
34;10;12
 33.75;10;12
 33.75;10;12
33;  10.5;13
33;  10.5;13
 32.75;  10.25;13
 32.5;10;13
 32.25;10;13
32;10;13
 31.75;10;13
 31.5;10;13
 31.25;  10.25;13
31;  10.25;13
 30.75;10;77
 30.25;10;77
 30.25;10;77
30;10;77
 29.75;10;77
 29.5;10;77
29;10;77
29;10;77
 28.75;10;77
 28.5;10;77
28;10;77
28;10;77
 27.75;10;77
 27.25;10;77
 27.25;10;77
 27.25;10;77
 26.75;10;9
 26.5;10;9
 26.25;10;9
26;10;9
 25.75;10;9
 25.5;  10.5;125
 25.25;10;125
25;10;125
 24.75;10;125
 24.5;10;125
 24.25;10;125
24;10;125
 23.75;10;125
 23.5;10;125
 23.25;  10.25;125
23;10;125
 22.75;10;125
 22.5;10;125
 22.25;10;37
22;10;37
 21.75;10;37
 21.5;10;37
 21.25;10;37
21;10;37
 20.75;10;37
 20.5;10;37
 20.25;10;37
20;10;37
 19.75;10;37
 19.5;10;37
 19.25;10;37
19;10;37
 18.75;10;37
 18.5;10;37
 18.25;10;37
18;10;37
 17.75;10;37
 17.5;10;37
 17.25;10;37
17;10;37
 16.75;10;37
 16.5;10;37
 16.25;10;37
16;10;37
 15.75;10;37
 15.5;10;37
 15.25;  10.5;31
15;  10.5;31
 14.75;  10.25;31
 14.5;  10.5;31
14;10;81
14;10;81
 13.75;10;81
 13.5;10;81
 13.25;10;81
13;10;81
 12.75;10;81
 12.5;10;81
 12.25;10;81
12;10;81
 11.75;10;81
 11.5;10;95
 11.25;10;95
11;10;95
 10.75;10;95
 10.5;10;95
 10.25;10;95
10;10;95
 9.75;10;95
 9.5;10;95
 9.25;10;95
9;10;95
 8.75;10;95
 8.5;10;95
 8.25;10;95
8;10;95
 7.75;10;90
 7.5;10;90
 7.25;10;90
7;  10.25;90
 6.75;10;90
 6.5;10;90
 6.25;10;90
6;10;90
 5.75;10;90
 5.5;10;90
 5.25;10;90
5;10;90
 4.75;10;90
 4.5;10;90
 4.25;10;90
4;10;90
 3.75;10;90
 3.5;  10.5;90
 3.25;  9.75;112
3;  10.5;14
 2.75;10;14
 2.5;  10.25;14
 2.25;10;14
2;  10.25;14
 1.25;  10.5;0
 1.25;  10.5;0
 1.25;  10.5;0
1;  10.5;0
 0.75;  10.5;0
 0.5;  10.5;0
 0.25;  10.5;0
0;  10.5;0
47;  10.75;0
 46.75;  10.75;0
 46.5;  10.75;0
 46.25;  10.75;0
46;  10.75;0
 45.75;  10.75;0
 45.5;  10.75;0
 45.25;  10.25;0
45;  10.25;0
 44.75;  10.25;0
 44.5;  10.25;0
 44.25;  10.25;0
 44.25;  10.25;0
 44.25;  10.25;0
 43.25;  10.25;142
 43.25;  10.25;142
43;  10.25;142
 42.75;  10.25;142
 42.5;  10.25;142
 42.25;  10.25;142
42;  10.25;142
 41.75;  10.25;142
 41.5;  10.25;142
 41.25;  10.25;142
41;  10.25;142
 40.75;  10.25;142
 40.5;  10.25;142
 40.25;  10.25;142
40;  10.25;142
 39.75;  10.25;142
 39.5;  10.25;142
 39.25;  10.25;142
39;  10.25;142
 38.75;  10.75;78
 38.5;  10.25;78
 38.25;  10.25;78
38;  10.25;78
 37.75;  10.25;78
 37.5;  10.25;78
 37.25;  10.5;78
37;  10.75;78
 36.75;  10.25;12
 36.5;  10.25;12
 36.25;  10.25;12
36;  10.25;12
 35.75;  10.25;12
 35.5;  10.25;12
 35.25;  10.25;12
35;  10.25;12
 34.75;  10.25;12
 34.5;  10.25;12
 34.25;  10.25;12
34;  10.25;12
34;  10.25;12
34;  10.25;12
33;  10.5;13
33;  10.5;13
 32.75;  10.25;13
 32.5;  10.25;13
 32.25;  10.25;13
32;  10.25;13
 31.75;  10.25;13
 31.5;  10.25;13
 31.25;  10.25;13
31;  10.25;13
 30.75;  10.5;13
 30.5;  10.75;13
 29.75;  10.25;77
 29.75;  10.25;77
 29.75;  10.25;77
 29.75;  10.25;77
 29.25;  10.5;13
29;  10.5;13
 28.75;  10.5;13
 28.5;  10.5;13
 28.5;  10.5;13
28;  10.5;13
 27.75;  10.5;171
 27.5;  10.5;171
 27.25;  10.5;171
27;  10.75;171
 26.75;  10.25;9
 26.5;  10.25;9
 26.25;  10.5;9
26;  10.25;9
 25.75;  10.25;9
 25.5;  10.5;125
 25.25;  10.25;125
25;  10.25;125
 24.75;  10.25;125
 24.5;  10.25;125
 24.25;  10.25;125
24;  10.25;125
 23.75;  10.25;125
 23.5;  10.25;125
 23.25;  10.25;125
23;  10.25;125
 22.75;  10.25;125
 22.5;  10.25;125
 22.25;  10.5;107
22;  10.5;107
 21.5;  10.25;37
 21.5;  10.25;37
 21.25;  10.25;37
21;  10.25;37
 20.75;  10.25;37
 20.5;  10.25;37
 20.25;  10.25;37
20;  10.25;37
 19.75;  10.25;37
 19.5;  10.25;37
 19.25;  10.25;37
19;  10.25;37
 18.75;  10.25;37
 18.5;  10.25;37
 18.25;  10.25;37
18;  10.25;37
 17.75;  10.25;37
 17.5;  10.25;37
 17.25;  10.25;37
17;  10.25;37
 16.75;  10.25;37
 16.5;  10.25;37
 16.25;  10.25;37
16;  10.25;37
 15.75;  10.25;37
 15.5;  10.25;37
 15.25;  10.5;31
15;  10.5;31
 14.75;  10.25;31
 14.5;  10.5;31
 14.25;  10.75;31
14;  10.25;81
 13.75;  10.25;81
 13.5;  10.25;81
 13.25;  10.25;81
13;  10.25;81
 12.75;  10.25;81
 12.5;  10.25;81
 12.25;  10.25;81
12;  10.25;81
12;  10.5;81
 11.5;  10.25;95
 11.25;  10.25;95
11;  10.25;95
 10.75;  10.25;95
 10.5;  10.25;95
 10.25;  10.25;95
10;  10.25;95
 9.75;  10.25;95
 9.5;  10.25;95
 9.25;  10.25;95
9;  10.25;95
 8.75;  10.25;95
 8.5;  10.25;95
 8.25;  10.25;95
8;  10.25;95
 7.75;  10.25;90
 7.5;  10.25;90
 7.25;  10.25;90
7;  10.25;90
 6.75;  10.25;90
 6.5;  10.25;90
 6.25;  10.25;90
6;  10.25;90
 5.75;  10.25;90
 5.5;  10.25;90
 5.25;  10.25;90
5;  10.25;90
 4.75;  10.25;90
 4.5;  10.25;90
 4.25;  10.25;90
4;  10.25;90
 3.75;  10.25;90
 3.5;  10.5;90
 3.5;  10.5;90
3;  10.75;14
 2.75;  10.25;14
 2.5;  10.25;14
 2.25;  10.25;14
2;  10.25;14
 1.25;  10.75;0
 1.25;  10.75;0
 1.25;  10.75;0
1;  10.75;0
 0.75;  10.75;0
 0.5;  10.75;0
 0.25;  10.75;0
0;  10.75;0
47;11;0
 46.75;11;0
 46.5;11;0
 46.25;11;0
46;11;0
 45.75;11;0
 45.5;11;0
 45.25;11;0
45;  10.5;0
 44.75;  10.5;0
 44.5;  10.5;0
 44.25;  10.5;0
44;  10.75;0
44;  10.75;0
 43.25;  10.5;142
 43.25;  10.5;142
43;  10.5;142
 42.75;  10.5;142
 42.5;  10.5;142
 42.25;  10.5;142
42;  10.5;142
 41.75;  10.5;142
 41.5;  10.5;142
 41.25;  10.5;142
41;  10.5;142
 40.75;  10.5;142
 40.5;  10.5;142
 40.25;  10.5;142
40;  10.5;142
 39.75;  10.5;142
 39.5;  10.5;142
 39.25;  10.5;142
39;  10.5;142
 38.75;  10.75;78
 38.5;  10.5;78
 38.25;  10.5;78
38;  10.5;78
 37.75;  10.5;78
 37.5;  10.5;78
 37.25;  10.5;78
37;11;78
 36.5;  10.5;12
 36.5;  10.5;12
 36.25;  10.5;12
36;  10.5;12
 35.75;  10.5;12
 35.5;  10.5;12
 35.25;  10.5;12
35;  10.5;12
 34.75;  10.5;12
 34.5;  10.5;12
 34.25;  10.5;12
34;  10.5;12
34;  10.5;12
 33.5;  11.25;13
 33.25;11;13
33;  10.5;13
 32.75;  10.5;13
 32.5;  10.5;13
 32.25;  10.5;13
32;  10.5;13
 31.75;  10.5;13
 31.5;  10.5;13
 31.25;  10.5;13
31;  10.5;13
 30.75;  10.5;13
 30.5;  10.75;13
 30.25;  10.75;13
30;  10.5;13
 29.75;  10.5;13
 29.5;  10.5;13
 29.25;  10.5;13
29;  10.5;13
 28.75;  10.5;13
 28.5;  10.5;13
 28.25;  10.5;13
28;  10.5;13
 27.75;  10.5;171
 27.5;  10.5;171
 27.25;  10.5;171
27;  10.75;171
 26.75;  10.5;9
 26.5;  10.5;9
 26.25;  10.5;9
26;  10.5;9
 25.75;  10.5;9
 25.5;  10.5;125
 25.25;  10.5;125
25;  10.5;125
 24.75;  10.5;125
 24.5;  10.5;125
 24.25;  10.5;125
24;  10.5;125
 23.75;  10.5;125
 23.5;  10.5;125
 23.25;  10.5;125
23;  10.5;125
 22.75;  10.5;125
 22.5;  10.5;125
 22.25;  10.5;107
22;  10.5;107
 21.75;  10.5;107
 21.5;  10.5;107
 21.25;  10.5;107
21;  10.75;107
 20.75;  10.5;37
 20.5;  10.5;37
 20.25;  10.5;37
20;  10.5;37
 19.75;  10.5;37
 19.5;  10.5;37
 19.25;  10.5;37
19;  10.5;37
 18.75;  10.5;37
 18.5;  10.5;37
 18.25;  10.5;37
18;  10.5;37
 17.75;  10.5;37
 17.5;  10.5;37
 17.25;  10.5;37
17;  10.5;37
 16.75;  10.5;37
 16.5;  10.5;37
 16.25;  10.5;37
16;  10.5;37
 15.75;  10.5;37
 15.5;  10.5;37
 15.25;  10.5;31
15;  10.5;31
 14.75;  10.5;31
 14.5;  10.5;31
 14.25;  10.75;31
14;11;31
 13.75;  10.5;81
 13.5;  10.75;81
 13.25;  10.5;81
13;  10.5;81
 12.75;  10.5;81
 12.5;  10.5;81
 12.25;  10.5;81
12;  10.5;81
12;  10.5;81
 11.5;  10.5;95
 11.25;  10.5;95
11;  10.5;95
 10.75;  10.5;95
 10.5;  10.5;95
 10.25;  10.5;95
10;  10.5;95
 9.75;  10.5;95
 9.5;  10.5;95
 9.25;  10.5;95
9;  10.5;95
 8.75;  10.5;95
 8.5;  10.5;95
 8.25;  10.5;95
8;  10.5;95
 7.75;  10.5;90
 7.5;  10.5;90
 7.25;  10.5;90
7;  10.5;90
 6.75;  10.5;90
 6.5;  10.5;90
 6.25;  10.5;90
6;  10.5;90
 5.75;  10.5;90
 5.5;  10.5;90
 5.25;  10.5;90
5;  10.5;90
 4.75;  10.5;90
 4.5;  10.5;90
 4.25;  10.5;90
4;  10.5;90
 3.75;  10.5;90
 3.5;  10.5;90
 3.5;  10.5;90
3;  10.75;14
 2.75;  10.5;14
 2.5;  10.5;14
 2.25;  10.5;14
2;  10.5;14
2;  10.75;14
1;11;0
1;11;0
1;11;0
 0.75;11;0
 0.5;11;0
 0.25;11;0
0;11;0
47;  11.25;0
 46.75;  11.25;0
 46.5;  11.25;0
 46.25;  11.25;0
46;  11.25;0
 45.75;  11.25;0
 45.5;  11.25;0
 45.25;11;0
45;  10.75;0
 44.75;  10.75;0
 44.5;  10.75;0
 44.25;  10.75;0
44;  10.75;0
44;  10.75;0
44;  10.75;0
 43.25;  10.75;142
43;  10.75;142
 42.75;  10.75;142
 42.5;  10.75;142
 42.25;  10.75;142
42;  10.75;142
 41.75;  10.75;142
 41.5;  10.75;142
 41.25;  10.75;142
41;  10.75;142
 40.75;  10.75;142
 40.5;  10.75;142
 40.25;  10.75;142
40;  10.75;142
 39.75;  10.75;142
 39.5;  10.75;142
 39.25;  10.75;142
39;11;78
 38.75;  10.75;78
 38.5;  10.75;78
 38.25;11;78
38;  10.75;78
 37.75;  10.75;78
 37.5;  10.75;78
 37.25;  10.75;78
37;11;78
 36.75;  11.25;78
 36.5;  10.75;12
 36.25;  10.75;12
36;  10.75;12
 35.75;  10.75;12
 35.5;  10.75;12
 35.25;  10.75;12
35;  10.75;12
 34.75;  10.75;12
 34.5;  10.75;12
 34.25;  10.75;12
 34.25;  10.75;12
 34.25;  10.75;12
 33.5;  11.25;13
 33.25;11;13
33;  10.75;13
 32.75;  10.75;13
 32.5;  10.75;13
 32.25;  10.75;13
32;  10.75;13
 31.75;  10.75;13
 31.5;  10.75;13
 31.25;  10.75;13
31;  10.75;13
 30.75;  10.75;13
 30.5;  10.75;13
 30.25;  10.75;13
30;  10.75;13
 29.75;  10.75;13
 29.5;  10.75;13
 29.25;  10.75;13
29;  10.75;13
 28.75;  10.75;13
 28.5;  10.75;13
 28.25;  10.75;13
28;  10.75;13
 27.75;11;13
 27.5;  10.75;171
 27.25;11;171
27;  10.75;171
 26.75;11;171
 26.5;  10.75;9
 26.25;  10.75;9
26;  10.75;9
 25.75;  11.25;125
 25.5;  10.75;125
 25.25;  10.75;125
25;  10.75;125
 24.75;  10.75;125
 24.5;  10.75;125
 24.25;  10.75;125
24;  10.75;125
 23.75;  10.75;125
 23.5;  10.75;125
 23.25;  10.75;125
23;  10.75;125
 22.75;  10.75;125
 22.5;  10.75;125
 22.25;  10.75;107
22;  10.75;107
 21.75;  10.75;107
 21.5;  10.75;107
 21.25;  10.75;107
21;  10.75;107
 20.75;  10.75;107
 20.5;  10.75;107
 20.25;  10.75;107
20;11;107
 19.75;  10.75;37
 19.5;11;107
19;  10.75;37
19;  10.75;37
 18.75;  10.75;37
 18.5;  10.75;37
 18.25;  10.75;37
18;  10.75;37
 17.75;  10.75;37
 17.5;  10.75;37
 17.25;  10.75;37
17;  10.75;37
 16.75;  10.75;37
 16.5;  10.75;37
 16.25;  10.75;37
16;  10.75;37
 15.75;  10.75;37
 15.5;  10.75;37
 15.25;  10.75;31
15;  10.75;31
 14.75;  10.75;31
 14.5;  10.75;31
 14.25;  10.75;31
14;11;31
 13.75;11;31
 13.5;  10.75;81
 13.25;  10.75;81
13;  10.75;81
 12.75;  10.75;81
 12.5;  10.75;81
 12.25;  10.75;81
12;  10.75;81
 11.75;11;81
 11.5;  10.75;95
 11.25;  10.75;95
11;  10.75;95
 10.75;  10.75;95
 10.5;  10.75;95
 10.25;  10.75;95
10;  10.75;95
 9.75;  10.75;95
 9.5;  10.75;95
 9.25;  10.75;95
9;  10.75;95
 8.75;  10.75;95
 8.5;  10.75;95
 8.25;  10.75;95
8;  10.75;95
 7.75;  10.75;90
 7.5;  10.75;90
 7.25;  10.75;90
7;  10.75;90
 6.75;  10.75;90
 6.5;  10.75;90
 6.25;  10.75;90
6;  10.75;90
 5.75;  10.75;90
 5.5;  10.75;90
 5.25;  10.75;90
5;  10.75;90
 4.75;  10.75;90
 4.5;  10.75;90
 4.25;  10.75;90
4;  10.75;90
 3.75;  10.75;90
 3.5;  10.75;90
 3.25;11;90
3;  10.75;14
 2.75;  10.75;14
 2.5;  10.75;14
 2.25;  10.75;14
2;  10.75;14
2;  10.75;14
 1.25;  11.5;0
 1.25;  11.5;0
1;  11.25;0
 0.75;  11.25;0
 0.5;  11.25;0
 0.25;  11.25;0
0;  11.25;0
47;  11.5;0
 46.75;  11.5;0
 46.5;  11.5;0
 46.25;  11.5;0
46;  11.5;0
 45.75;  11.5;0
 45.5;  11.5;0
 45.5;  11.5;0
45;11;0
 44.75;11;0
 44.5;11;0
 44.25;11;0
44;11;0
44;11;0
44;11;0
 43.25;11;142
43;11;142
 42.75;11;142
 42.5;11;142
 42.25;11;142
42;11;142
 41.75;11;142
 41.5;11;142
 41.25;11;142
41;11;142
 40.75;11;142
 40.5;11;142
 40.25;11;142
40;11;142
 39.75;11;142
 39.5;  11.5;78
 39.25;  11.25;78
39;11;78
 38.75;11;78
 38.5;11;78
 38.25;11;78
38;11;78
 37.75;11;78
 37.5;11;78
 37.25;11;78
37;11;78
 36.75;  11.25;78
 36.5;  11.25;78
 36.25;  11.25;78
36;11;12
 35.75;11;12
 35.5;11;12
 35.25;11;12
35;11;12
 34.75;11;12
 34.5;11;12
 34.25;11;12
 34.25;11;12
 33.75;  11.5;13
 33.5;  11.25;13
 33.25;11;13
33;11;13
 32.75;11;13
 32.5;11;13
 32.25;11;13
32;11;13
 31.75;11;13
 31.5;11;13
 31.25;11;13
31;11;13
 30.75;11;13
 30.5;11;13
 30.25;11;13
30;11;13
 29.75;11;13
 29.5;11;13
 29.25;11;13
29;11;13
 28.75;11;13
 28.5;11;13
 28.25;11;13
28;11;13
 27.75;11;13
 27.5;11;171
 27.25;11;171
27;11;171
 26.75;11;171
 26.5;11;9
 26.25;11;9
 26.25;11;9
 25.75;  11.25;125
 25.5;11;125
 25.25;11;125
25;11;125
 24.75;11;125
 24.5;11;125
 24.25;11;125
24;  11.25;125
 23.75;  11.5;125
 23.5;11;125
 23.25;11;125
23;11;125
 22.75;11;125
 22.5;11;125
 22.25;11;107
22;11;107
 21.75;11;107
 21.5;11;107
 21.25;11;107
21;11;107
 20.75;11;107
 20.5;11;107
 20.25;11;107
20;11;107
 19.75;11;107
 19.5;11;107
 19.25;11;107
19;11;107
 18.75;11;107
 18.5;  11.25;107
18;11;37
18;11;37
 17.75;11;37
 17.5;11;37
 17.25;11;37
 16.75;11;37
 16.75;11;37
 16.5;11;37
 16.25;11;37
16;11;37
 15.75;11;37
 15.5;11;37
 15.25;11;31
15;11;31
 14.75;11;31
 14.5;11;31
 14.25;11;31
14;11;31
 13.75;11;31
 13.5;  11.25;31
 13.25;11;81
13;11;81
 12.75;11;81
 12.5;11;81
 12.25;11;81
12;11;81
 11.75;11;81
 11.5;11;95
 11.25;11;95
11;11;95
 10.75;11;95
 10.5;11;95
 10.25;11;95
10;11;95
 9.75;11;95
 9.5;11;95
 9.25;11;95
9;11;95
 8.75;11;95
 8.5;11;95
 8.25;11;95
8;11;95
 7.75;11;90
 7.5;11;90
 7.25;11;90
7;11;90
 6.75;11;90
 6.5;11;90
 6.25;11;90
6;11;90
 5.75;11;90
 5.5;11;90
 5.25;11;90
5;11;90
 4.75;11;90
 4.5;11;90
 4.25;11;90
4;  11.25;90
 3.75;11;90
 3.5;11;90
 3.25;11;90
 2.75;11;14
 2.75;11;14
 2.5;11;14
 2.25;11;14
2;11;14
 1.25;  11.5;0
 1.25;  11.5;0
 1.25;  11.5;0
1;  11.5;0
 0.75;  11.5;0
 0.5;  11.5;0
 0.25;  11.5;0
0;  11.5;0
47;  11.75;0
 46.75;  11.75;0
 46.5;  11.75;0
 46.25;  11.75;0
46;  11.75;0
 45.75;  11.75;0
 45.5;  11.75;0
 45.5;  11.75;0
 44.75;  11.25;0
 44.75;  11.25;0
 44.5;  11.25;0
 44.25;  11.25;0
 44.25;  11.25;0
 44.25;  11.25;0
 43.25;  11.75;54
 43.25;  11.75;54
43;  11.5;54
 42.75;  11.5;54
 42.5;  11.5;54
42;  11.25;142
42;  11.25;142
 41.25;  11.25;142
 41.25;  11.25;142
 41.25;11;142
 40.25;  11.25;142
 40.25;  11.25;142
 40.25;  11.25;142
 40.25;  11.25;142
40;  11.25;142
40;  11.25;142
 39.5;  11.5;78
 39.25;  11.25;78
39;  11.25;78
 38.75;  11.25;78
 38.5;  11.25;78
 38.25;  11.25;78
38;  11.25;78
 37.75;  11.25;78
 37.5;  11.25;78
 37.25;  11.25;78
37;  11.5;78
 36.75;  11.25;78
 36.5;  11.25;78
 36.25;  11.25;78
 35.75;  11.25;12
 35.75;  11.25;12
 35.5;  11.25;12
 35.25;  11.25;12
35;  11.25;12
 34.75;  11.25;12
 34.5;  11.25;12
 34.25;  11.5;13
34;  11.25;13
 33.75;  11.5;13
 33.5;  11.25;13
 33.25;  11.25;13
33;  11.25;13
 32.75;  11.25;13
 32.5;  11.25;13
 32.25;  11.25;13
32;  11.25;13
 31.75;  11.25;13
 31.5;  11.25;13
 31.25;  11.25;13
31;  11.25;13
 30.75;  11.25;13
 30.5;  11.25;13
 30.25;  11.25;13
30;  11.25;13
 29.75;  11.25;13
 29.5;  11.25;13
 29.25;  11.25;13
29;  11.25;13
 28.75;  11.25;13
 28.5;  11.25;13
 28.25;  11.25;13
28;  11.25;13
 27.75;  11.25;13
 27.5;  11.25;171
 27.25;  11.25;171
27;  11.25;171
 26.75;  11.25;171
 26.5;  11.5;171
 26.25;11;9
 26.25;11;9
 25.75;  11.25;125
 25.5;  11.25;125
 25.25;  11.25;125
25;  11.25;125
 24.75;  11.25;125
 24.5;  11.25;125
 24.25;  11.25;125
24;  11.25;125
 23.75;  11.5;125
 23.5;  11.25;125
 23.25;  11.25;125
23;  11.25;125
 22.75;  11.25;125
 22.5;  11.75;107
 22.25;  11.25;107
22;  11.25;107
 21.75;  11.25;107
 21.5;  11.25;107
 21.25;  11.25;107
21;  11.25;107
 20.75;  11.25;107
 20.5;  11.25;107
 20.25;  11.25;107
20;  11.25;107
 19.75;  11.25;107
 19.5;  11.25;107
 19.25;  11.25;107
19;  11.25;107
 18.75;  11.25;107
 18.5;  11.25;107
 18.25;  11.25;107
18;  11.25;107
 17.75;  11.25;107
 17.5;  11.25;107
 17.25;  11.75;107
17;  11.25;107
 16.75;  11.75;107
 16.5;  11.25;37
 16.25;  11.25;37
16;  11.25;37
 15.75;  11.25;37
 15.5;  11.5;31
 15.25;  11.25;31
15;  11.25;31
 14.75;  11.25;31
 14.5;  11.25;31
 14.25;  11.25;31
14;  11.25;31
 13.75;  11.25;31
 13.5;  11.25;31
 13.25;  11.75;31
13;  11.25;81
 12.75;  11.25;81
 12.5;  11.25;81
 12.25;  11.25;81
12;  11.25;81
 11.75;  11.75;81
 11.5;  11.25;95
 11.25;  11.25;95
11;  11.25;95
 10.75;  11.25;95
 10.5;  11.25;95
 10.25;  11.25;95
10;  11.25;95
 9.75;  11.25;95
 9.5;  11.25;95
 9.25;  11.25;95
9;  11.25;95
 8.75;  11.25;95
 8.5;  11.25;95
 8.25;  11.25;95
8;  11.25;95
 7.75;  11.25;90
 7.5;  11.5;90
 7.25;  11.25;90
7;  11.25;90
 6.75;  11.25;90
 6.5;  11.25;90
 6.25;  11.25;90
6;  11.25;90
 5.75;  11.25;90
 5.5;  11.25;90
 5.25;  11.25;90
5;  11.25;90
 4.75;  11.25;90
 4.5;  11.25;90
 4.25;  11.25;90
4;  11.25;90
 3.75;  11.25;90
 3.5;  11.25;90
 3.25;  11.25;90
3;  11.75;90
 2.75;  11.25;14
 2.5;  11.25;14
 2.25;  11.25;14
2;  11.25;14
2;  11.5;14
1;  11.75;0
1;  11.75;0
1;  11.75;0
 0.75;  11.75;0
 0.5;  11.75;0
 0.25;  11.75;0
0;  11.75;0
47;12;0
 46.75;12;0
 46.5;12;0
 46.25;12;0
46;12;0
 45.75;12;0
 45.5;12;0
 45.5;12;0
45;  11.5;0
 44.75;  11.5;0
 44.5;  11.5;0
 44.25;  11.5;0
 44.25;  11.5;0
 44.25;  11.5;0
 43.5;  11.75;54
 43.25;  11.75;54
43;  11.5;54
 42.75;  11.5;54
 42.5;  11.5;54
 42.25;  11.5;54
42;  11.75;54
 41.75;  11.75;54
 41.5;  11.75;54
 41.25;  11.5;54
41;  11.5;54
 40.75;  11.75;54
 40.5;  11.5;54
 40.25;  11.75;54
40;  11.75;54
 39.75;12;78
 39.5;  11.5;78
 39.25;  11.5;78
39;  11.5;78
 38.75;  11.5;78
 38.5;  11.5;78
 38.25;  11.5;78
38;  11.5;78
 37.75;  11.5;78
 37.5;  11.5;78
 37.25;  11.5;78
37;  11.5;78
 36.75;  11.5;78
 36.5;  11.75;78
 36.25;  11.5;78
36;  11.75;78
 35.25;  11.5;12
 35.25;  11.5;12
 35.25;  11.5;12
35;  11.5;12
 34.75;  11.5;12
 34.5;12;13
 34.25;  11.5;13
34;  11.5;13
 33.75;  11.5;13
 33.5;  11.5;13
 33.25;  11.5;13
33;  11.5;13
 32.75;  11.5;13
 32.5;  11.5;13
 32.25;  11.5;13
32;  11.5;13
 31.75;  11.5;13
 31.5;  11.5;13
 31.25;  11.5;13
31;  11.5;13
 30.75;  11.5;13
 30.5;  11.5;13
 30.25;  11.5;13
30;  11.5;13
 29.75;  11.5;13
 29.5;  11.5;13
 29.25;  11.5;13
29;  11.5;13
 28.75;  11.5;13
 28.5;  11.5;13
 28.25;  11.5;13
28;  11.5;13
 27.75;  11.5;13
 27.5;  11.5;171
 27.25;  11.5;171
27;  11.5;171
 26.75;  11.5;171
 26.5;  11.5;171
 26.5;  11.5;171
 25.75;  11.5;125
 25.75;  11.5;125
 25.5;  11.5;125
 25.25;  11.5;125
25;  11.5;125
 24.75;  11.5;125
 24.5;  11.5;125
 24.25;  11.5;125
24;  11.5;125
 23.75;  11.5;125
 23.5;  11.5;125
 23.25;  11.5;125
23;  11.5;125
 22.75;  11.5;125
 22.5;  11.75;107
 22.25;  11.5;107
22;  11.5;107
 21.75;  11.5;107
 21.5;  11.5;107
 21.25;  11.5;107
21;  11.5;107
 20.75;  11.5;107
 20.5;  11.5;107
 20.25;  11.5;107
20;  11.5;107
 19.75;  11.5;107
 19.5;  11.5;107
 19.25;  11.5;107
19;  11.5;107
 18.75;  11.5;107
 18.5;  11.5;107
 18.25;  11.5;107
18;  11.5;107
 17.75;  11.5;107
 17.5;  11.5;107
 17.25;  11.75;107
17;  11.5;107
 16.75;  11.75;107
 16.5;  11.5;107
 16.25;  11.5;107
16;  11.5;107
 15.5;12;31
 15.5;  11.5;31
 15.25;  11.5;31
15;  11.5;31
 14.75;  11.5;31
 14.5;  11.5;31
 14.25;  11.5;31
14;  11.5;31
 13.75;  11.5;31
 13.5;  11.5;31
 13.25;  11.75;31
13;  11.5;81
 12.75;  11.5;81
 12.5;  11.5;81
 12.25;  11.5;81
12;  11.5;81
12;  11.75;81
 11.5;  11.75;95
 11.25;  11.5;95
11;  11.5;95
 10.75;  11.5;95
 10.5;  11.5;95
 10.25;  11.5;95
10;  11.5;95
 9.75;  11.5;95
 9.5;  11.5;95
 9.25;  11.5;95
9;  11.5;95
 8.75;  11.5;95
 8.5;  11.5;95
 8.25;  11.5;95
8;  11.5;95
 7.75;  11.5;90
 7.5;  11.5;90
 7.25;  11.5;90
7;  11.5;90
 6.75;  11.5;90
 6.5;  11.5;90
 6.25;  11.5;90
6;  11.5;90
 5.75;  11.5;90
 5.5;  11.5;90
 5.25;  11.5;90
5;  11.5;90
 4.75;  11.5;90
 4.5;  11.5;90
 4.25;  11.5;90
4;  11.5;90
 3.75;  11.5;90
 3.5;  11.5;90
 3.25;  11.5;90
3;  11.75;90
 2.75;  11.5;14
 2.5;  11.5;14
 2.25;  11.5;14
2;  11.5;14
2;  11.5;14
1;12;0
1;12;0
1;12;0
 0.75;12;0
 0.5;12;0
 0.25;12;0
0;12;0
47;  12.25;0
 46.75;  12.25;0
 46.5;  12.25;0
 46.25;  12.25;0
46;  12.25;0
 45.75;  12.25;0
 45.5;  12.25;0
45;12;0
45;  11.75;0
 44.75;  11.75;0
 44.5;  11.75;0
 44.25;  11.75;0
 44.25;  11.75;0
 44.25;  11.75;0
 43.5;  11.75;54
 43.25;  11.75;54
43;  11.75;54
 42.75;  11.75;54
 42.5;  11.75;54
 42.25;  11.75;54
42;  11.75;54
 41.75;  11.75;54
 41.5;  11.75;54
 41.25;  11.75;54
41;  11.75;54
 40.75;  11.75;54
 40.5;  11.75;54
 40.25;  11.75;54
40;  11.75;54
 39.75;  12.5;78
 39.5;  11.75;78
 39.25;  11.75;78
39;  11.75;78
 38.75;  11.75;78
 38.5;  11.75;78
 38.25;  11.75;78
38;  11.75;78
 37.75;  11.75;78
 37.5;  11.75;78
 37.25;  11.75;78
37;  11.75;78
 36.75;  11.75;78
 36.5;  11.75;78
 36.25;  11.75;78
36;  11.75;78
 35.75;12;71
 35.5;  11.75;71
 35.25;12;71
35;  12.25;71
 34.75;12;71
 34.5;12;13
 34.25;  11.75;13
34;  11.75;13
 33.75;12;13
 33.5;  11.75;13
 33.25;12;13
33;  11.75;13
 32.75;  11.75;13
 32.5;  11.75;13
 32.25;  11.75;13
32;  11.75;13
 31.75;  11.75;13
 31.5;  11.75;13
 31.25;  11.75;13
31;  11.75;13
 30.75;  11.75;13
 30.5;  11.75;13
 30.25;  11.75;13
30;  11.75;13
 29.75;  11.75;13
 29.5;  11.75;13
 29.25;  11.75;13
29;  11.75;13
 28.75;  11.75;13
 28.5;  11.75;13
 28.25;  11.75;13
28;  11.75;13
 27.75;  11.75;13
 27.5;  11.75;13
 27.25;  11.75;171
27;  11.75;171
 26.75;12;171
 26.5;  11.75;171
 26.5;  11.75;171
 25.75;  11.75;125
 25.75;  11.75;125
 25.5;  11.75;125
 25.25;  11.75;125
25;  11.75;125
 24.75;  11.75;125
 24.5;  11.75;125
 24.25;  11.75;125
24;  11.75;125
 23.75;  11.75;125
 23.5;  11.75;125
 23.25;  11.75;125
23;  11.75;125
 22.75;  11.75;125
 22.5;  11.75;107
 22.25;  11.75;107
22;  11.75;107
 21.75;  11.75;107
 21.5;  11.75;107
 21.25;  11.75;107
21;  11.75;107
 20.75;  11.75;107
 20.5;  11.75;107
 20.25;  11.75;107
20;  11.75;107
 19.75;  11.75;107
 19.5;  11.75;107
 19.25;  11.75;107
19;  11.75;107
 18.75;  11.75;107
 18.5;  11.75;107
 18.25;  11.75;107
18;  11.75;107
 17.75;  11.75;107
 17.5;  11.75;107
 17.25;  11.75;107
17;  11.75;107
 16.75;  11.75;107
 16.5;  11.75;107
 16.25;  11.75;107
16;  11.75;107
 15.5;12;31
 15.5;  11.75;31
 15.25;  11.75;31
15;  11.75;31
 14.75;  11.75;31
 14.5;  11.75;31
 14.25;  11.75;31
 13.75;  11.75;31
 13.75;  11.75;31
 13.5;  11.75;31
 13.25;  11.75;31
 12.75;  11.75;81
 12.75;  11.75;81
 12.25;  11.75;81
 12.25;  11.75;81
12;  11.75;81
12;  11.75;81
 11.5;  11.75;95
 11.25;  11.75;95
11;  11.75;95
 10.75;  11.75;95
 10.5;  11.75;95
 10.25;  11.75;95
10;  11.75;95
 9.75;  11.75;95
 9.5;  11.75;95
 9.25;  11.75;95
9;  11.75;95
 8.75;  11.75;95
 8.5;  11.75;95
 8.25;  11.75;95
 8.25;  11.75;95
 7.75;  11.75;90
 7.5;  11.75;90
 7.25;  11.75;90
7;  11.75;90
 6.75;  11.75;90
 6.5;12;90
 6.25;  11.75;90
6;  11.75;90
 5.75;  11.75;90
 5.5;  11.75;90
 5.25;  11.75;90
5;  11.75;90
 4.75;  11.75;90
 4.5;  11.75;90
 4.25;  11.75;90
4;  11.75;90
 3.75;  11.75;90
 3.5;  11.75;90
 3.25;  11.75;90
3;  11.75;90
 2.75;  11.75;14
 2.5;  11.75;14
 2.25;  11.75;14
2;  11.75;14
2;  11.75;14
 1.25;  12.5;0
 1.25;  12.5;0
1;  12.25;0
 0.75;  12.25;0
 0.5;  12.25;0
 0.25;  12.25;0
0;  12.25;0
47;  12.5;0
 46.75;  12.5;0
 46.5;  12.5;0
 46.25;  12.5;0
46;  12.5;0
 45.75;  12.5;0
 45.5;  12.5;0
45;12;0
45;12;0
 44.75;12;0
 44.5;12;0
 44.25;12;0
 44.25;12;0
 44.25;12;0
 43.5;12;54
 43.25;12;54
43;12;54
 42.75;12;54
 42.5;12;54
 42.25;12;54
42;12;54
 41.75;12;54
 41.5;12;54
 41.25;12;54
41;12;54
 40.75;12;54
 40.5;12;54
 40.25;12;54
40;12;54
 39.75;  12.5;78
 39.5;12;78
 39.25;12;78
39;12;78
 38.75;12;78
 38.5;  12.25;78
 38.25;12;78
38;12;78
 37.75;12;78
 37.5;12;78
 37.25;12;78
37;12;78
 36.75;12;78
 36.5;12;78
 36.25;12;78
36;12;78
 35.75;12;71
 35.5;12;71
 35.25;12;71
35;  12.5;71
 34.75;12;71
 34.5;12;13
 34.25;12;13
34;12;13
 33.75;12;13
 33.5;12;13
 33.25;12;13
33;12;13
 32.75;12;13
 32.5;12;13
 32.25;12;13
32;12;13
 31.75;12;13
 31.5;12;13
 31.25;12;13
31;12;13
 30.75;12;13
 30.5;12;13
 30.25;12;13
30;12;13
 29.75;12;13
 29.5;12;13
 29.25;12;13
29;12;13
 28.75;12;13
 28.5;12;13
 28.25;12;13
28;12;13
 27.75;12;13
 27.5;12;13
 27.25;12;171
27;12;171
 26.75;12;171
 26.5;12;171
 26.5;12;171
 25.75;12;125
 25.75;12;125
 25.5;12;125
 25.25;12;125
25;12;125
 24.5;  12.5;125
 24.5;12;125
 24.25;12;125
24;12;125
 23.75;12;125
 23.25;  12.25;125
 23.25;12;125
23;12;125
23;12;125
 22.5;12;107
 22.25;12;107
22;12;107
 21.75;12;107
 21.5;12;107
 21.25;12;107
21;12;107
 20.75;12;107
 20.5;12;107
 20.25;12;107
20;12;107
 19.75;12;107
 19.5;12;107
 19.25;12;107
19;12;107
 18.75;12;107
 18.5;12;107
 18.25;12;107
18;12;107
 17.75;12;107
 17.5;12;107
 17.25;12;107
17;12;107
 16.75;12;107
 16.5;12;107
 16.25;12;107
16;12;107
 15.5;12;31
 15.5;12;31
 15.25;12;31
15;  12.25;62
 14.75;  12.25;62
 14.5;  12.25;62
 14.25;  12.5;62
 13.5;12;31
 13.5;12;31
 13.5;12;31
 13.25;  12.25;62
13;12;62
 12.75;  12.5;62
 12.5;  12.25;62
 12.25;  12.25;62
12;  12.25;62
 11.75;  12.25;62
 11.5;12;95
 11.25;12;95
11;12;95
 10.75;12;95
 10.5;12;95
 10.25;12;95
10;12;95
 9.75;12;95
 9.5;12;95
 9.25;12;95
9;12;95
 8.75;12;95
 8.5;12;95
 8.25;  12.25;57
8;12;57
 7.75;12;90
 7.5;12;90
 7.25;12;90
7;12;90
 6.75;12;90
 6.5;12;90
 6.25;12;90
6;12;90
 5.75;12;90
 5.5;12;90
 5.25;12;90
5;12;90
 4.75;12;90
 4.5;12;90
 4.25;12;90
4;12;90
 3.75;12;90
 3.5;12;90
 3.25;12;90
3;12;90
 2.75;12;14
 2.5;12;14
 2.25;12;14
2;12;14
 1.25;  12.5;0
 1.25;  12.5;0
 1.25;  12.5;0
1;  12.5;0
 0.75;  12.5;0
 0.5;  12.5;0
 0.25;  12.5;0
0;  12.5;0
47;  12.75;0
 46.75;  12.75;0
 46.5;  12.75;0
 46.25;  12.75;0
46;  12.75;0
 45.75;  12.75;0
 45.5;  12.75;0
 45.5;  12.75;0
45;  12.25;0
 44.75;  12.25;0
 44.5;  12.25;0
 44.25;  12.25;0
 44.25;  12.25;0
 44.25;  12.25;0
 43.5;  12.25;54
 43.25;  12.25;54
43;  12.25;54
 42.75;  12.25;54
 42.5;  12.25;54
 42.25;  12.25;54
42;  12.25;54
 41.75;  12.25;54
 41.5;  12.25;54
 41.25;  12.25;54
41;  12.25;54
 40.75;  12.25;54
 40.5;  12.25;54
 40.25;  12.25;54
40;  12.25;54
 39.5;  12.25;78
 39.5;  12.25;78
 39.25;  12.25;78
39;  12.25;78
 38.75;  12.25;78
 38.5;  12.25;78
 38.25;  12.25;78
38;  12.25;78
 37.75;  12.25;78
 37.5;  12.5;78
 37.25;  12.25;78
37;  12.25;78
 36.75;  12.25;78
 36.5;  12.25;78
 36.25;  12.25;78
36;  12.25;78
 35.75;  12.25;71
 35.5;  12.25;71
 35.25;  12.25;71
35;  12.5;71
35;  12.75;71
 34.25;  12.25;13
 34.25;  12.25;13
34;  12.25;13
 33.75;  12.25;13
 33.5;  12.25;13
 33.25;  12.25;13
33;  12.25;13
 32.75;  12.25;13
 32.5;  12.25;13
 32.25;  12.25;13
32;  12.25;13
 31.75;  12.25;13
 31.5;  12.25;13
 31.25;  12.25;13
31;  12.25;13
 30.75;  12.25;13
 30.5;  12.25;13
 30.25;  12.25;13
30;  12.25;13
 29.75;  12.25;13
 29.5;  12.25;13
 29.25;  12.25;13
29;  12.25;13
 28.5;  12.75;13
 28.5;  12.75;13
 28.25;  12.25;13
28;  12.25;13
 27.75;  12.25;13
 27.5;  12.25;13
 27.25;  12.5;13
27;  12.5;171
 26.75;  12.25;171
 26.5;  12.25;171
 26.5;  12.25;171
 25.75;  12.25;125
 25.75;  12.25;125
 25.5;  12.25;125
 25.25;  12.25;125
25;  12.25;125
 24.5;  12.5;125
 24.5;  12.25;125
24;  12.25;125
24;  12.25;125
 23.75;  12.25;125
 23.25;  12.25;125
 23.25;  12.25;125
 23.25;  12.25;125
 22.5;  12.25;107
 22.5;  12.25;107
 22.25;  12.25;107
22;  12.5;107
 21.75;  12.25;107
 21.5;  12.25;107
 21.25;  12.25;107
21;  12.25;107
 20.75;  12.25;107
 20.5;  12.25;107
 20.25;  12.25;107
20;  12.25;107
 19.75;  12.25;107
 19.5;  12.25;107
 19.25;  12.25;107
19;  12.25;107
 18.75;  12.25;107
 18.5;  12.25;107
 18.25;  12.25;107
18;  12.25;107
 17.75;  12.25;107
 17.5;  12.25;107
 17.25;  12.25;107
17;  12.25;107
 16.75;  12.25;107
 16.5;  12.25;107
 16.25;  12.25;107
16;  12.25;107
 15.75;  12.75;62
 15.5;  12.5;62
 15.25;  12.5;62
15;  12.25;62
 14.75;  12.25;62
 14.5;  12.25;62
 14.25;  12.5;62
14;  12.5;62
 13.75;  12.25;62
 13.5;13;62
 13.25;  12.25;62
13;  12.25;62
 12.75;  12.5;62
 12.5;  12.25;62
 12.25;  12.25;62
12;  12.25;62
 11.75;  12.25;62
 11.5;  12.25;95
 11.25;  12.25;95
11;  12.5;95
 10.75;  12.25;95
 10.5;  12.25;95
 10.25;  12.25;95
10;  12.25;95
 9.75;  12.25;95
 9.5;  12.25;95
 9.25;  12.25;95
9;  12.5;57
 8.75;  12.5;57
 8.5;  12.25;57
 8.25;  12.25;57
8;  12.25;57
 7.75;  12.5;57
 7.5;  12.25;90
 7.25;  12.25;90
7;  12.25;90
 6.75;  12.25;90
 6.5;  12.25;90
 5.75;  12.25;90
 5.75;  12.25;90
 5.75;  12.25;90
 5.5;  12.25;90
 5.25;  12.25;90
5;  12.25;90
5;  12.25;90
 3.75;  12.25;90
 3.75;  12.25;90
 3.75;  12.25;90
 3.75;  12.25;90
 3.5;  12.25;90
3;  12.25;90
3;  12.25;90
 2.5;  12.25;14
 2.5;  12.25;14
 2.25;  12.25;14
2;  12.25;14
 1.25;  12.75;0
 1.25;  12.75;0
 1.25;  12.75;0
1;  12.75;0
 0.75;  12.75;0
 0.5;  12.75;0
 0.25;  12.75;0
0;  12.75;0
47;13;0
 46.75;13;0
 46.5;13;0
 46.25;13;0
46;13;0
 45.75;13;0
 45.5;13;0
 45.25;  12.5;0
45;  12.5;0
 44.75;  12.5;0
 44.5;  12.5;0
 44.25;  12.5;0
 44.25;  12.5;0
 44.25;  12.5;0
 43.5;  12.5;54
 43.25;  12.5;54
43;  12.5;54
 42.75;  12.5;54
 42.5;  12.5;54
 42.25;  12.5;54
42;  12.5;54
 41.75;  12.5;54
 41.5;  12.5;54
 41.25;  12.5;54
41;  12.5;54
 40.75;  12.5;54
 40.5;  12.5;54
 40.25;  12.5;54
40;  12.5;54
 39.75;  13.25;54
 39.5;  12.5;78
 39.25;  12.5;78
39;  12.5;78
 38.75;  12.5;78
 38.5;  12.5;78
 38.25;  12.5;78
38;  12.75;78
 37.75;  12.5;78
 37.5;  12.5;78
 37.25;  12.5;78
37;  12.5;78
 36.75;  12.75;78
 36.5;  12.5;78
 36.25;  12.5;78
36;  12.5;78
 35.75;  12.5;71
 35.5;  12.5;71
 35.25;  12.5;71
35;  12.5;71
35;  12.75;71
 34.5;  12.5;167
 34.25;  12.5;13
34;  12.5;13
 33.75;  12.5;13
 33.5;  12.5;13
 33.25;  12.5;13
33;  12.5;13
 32.75;  12.5;13
 32.5;  12.5;13
 32.25;  12.5;13
32;  12.5;13
 31.75;  12.5;13
 31.5;  12.5;13
 31.25;  12.5;13
31;  12.5;13
 30.75;  12.5;13
 30.5;  12.5;13
 30.25;  12.5;13
30;  12.5;13
 29.75;  12.5;13
 29.5;  12.5;13
 29.25;  12.5;13
29;  12.75;13
 28.5;13;13
 28.5;13;13
 28.25;  12.5;13
28;  12.5;13
 27.75;  12.5;13
 27.5;  12.5;13
 27.25;  12.5;13
27;  12.5;171
 26.5;  12.5;171
 26.5;  12.5;171
 26.25;  12.5;13
26;  12.75;13
 25.75;  12.75;13
 25.25;  12.5;125
 25.25;  12.5;125
 24.5;  12.5;125
 24.5;  12.5;125
 24.5;  12.5;125
 24.25;  12.75;99
24;13;99
 23.75;13;99
 23.5;  12.75;99
 23.25;  12.75;99
23;13;99
 22.75;13;99
 22.5;  12.5;107
 22.25;  12.5;107
22;  12.5;107
 21.75;  12.5;107
 21.5;  12.5;107
 21.25;  12.5;107
21;  12.5;107
 20.75;  12.5;107
 20.5;  12.5;107
 20.25;  12.5;107
20;  12.5;107
 19.75;  12.5;107
 19.5;  12.5;107
 19.25;  12.5;107
19;  12.5;107
 18.75;  12.5;107
 18.5;  12.5;107
 18.25;  12.5;107
18;  12.5;107
 17.75;  12.5;107
 17.5;  12.5;107
 17.25;  12.5;107
17;  12.5;107
 16.75;  12.5;107
 16.5;  12.5;107
 16.25;  12.5;107
16;  12.5;107
 15.75;  12.75;62
 15.5;  12.5;62
 15.25;  12.5;62
15;  12.5;62
 14.75;  12.5;62
 14.5;  12.5;62
 14.25;  12.5;62
14;  12.5;62
 13.75;  12.5;62
 13.5;13;62
 13.25;  12.5;62
13;  12.5;62
 12.75;  12.5;62
 12.5;  12.5;62
 12.25;  12.75;62
12;  12.5;62
 11.75;  12.5;62
 11.5;  12.75;62
 11.25;  12.75;62
11;  12.5;95
 10.75;  12.5;95
10;  12.5;95
10;  12.5;95
10;  12.5;95
10;  12.5;95
 9.5;  12.75;57
 9.25;  12.75;57
9;  12.5;57
 8.75;  12.5;57
 8.5;  12.5;57
 8.25;  12.5;57
8;  12.5;57
 7.75;  12.5;57
 7.5;  12.25;90
 7.25;  12.25;90
7;  12.25;90
 6.75;  12.75;164
 6.5;  12.75;164
 6.25;  12.75;164
6;  12.75;164
 5.75;  12.75;164
 5.5;  12.5;164
 5.25;  12.5;164
5;  12.75;164
 4.75;  12.75;164
 4.5;  12.75;164
 4.25;  12.5;164
4;  12.75;164
 3.75;  12.5;164
 3.5;  12.5;164
 3.25;  12.75;164
3;  12.75;69
 2.75;  12.5;69
 2.5;  12.75;69
 2.25;  12.5;14
2;  12.5;14
 1.25;13;0
 1.25;13;0
 1.25;13;0
1;13;0
 0.75;13;0
 0.5;13;0
 0.25;13;0
0;13;0
47;  13.25;0
 46.75;  13.25;0
 46.5;  13.25;0
 46.25;  13.25;0
46;  13.25;0
 45.75;  13.25;0
 45.5;  13.25;0
 45.25;  12.75;0
45;  12.75;0
 44.75;  12.75;0
 44.5;  12.75;0
 44.25;  12.75;0
 44.25;  12.75;0
 44.25;  12.75;0
 43.5;  12.75;54
 43.25;  12.75;54
43;  12.75;54
 42.75;  12.75;54
 42.5;  12.75;54
 42.25;  12.75;54
42;  12.75;54
 41.75;  12.75;54
 41.5;  12.75;54
 41.25;  12.75;54
41;  12.75;54
 40.75;  12.75;54
 40.5;  12.75;54
 40.25;  12.75;54
40;  12.75;54
 39.75;  13.25;54
 39.5;  12.75;78
 39.25;  12.75;78
39;  12.75;78
 38.75;  12.75;78
 38.5;  12.75;78
 38.25;  12.75;78
38;  12.75;78
 37.75;  12.75;78
 37.5;13;78
 37.25;  12.75;78
37;  12.75;78
 36.75;  12.75;78
 36.5;  12.75;78
 36.25;  12.75;78
36;  12.75;78
 35.75;  12.75;71
 35.5;  12.75;71
 35.25;  12.75;71
35;  12.75;71
35;  12.75;71
 34.5;  12.75;167
 34.25;  12.75;13
34;  12.75;13
 33.75;  12.75;13
 33.5;  12.75;13
 33.25;  12.75;13
33;  12.75;13
 32.75;  12.75;13
 32.5;  12.75;13
 32.25;  12.75;13
32;  12.75;13
 31.75;  12.75;13
 31.5;  12.75;13
 31.25;  12.75;13
31;  12.75;13
 30.75;  12.75;13
 30.5;  12.75;13
 30.25;  12.75;13
30;  12.75;13
 29.75;  12.75;13
 29.5;  12.75;13
 29.25;  12.75;13
29;  12.75;13
 28.75;13;13
 28.5;13;13
 28.25;  12.75;13
28;  12.75;13
 27.75;  12.75;13
 27.5;  12.75;13
 27.25;  12.75;13
27;  12.75;13
 26.75;13;13
 26.5;13;13
 26.25;  12.75;13
26;  12.75;13
 25.75;  12.75;13
 25.5;  13.25;13
 25.25;  13.25;99
25;  12.75;99
 24.75;13;99
 24.5;  12.75;99
 24.25;  12.75;99
24;13;99
 23.75;13;99
 23.5;  12.75;99
 23.25;  12.75;99
23;13;99
 22.75;13;99
 22.5;  12.75;107
 22.25;  12.75;107
22;  12.75;107
 21.75;  12.75;107
 21.5;  12.75;107
 21.25;  12.75;107
21;  12.75;107
 20.75;  12.75;107
 20.5;  12.75;107
 20.25;  12.75;107
20;  12.75;107
 19.75;  12.75;107
 19.5;  12.75;107
 19.25;  12.75;107
19;  12.75;107
 18.75;  12.75;107
 18.5;  12.75;107
 18.25;  12.75;107
18;  12.75;107
 17.75;  12.75;107
 17.5;  12.75;107
 17.25;  12.75;107
17;  12.75;107
 16.75;  12.75;107
 16.5;  12.75;107
 16.25;  12.75;107
 16.25;  12.75;107
 15.75;  12.75;62
 15.5;  12.75;62
 15.25;  12.75;62
15;  12.75;62
 14.75;  12.75;62
 14.5;  12.75;62
 14.25;  12.75;62
14;13;62
 13.75;  12.75;62
 13.5;13;62
 13.25;13;62
13;  12.75;62
 12.75;  12.75;62
 12.5;  12.75;62
 12.25;  12.75;62
12;  12.75;62
 11.75;  12.75;62
 11.5;  12.75;62
 11.25;  12.75;62
11;13;57
 10.75;  12.75;57
 10.5;  12.75;57
 10.25;13;57
10;  12.75;57
 9.75;  12.75;57
 9.5;  12.75;57
 9.25;  12.75;57
9;  12.75;57
 8.75;  12.75;57
 8.5;  12.75;57
 8.25;  12.75;57
8;  12.75;57
 7.75;  12.75;57
 7.5;13;122
 7.25;13;122
 7.25;13;122
 6.75;  12.75;164
 6.5;  12.75;164
 6.25;  12.75;164
6;  12.75;164
 5.75;  12.75;164
 5.5;  12.75;164
 5.25;  12.75;164
5;  12.75;164
 4.75;  12.75;164
 4.5;  12.75;164
 4.25;  12.75;164
4;  12.75;164
 3.75;  12.75;164
 3.5;  12.75;164
 3.25;  12.75;164
3;  12.75;69
 2.75;  12.75;69
 2.5;  12.75;69
 2.25;13;69
2;  12.75;14
 1.5;  13.5;0
 1.5;  13.5;0
 1.25;  13.25;0
1;  13.25;0
 0.75;  13.25;0
 0.5;  13.25;0
 0.25;  13.25;0
0;  13.25;0
47;  13.5;0
 46.75;  13.5;0
 46.5;  13.5;0
 46.25;  13.5;0
46;  13.5;0
 45.75;  13.5;0
 45.5;  13.5;0
 45.25;13;0
45;13;0
 44.75;13;0
 44.5;13;0
 44.5;13;0
 44.5;13;0
 43.5;  13.25;54
 43.5;13;54
 43.25;13;54
43;13;54
 42.75;13;54
 42.5;13;54
 42.25;13;54
42;13;54
 41.75;13;54
 41.5;13;54
 41.25;13;54
41;13;54
 40.75;13;54
 40.5;13;54
 40.25;13;54
40;13;54
 39.75;  13.25;54
 39.5;13;78
 39.25;13;78
39;13;78
 38.75;13;78
 38.5;13;78
 38.25;13;78
38;13;78
 37.75;13;78
 37.5;13;78
 37.25;13;78
37;13;78
 36.75;13;78
 36.5;13;78
 36.25;13;78
36;13;78
 35.75;  13.5;78
 35.5;13;71
 35.25;13;71
35;13;71
35;13;71
 34.5;13;167
 34.25;13;167
34;13;13
 33.75;13;13
 33.5;13;13
 33.25;13;13
33;13;13
 32.75;13;13
 32.5;13;13
 32.25;13;13
32;13;13
 31.75;13;13
 31.5;13;13
 31.25;13;13
31;13;13
 30.75;13;13
 30.5;13;13
 30.25;13;13
30;13;13
 29.75;13;13
 29.5;13;13
 29.25;13;13
29;13;13
 28.75;13;13
 28.5;13;13
 28.25;13;13
28;13;13
 27.75;13;13
 27.5;13;13
 27.25;13;13
27;13;13
 26.75;13;13
 26.5;13;13
 26.25;13;13
26;13;13
 25.75;13;13
 25.5;  13.25;13
 25.25;  13.25;99
25;13;99
 24.75;13;99
 24.5;13;99
 24.25;  13.25;99
24;13;99
 23.75;13;99
 23.5;13;99
 23.25;  13.25;99
23;13;99
 22.75;13;99
 22.5;  13.5;99
 22.25;13;107
22;13;107
 21.75;13;107
 21.5;13;107
 21.25;13;107
21;13;107
 20.75;13;107
 20.5;13;107
 20.25;13;107
20;13;107
 19.75;13;107
 19.5;13;107
 19.25;13;107
19;13;107
 18.75;13;107
 18.5;13;107
 18.25;13;107
18;13;107
 17.75;13;107
 17.5;13;107
 17.25;13;107
17;13;107
 16.75;13;107
 16.5;13;107
 16.25;13;107
16;  13.5;62
 15.75;  13.25;62
 15.5;13;62
 15.25;13;62
15;13;62
 14.75;13;62
 14.5;13;62
 14.25;13;62
14;13;62
 13.75;13;62
 13.5;13;62
 13.25;13;62
13;13;62
 12.75;13;62
 12.5;13;62
 12.25;13;62
12;13;62
 11.75;13;62
 11.5;13;62
 11.25;  13.25;57
11;13;57
 10.75;13;57
 10.5;13;57
 10.25;13;57
10;13;57
 9.75;13;57
 9.5;13;57
 9.25;13;57
9;13;57
 8.75;13;57
 8.25;13;57
 8.25;13;57
8;  13.25;122
 7.75;  13.25;122
 7.5;13;122
 7.25;13;122
7;  13.75;122
 6.75;13;164
 6.5;13;164
 6.25;13;164
6;13;164
 5.75;13;164
 5.5;13;164
 5.25;13;164
5;13;164
 4.75;13;164
 4.5;13;164
 4.25;13;164
4;13;164
 3.75;13;164
 3.5;13;164
 3.25;13;164
3;13;69
 2.75;13;69
 2.5;13;69
 2.25;13;69
 1.5;  13.5;0
 1.5;  13.5;0
 1.5;  13.5;0
 1.25;  13.5;0
1;  13.5;0
 0.75;  13.5;0
 0.5;  13.5;0
 0.25;  13.5;0
0;  13.5;0
47;  13.75;0
 46.75;  13.75;0
 46.5;  13.75;0
 46.25;  13.75;0
46;  13.75;0
 45.75;  13.75;0
 45.5;  13.75;0
 45.25;  13.25;0
45;  13.25;0
 44.75;  13.25;0
 44.5;  13.25;0
 44.5;  13.25;0
 44.5;  13.25;0
 43.5;  13.25;54
 43.5;  13.25;54
 43.25;  13.25;54
43;  13.25;54
 42.75;  13.25;54
 42.5;  13.25;54
 42.25;  13.25;54
42;  13.25;54
 41.75;  13.25;54
 41.5;  13.25;54
 41.25;  13.25;54
41;  13.25;54
 40.75;  13.25;54
 40.5;  13.25;54
 40.25;  13.25;54
40;  13.25;54
 39.75;  13.25;54
 39.25;  13.25;78
 39.25;  13.25;78
39;  13.25;78
 38.75;  13.25;78
 38.5;  13.25;78
 38.25;  13.25;78
38;  13.25;78
 37.75;  13.25;78
 37.5;  13.25;78
 37.25;  13.25;78
37;  13.25;78
 36.75;  13.25;78
 36.5;  13.25;78
 36.25;  13.25;78
36;  13.25;78
 35.75;  13.5;78
 35.5;  13.5;71
 35.25;  13.25;71
35;  13.5;42
 34.75;  13.5;42
 34.5;  13.25;167
 34.25;  13.25;167
34;  13.5;13
 33.75;  13.25;13
 33.5;  13.25;13
 33.25;  13.25;13
33;  13.25;13
 32.75;  13.25;13
 32.5;  13.25;13
 32.25;  13.25;13
32;  13.25;13
 31.75;  13.25;13
 31.5;  13.25;13
 31.25;  13.25;13
31;  13.25;13
 30.75;  13.25;13
 30.5;  13.25;13
 30.25;  13.25;13
30;  13.25;13
 29.75;  13.25;13
 29.5;  13.25;13
 29.25;  13.25;13
29;  13.25;13
 28.75;  13.25;13
 28.5;  13.25;13
 28.25;  13.25;13
28;  13.25;13
 27.75;  13.25;13
 27.5;  13.25;13
 27.25;  13.25;13
27;  13.25;13
 26.75;  13.25;13
 26.5;  13.25;13
 26.25;  13.25;13
26;  13.25;13
 25.75;  13.25;13
 25.5;  13.25;13
 25.25;  13.25;99
25;  13.5;99
 24.75;  13.25;99
 24.5;  13.25;99
 24.25;  13.25;99
24;  13.25;99
 23.75;  13.25;99
 23.5;  13.25;99
 23.25;  13.25;99
23;  13.25;99
 22.75;  13.5;99
 22.5;  13.5;99
 22.25;  13.25;107
22;  13.25;107
 21.75;  13.25;107
 21.5;  13.25;107
 21.25;  13.25;107
21;  13.25;107
 20.75;  13.25;107
 20.5;  13.25;107
 20.25;  13.25;107
20;  13.25;107
 19.75;  13.25;107
 19.5;  13.25;107
 19.25;  13.25;107
19;  13.25;107
 18.75;  13.25;107
 18.5;  13.25;107
 18.25;  13.25;107
18;  13.25;107
 17.75;  13.25;107
 17.5;  13.25;107
 17.25;  13.25;107
17;  13.25;107
 16.75;  13.25;107
 16.5;  13.25;107
 16.25;  13.5;62
16;  13.5;62
 15.75;  13.25;62
 15.5;  13.25;62
 15.25;  13.25;62
15;  13.25;62
 14.75;  13.25;62
 14.5;  13.25;62
 14.25;  13.5;62
14;  13.25;62
 13.75;  13.25;62
 13.5;  13.5;62
 13.25;  13.25;62
13;  13.5;62
 12.75;  13.25;62
 12.5;  13.25;62
 12.25;  13.25;62
12;  13.25;62
 11.75;  13.25;62
 11.5;  13.25;62
 11.25;  13.25;57
11;  13.25;57
 10.75;  13.25;57
 10.5;  13.25;57
 10.25;  13.25;57
10;  13.25;57
 9.75;  13.25;57
 9.5;  13.25;57
 9.25;  13.25;57
9;  13.25;57
 8.75;  13.5;122
 8.5;  13.5;122
 8.25;  13.25;122
8;  13.25;122
 7.75;  13.25;122
 7.5;  13.25;122
 7.25;  13.25;122
7;  13.75;122
 6.75;  13.25;164
 6.5;  13.25;164
 6.25;  13.25;164
6;  13.25;164
 5.75;  13.25;164
 5.5;  13.25;164
 5.25;  13.25;164
5;  13.25;164
 4.75;  13.25;164
 4.5;  13.25;164
 4.25;  13.25;164
4;  13.25;164
 3.75;  13.25;164
 3.5;  13.25;164
 3.25;  13.25;164
3;  13.25;69
 2.75;  13.25;69
 2.5;  13.25;69
 2.25;  13.25;69
 1.5;  13.75;0
 1.5;  13.75;0
 1.5;  13.75;0
 1.25;  13.75;0
1;  13.75;0
 0.75;  13.75;0
 0.5;  13.75;0
 0.25;  13.75;0
0;  13.75;0
47;14;0
 46.75;14;0
 46.5;14;0
 46.25;14;0
46;14;0
 45.75;14;0
 45.5;14;0
 45.25;  13.5;0
45;  13.5;0
 44.75;  13.5;0
 44.5;  13.5;0
 44.25;  13.75;0
 44.25;  13.75;0
 43.5;  13.5;54
 43.5;  13.5;54
 43.25;  13.5;54
43;  13.5;54
 42.75;  13.5;54
 42.5;  13.5;54
 42.25;  13.5;54
42;  13.5;54
 41.75;  13.5;54
 41.5;  13.5;54
 41.25;  13.5;54
41;  13.5;54
 40.75;  13.5;54
 40.5;  13.5;54
 40.25;  13.5;54
40;  13.5;54
 39.75;  13.5;54
39;  13.5;78
39;  13.5;78
39;  13.5;78
 38.75;  13.5;78
 38.5;  13.5;78
 38.25;  13.5;78
38;  13.5;78
 37.75;  13.5;78
 37.5;  13.5;78
 37.25;  13.5;78
37;  13.5;78
 36.75;  13.5;78
 36.5;  13.5;78
 36.25;  13.5;78
36;  13.5;78
 35.75;  13.5;78
 35.5;  13.5;71
 35.25;  13.5;71
35;  13.5;42
 34.75;  13.5;42
 34.5;  13.5;167
 34.25;  13.5;167
34;  13.5;13
 33.75;  13.75;13
 33.5;  13.5;13
 33.25;  13.5;13
33;  13.5;13
 32.75;  13.5;13
 32.5;  13.5;13
 32.25;  13.5;13
32;  13.5;13
 31.75;  13.5;13
 31.5;  13.5;13
 31.25;  13.5;13
31;  13.5;13
 30.75;  13.5;13
 30.5;  13.5;13
 30.25;  13.5;13
30;  13.5;13
 29.75;  13.5;13
 29.5;  13.5;13
 29.25;  13.5;13
29;  13.5;13
 28.75;  13.5;13
 28.5;  13.5;13
 28.25;  13.5;13
28;  13.5;13
 27.75;  13.5;13
 27.5;  13.5;13
 27.25;  13.5;13
27;  13.5;13
 26.75;  13.5;13
 26.5;  13.5;13
 26.25;  13.5;13
26;  13.5;13
 25.75;  13.5;13
 25.5;  13.5;13
 25.25;  13.75;13
25;  13.5;99
 24.75;  13.5;99
 24.5;  13.75;99
 24.25;  13.5;99
24;  13.5;99
 23.75;  13.5;99
 23.5;  13.5;99
 23.25;  13.5;99
23;  13.5;99
 22.75;  13.5;99
 22.5;  13.5;99
22;  13.5;107
22;  13.5;107
 21.75;  13.5;107
 21.5;  13.5;107
 21.25;  13.5;107
21;  13.5;107
 20.75;  13.5;107
 20.5;  13.5;107
 20.25;  13.5;107
20;  13.5;107
 19.75;  13.5;107
 19.5;  13.5;107
 19.25;  13.5;107
19;  13.5;107
 18.75;  13.5;107
 18.5;  13.5;107
 18.25;  13.5;107
18;  13.5;107
 17.75;  13.5;107
 17.5;  13.5;107
 17.25;  13.5;107
17;  13.5;107
 16.75;  13.5;107
 16.5;  13.5;107
 16.25;  13.5;62
16;  13.5;62
 15.75;  13.75;62
 15.5;  13.5;62
 15.25;  13.5;62
15;  13.5;62
 14.75;  13.5;62
 14.5;  13.5;62
 14.25;  13.5;62
14;  13.5;62
 13.75;  13.5;62
 13.5;  13.5;62
 13.25;  13.5;62
13;  13.5;62
 12.75;  13.5;62
 12.5;  13.5;62
 12.25;  13.5;62
12;  13.5;62
 11.75;  13.5;62
 11.5;  13.5;62
 11.25;  13.5;57
11;  13.5;57
 10.75;  13.5;57
 10.5;  13.5;57
 10.25;  13.5;57
 9.75;  13.5;57
 9.75;  13.5;57
 9.5;  13.5;57
 9.25;  13.75;122
9;  13.5;122
 8.75;  13.5;122
 8.5;  13.5;122
 8.25;  13.5;122
8;  13.5;122
 7.75;  13.5;122
 7.5;  13.5;122
 7.25;  13.5;122
7;  13.75;122
 6.75;  13.5;164
 6.5;  13.5;164
 6.25;  13.5;164
6;  13.5;164
 5.75;  13.5;164
 5.5;  13.5;164
 5.25;  13.5;164
5;  13.5;164
 4.75;  13.5;164
 4.5;  13.75;164
 4.25;  13.5;164
4;  13.5;164
 3.75;  13.5;164
 3.5;  13.5;164
 3.25;  13.5;164
3;  13.5;69
 2.75;  13.5;69
 2.5;  13.5;69
 2.25;  13.5;69
2;14;69
 1.25;14;0
 1.25;14;0
 1.25;14;0
1;14;0
 0.75;14;0
 0.5;14;0
 0.25;14;0
0;14;0
47;  14.25;0
 46.75;  14.25;0
 46.5;  14.25;0
 46.25;  14.25;0
46;  14.25;0
 45.75;  14.25;0
 45.5;  14.25;0
 45.25;  13.75;0
45;  13.75;0
 44.75;  13.75;0
 44.5;  13.75;0
 44.25;  13.75;0
 44.25;  13.75;0
 44.25;  13.75;0
 43.5;14;54
 43.25;  13.75;54
43;  13.75;54
 42.75;  13.75;54
 42.5;  13.75;54
 42.25;  13.75;54
42;  13.75;54
 41.75;  13.75;54
 41.5;  13.75;54
 41.25;  13.75;54
41;  13.75;54
 40.75;  13.75;54
 40.5;  13.75;54
 40.25;  13.75;54
40;  13.75;54
40;  13.75;54
 39.25;  14.25;61
 39.25;  14.25;61
 38.75;  13.75;78
 38.75;  13.75;78
 38.5;  13.75;78
 38.25;  13.75;78
38;  13.75;78
 37.75;  13.75;78
 37.5;  13.75;78
 37.25;  13.75;78
37;  13.75;78
 36.75;  13.75;78
 36.5;  13.75;78
 36.25;  13.75;78
36;  13.75;78
 35.75;  13.75;78
 35.5;  14.25;42
 35.25;14;42
35;  13.75;42
 34.75;  13.75;42
 34.5;  13.75;167
 34.25;  13.75;167
34;  13.75;167
 33.75;  13.75;13
 33.5;  13.75;13
 33.25;  13.75;13
33;  13.75;13
 32.75;  13.75;13
 32.5;  13.75;13
 32.25;  13.75;13
32;  13.75;13
 31.75;  13.75;13
 31.5;  13.75;13
 31.25;  13.75;13
31;  13.75;13
 30.75;  13.75;13
 30.5;  13.75;13
 30.25;  13.75;13
30;  13.75;13
 29.75;  13.75;13
 29.5;  13.75;13
 29.25;  13.75;13
29;  13.75;13
 28.75;  13.75;13
 28.5;  13.75;13
 28.25;  13.75;13
28;  13.75;13
 27.75;  13.75;13
 27.5;  13.75;13
 27.25;  13.75;13
27;  13.75;13
 26.75;  13.75;13
 26.5;  13.75;13
 26.25;  13.75;13
26;  13.75;13
 25.75;  13.75;13
 25.5;  13.75;13
 25.25;  13.75;13
 24.75;  13.75;99
 24.75;  13.75;99
 24.5;  13.75;99
 24.25;  13.75;99
24;  13.75;99
 23.75;  13.75;99
 23.5;  13.75;99
 23.25;  14.25;99
23;  13.75;99
 22.75;  13.75;99
 22.5;  13.75;99
22;  13.75;107
22;  13.75;107
 21.75;  13.75;107
 21.5;  13.75;107
 21.25;  13.75;107
21;  13.75;107
 20.75;  13.75;107
 20.5;  13.75;107
 20.25;  13.75;107
20;  13.75;107
 19.75;  13.75;107
 19.5;  13.75;107
 19.25;  13.75;107
19;  13.75;107
 18.75;  13.75;107
 18.5;  13.75;107
 18.25;  13.75;107
18;  13.75;107
 17.75;  13.75;107
 17.5;  13.75;107
 17.25;  13.75;107
17;  13.75;107
 16.75;  13.75;107
 16.75;  13.75;107
 16.25;  13.75;62
16;  13.75;62
 15.75;  13.75;62
 15.5;  13.75;62
 15.25;  13.75;62
15;  13.75;62
 14.75;  13.75;62
 14.5;  13.75;62
 14.25;14;62
14;  13.75;62
 13.75;  13.75;62
 13.5;  13.75;62
 13.25;  13.75;62
13;  13.75;62
 12.75;14;62
 12.5;  13.75;62
 12.25;  13.75;62
12;  13.75;62
 11.75;  13.75;62
 11.75;  13.75;62
 11.25;  13.75;57
11;  13.75;57
 10.75;  13.75;57
 10.5;  13.75;57
 10.25;  13.75;57
10;14;122
 9.75;  13.75;122
 9.5;  13.75;122
 9.25;  13.75;122
9;  13.75;122
 8.75;  13.75;122
 8.5;  13.75;122
 8.25;  13.75;122
8;  13.75;122
 7.75;  13.75;122
 7.5;  13.75;122
 7.25;  13.75;122
7;  13.75;122
 6.75;  13.75;164
 6.5;  13.75;164
 6.25;  13.75;164
6;  13.75;164
 5.75;  13.75;164
 5.5;  13.75;164
 5.25;  13.75;164
5;  13.75;164
 4.75;  13.75;164
 4.5;  13.75;164
 4.25;  13.75;164
4;  13.75;164
 3.75;  13.75;164
 3.5;  13.75;164
 3.25;  13.75;164
3;  13.75;69
 2.75;  13.75;69
 2.5;  13.75;69
 2.25;  13.75;69
2;14;69
 1.25;  14.25;0
 1.25;  14.25;0
 1.25;  14.25;0
1;  14.25;0
 0.75;  14.25;0
 0.5;  14.25;0
 0.25;  14.25;0
0;  14.25;0
47;  14.5;0
 46.75;  14.5;0
 46.5;  14.5;0
 46.25;  14.5;0
46;  14.5;0
 45.75;  14.5;0
 45.5;  14.5;0
 45.25;14;0
45;14;0
 44.75;14;0
 44.5;14;0
 44.25;14;0
 44.25;14;0
 44.25;14;0
 43.5;14;54
 43.25;14;54
43;14;54
 42.75;14;54
 42.5;14;54
 42.25;14;54
42;14;54
 41.75;14;54
 41.5;14;54
 41.25;14;54
41;14;54
 40.75;14;54
 40.5;14;54
 40.25;14;54
40;14;54
40;14;54
 39.25;  14.25;61
 39.25;  14.25;61
39;14;61
 38.75;14;61
 38.5;14;61
 38.25;14;61
38;  14.25;61
 37.75;  14.25;61
 37.25;14;78
 37.25;14;78
37;14;78
 36.75;14;78
 36.5;14;78
 36.25;14;78
36;14;78
 35.75;14;78
 35.5;  14.25;42
 35.25;14;42
35;14;42
 34.75;14;42
 34.25;14;167
 34.25;14;167
34;14;167
 33.75;14;13
 33.5;14;13
 33.25;14;13
33;14;13
 32.75;14;13
 32.5;14;13
 32.25;14;13
32;14;13
 31.75;14;13
 31.5;14;13
 31.25;14;13
31;14;13
 30.75;14;13
 30.5;14;13
 30.25;14;13
30;  14.25;13
 29.75;14;13
 29.5;14;13
 29.25;14;13
29;14;13
 28.75;14;13
 28.5;14;13
 28.25;14;13
28;14;13
 27.75;14;13
 27.5;14;13
 27.25;14;13
27;14;13
 26.75;14;13
 26.5;14;13
 26.25;14;13
26;14;13
 25.75;14;13
 25.5;14;13
 25.25;14;13
 24.75;14;99
 24.75;14;99
 24.5;14;99
 24.25;14;99
24;  14.5;99
 23.75;14;99
 23.5;14;99
 23.25;  14.25;99
23;  14.25;99
23;  14.25;99
 22.5;  14.25;17
 22.25;14;17
22;  14.25;17
 21.75;14;107
 21.5;14;107
 21.25;14;107
21;14;107
 20.75;14;107
 20.5;14;107
 20.25;14;107
20;14;107
 19.75;14;107
 19.5;14;107
 19.25;14;107
19;14;107
 18.75;14;107
 18.5;14;107
 18.25;14;107
18;14;107
 17.75;14;107
 17.5;14;107
 17.25;14;107
17;14;107
 16.75;  14.25;172
 16.5;14;172
 16.25;  14.25;172
16;14;62
 15.75;14;62
 15.5;14;62
 15.25;14;62
15;14;62
 14.75;14;62
 14.5;14;62
 14.25;14;62
14;14;62
 13.75;14;62
 13.5;14;62
 13.25;  14.25;62
13;14;62
 12.75;14;62
 12.5;  14.25;62
 12.25;  14.25;62
12;14;62
 11.75;  14.5;62
 11.25;14;57
 11.25;14;57
11;14;57
 10.75;  14.25;122
 10.5;  14.25;122
 10.25;  14.25;122
10;14;122
 9.75;14;122
 9.5;14;122
 9.25;14;122
9;14;122
 8.75;14;122
 8.5;14;122
 8.25;14;122
8;14;122
 7.75;14;122
 7.5;14;122
 7.25;14;122
7;14;122
 6.75;14;164
 6.5;14;164
 6.25;14;164
6;14;164
 5.75;14;164
 5.5;14;164
 5.25;14;164
5;14;164
 4.75;14;164
 4.5;14;164
 4.25;14;164
4;14;164
 3.75;14;164
 3.5;14;164
 3.25;14;164
3;14;69
 2.75;14;69
 2.5;14;69
 2.25;14;69
2;14;69
 1.25;  14.5;0
 1.25;  14.5;0
 1.25;  14.5;0
1;  14.5;0
 0.75;  14.5;0
 0.5;  14.5;0
 0.25;  14.5;0
0;  14.5;0
47;  14.75;0
 46.75;  14.75;0
 46.5;  14.75;0
 46.25;  14.75;0
46;  14.75;0
 45.75;  14.75;0
 45.5;  14.75;0
 45.25;  14.25;0
45;  14.25;0
 44.75;  14.25;0
 44.5;  14.25;0
 44.25;  14.25;0
 44.25;  14.25;0
 44.25;  14.25;0
 43.5;  14.25;54
 43.25;  14.25;54
43;  14.25;54
 42.75;  14.25;54
 42.5;  14.25;54
 42.25;  14.25;54
42;  14.25;54
 41.75;  14.25;54
 41.5;  14.25;54
 41.25;  14.25;54
41;  14.25;54
 40.75;  14.25;54
 40.5;  14.25;54
 40.25;  14.25;54
40;  14.75;54
40;  14.75;54
 39.5;15;61
 39.25;  14.25;61
39;  14.25;61
 38.75;  14.25;61
 38.5;  14.25;61
 38.25;  14.25;61
38;  14.25;61
 37.75;  14.25;61
 37.5;  14.25;61
 37.25;  14.25;61
37;  14.25;61
 36.75;  14.25;78
 36.75;  14.25;78
 36.25;14;78
36;14;78
 35.75;14;78
 35.5;  14.25;42
 35.25;  14.25;42
35;  14.25;42
 34.75;  14.25;42
 34.5;15;167
 34.25;  14.25;167
34;  14.25;167
 33.75;  14.25;13
 33.5;  14.25;13
 33.25;  14.25;13
33;  14.25;13
 32.75;  14.5;13
 32.5;  14.25;13
 32.25;  14.25;13
32;  14.25;13
 31.75;  14.25;13
 31.5;  14.25;13
 31.25;  14.25;13
31;  14.25;13
 30.75;  14.25;13
 30.5;  14.25;13
 30.25;  14.25;13
30;  14.25;13
 29.5;  14.5;13
 29.5;  14.25;13
 28.75;  14.25;13
 28.5;  14.25;13
 28.5;  14.25;13
 28.5;  14.25;13
 28.25;  14.25;13
28;  14.25;13
 27.75;  14.25;13
 27.5;  14.25;13
 27.25;  14.25;13
27;  14.25;13
 26.5;  14.25;13
 26.5;  14.25;13
 26.25;  14.25;13
26;  14.25;13
 25.75;  14.25;13
 25.5;  14.25;13
 25.25;  14.25;13
 25.5;  14.5;13
 24.5;  14.5;99
 24.5;  14.5;99
 24.25;  14.25;99
24;  14.75;99
 23.75;  14.25;99
 23.5;  14.25;99
 23.25;  14.25;99
23;  14.25;99
 22.75;  14.75;17
 22.5;  14.25;17
 22.25;  14.25;17
22;  14.25;17
 21.75;  14.25;107
 21.5;  14.25;107
 21.25;  14.25;107
21;  14.25;107
 20.75;  14.25;107
 20.5;  14.25;107
 20.25;  14.25;107
20;  14.25;107
 19.75;  14.25;107
 19.5;  14.25;107
 19.25;  14.25;107
19;  14.25;107
 18.75;  14.25;107
 18.5;  14.25;107
 18.25;  14.25;107
18;  14.25;107
 17.75;  14.25;107
 17.5;  14.25;107
 17.25;  14.25;107
17;  14.25;172
 16.75;  14.25;172
 16.5;  14.25;172
 16.25;  14.25;172
16;  14.5;172
 15.5;  14.25;62
 15.5;  14.25;62
 15.25;  14.25;62
15;  14.25;62
 14.75;  14.25;62
 14.5;  14.25;62
 14.25;  14.25;62
14;  14.25;62
 13.75;  14.25;62
 13.5;  14.25;62
 13.25;  14.25;62
13;  14.25;62
 12.75;  14.25;62
 12.5;  14.25;62
 12.25;  14.25;62
12;  14.25;62
 11.75;  14.5;62
 11.5;  14.5;122
 11.25;  14.5;122
11;  14.5;122
 10.75;  14.25;122
 10.5;  14.25;122
 10.25;  14.25;122
10;  14.25;122
 9.75;  14.25;122
 9.5;  14.25;122
 9.25;  14.25;122
9;  14.25;122
 8.75;  14.25;122
 8.5;  14.25;122
 8.25;  14.25;122
8;  14.25;122
 7.75;  14.25;122
 7.5;  14.25;122
 7.25;  14.25;122
7;  14.25;122
 6.75;  14.25;164
 6.5;  14.25;164
 6.25;  14.25;164
6;  14.25;164
 5.75;  14.25;164
 5.5;  14.25;164
 5.25;  14.25;164
5;  14.25;164
 4.75;  14.25;164
 4.5;  14.25;164
 4.25;  14.25;164
4;  14.25;164
 3.75;  14.25;164
 3.5;  14.25;164
 3.5;  14.25;164
3;  14.25;69
 2.75;  14.25;69
 2.5;  14.25;69
 2.25;  14.5;69
2;  14.25;69
 1.25;  14.75;0
 1.25;  14.75;0
 1.25;  14.75;0
1;  14.75;0
 0.75;  14.75;0
 0.5;  14.75;0
 0.25;  14.75;0
0;  14.75;0
47;15;0
 46.75;15;0
 46.5;15;0
 46.25;15;0
46;15;0
 45.75;15;0
 45.5;15;0
 45.25;  14.5;0
45;  14.5;0
 44.75;  14.5;0
 44.5;  14.5;0
 44.25;  14.5;0
 44.25;  14.5;0
 44.25;  14.5;0
 43.5;  14.5;54
 43.25;  14.5;54
43;  14.5;54
 42.75;  14.5;54
 42.5;  14.5;54
 42.25;  14.5;54
42;  14.5;54
 41.75;  14.5;54
 41.5;  14.5;54
 41.25;  14.5;54
41;  14.5;54
 40.75;  14.5;54
 40.5;  14.5;54
 40.25;  14.5;54
40;15;54
40;15;54
 39.5;15;61
 39.25;  14.5;61
39;  14.5;61
 38.75;  14.5;61
 38.5;  14.5;61
 38.25;  14.5;61
38;  14.5;61
 37.75;  14.5;61
 37.5;  14.5;61
 37.25;  14.5;61
37;  14.5;61
 36.75;  14.5;61
 36.5;  14.75;61
 36.25;  14.5;61
36;  14.5;61
36;  14.5;61
 35.25;  14.5;42
 35.25;  14.5;42
35;  14.5;42
 34.75;  14.5;42
 34.5;15;167
 34.25;  14.5;167
34;  14.5;167
 33.75;  14.75;13
 33.5;  14.5;13
 33.25;  14.5;13
33;  14.5;13
 32.75;  14.5;13
 32.5;  14.5;13
 32.25;  14.5;13
32;  14.5;13
 31.75;  14.5;13
 31.5;  14.5;13
 31.25;  14.5;13
31;  14.5;13
 30.75;  14.5;13
 30.5;  14.5;13
 30.25;  14.5;13
30;  14.5;13
30;  14.5;13
 29.5;  14.75;34
 29.25;  14.75;34
29;  14.5;34
 28.75;  14.75;34
 28.5;  14.5;34
 28.25;15;34
28;  14.5;13
 27.5;  14.5;13
 27.5;  14.5;13
 27.25;  14.5;13
27;15;16
 26.75;  14.75;16
 26.5;  14.5;13
 26.25;  14.5;13
26;  14.5;13
 25.75;  14.5;13
 25.5;  14.5;13
 25.5;  14.5;13
 25.5;  14.5;13
 24.5;  14.5;99
 24.5;  14.5;99
 24.25;  14.5;99
24;  14.75;99
 23.75;  14.5;99
 23.5;  14.5;99
 23.25;  14.5;99
23;  14.5;99
 22.75;  14.75;17
 22.5;  14.5;17
 22.25;  14.5;17
22;  14.5;17
 21.75;  14.5;107
 21.5;  14.5;107
 21.25;  14.5;107
21;  14.5;107
 20.75;  14.5;107
 20.5;  14.5;107
 20.25;  14.5;107
20;  14.5;107
 19.75;  14.5;107
 19.5;  14.5;107
 19.25;  14.5;107
19;  14.5;107
 18.75;  14.5;107
 18.5;  14.5;107
 18.25;  14.5;107
18;  14.5;107
 17.75;  14.5;107
 17.5;  14.5;107
 17.25;  14.75;172
17;  14.5;172
 16.75;  14.5;172
 16.5;  14.5;172
 16.25;  14.5;172
16;  14.5;172
 15.75;  14.5;172
 15.5;  14.5;172
 15.25;  14.75;172
15;  14.5;172
 14.75;  14.75;172
 14.5;  14.5;62
 14.25;  14.5;62
14;  14.5;62
 13.75;  14.5;62
 13.5;  14.5;62
 13.25;  14.5;62
13;  14.5;62
 12.75;  14.5;62
 12.5;  14.5;62
 12.25;  14.5;62
12;  14.5;62
 11.75;  14.5;62
 11.5;  14.5;122
 11.25;  14.5;122
11;  14.5;122
 10.75;  14.5;122
 10.5;  14.5;122
 10.25;  14.5;122
10;  14.5;122
 9.75;  14.5;122
 9.5;  14.5;122
 9.25;  14.5;122
9;  14.5;122
 8.75;  14.5;122
 8.5;  14.5;122
 8.25;  14.5;122
8;  14.5;122
 7.75;  14.5;122
 7.5;  14.5;122
 7.25;  14.5;122
7;  14.5;122
 6.75;  14.5;164
 6.5;  14.5;164
 6.25;  14.5;164
6;  14.5;164
 5.75;  14.5;164
 5.5;  14.5;164
 5.25;  14.5;164
5;  14.5;164
 4.75;  14.5;164
 4.5;  14.5;164
 4.25;  14.5;164
4;  14.5;164
 3.75;  14.5;164
 3.5;  14.5;164
 3.25;  14.75;116
3;  14.75;116
 2.75;  14.75;116
 2.5;  14.5;69
 2.25;  14.5;69
2;  14.5;69
 1.25;15;0
 1.25;15;0
 1.25;15;0
1;15;0
 0.75;15;0
 0.5;15;0
 0.25;15;0
0;15;0
47;  15.25;0
 46.75;  15.25;0
 46.5;  15.25;0
 46.25;  15.25;0
46;  15.25;0
 45.75;  15.25;0
 45.5;  15.25;0
 45.25;  15.25;0
45;  14.75;0
 44.75;  14.75;0
 44.5;  14.75;0
 44.25;  14.75;0
 44.25;  14.75;0
 44.25;  14.75;0
 43.5;  14.75;54
 43.25;  14.75;54
43;  14.75;54
 42.75;  14.75;54
 42.5;  14.75;54
 42.25;  14.75;54
42;  14.75;54
 41.75;  14.75;54
 41.5;  14.75;54
 41.25;  14.75;54
41;  14.75;54
 40.75;  14.75;54
 40.5;  14.75;54
 40.25;  14.75;54
40;15;54
40;15;54
 39.5;15;61
 39.25;  14.75;61
39;  14.75;61
 38.75;  14.75;61
 38.5;  14.75;61
 38.25;  14.75;61
38;  14.75;61
 37.75;  14.75;61
 37.5;  14.75;61
 37.25;  14.75;61
37;  14.75;61
 36.75;  14.75;61
 36.5;  14.75;61
 36.25;  14.75;61
36;  14.75;61
 35.75;15;25
 35.5;  14.75;25
 35.25;  14.75;25
35;15;25
 34.75;  15.25;25
 34.5;  15.25;25
 34.25;  14.75;167
34;  14.75;167
 33.75;  14.75;13
 33.5;  14.75;13
 33.25;  14.75;13
33;  14.75;13
 32.75;  14.75;13
 32.5;  14.75;13
 32.25;  14.75;13
32;  14.75;13
 31.75;  14.75;13
 31.5;  14.75;13
 31.25;  14.75;13
31;  14.75;13
 30.75;  14.75;13
 30.5;  14.75;13
 30.25;  14.75;13
30;15;34
 29.75;15;34
 29.5;  14.75;34
 29.25;  14.75;34
29;  14.75;34
 28.75;  14.75;34
 28.5;  14.75;34
 28.25;  15.25;34
28;  14.75;34
 27.75;15;34
 27.5;15;34
 27.5;15;34
27;15;16
 26.75;  14.75;16
 26.5;  14.75;16
 26.25;  14.75;16
26;15;16
 25.75;  14.75;13
 25.5;  14.75;13
 25.25;  14.75;16
25;  15.25;16
 24.25;  14.75;99
 24.25;  14.75;99
 24.25;  14.75;99
24;  14.75;99
 23.75;  14.75;99
 23.5;  14.75;99
 23.25;  14.75;99
23;  14.75;99
 22.75;  14.75;17
 22.5;  14.75;17
 22.25;15;17
22;  14.75;17
 21.75;  14.75;107
 21.5;  14.75;107
 21.25;  14.75;107
21;  14.75;107
 20.75;  14.75;107
 20.5;  14.75;107
 20.25;  14.75;107
20;  14.75;107
 19.75;  14.75;107
 19.5;  14.75;107
 19.25;  14.75;107
19;  14.75;107
 18.75;  14.75;107
 18.5;  14.75;107
 18.25;  14.75;107
18;  14.75;107
 17.75;  14.75;107
 17.75;  14.75;107
 17.25;  14.75;172
17;  14.75;172
 16.75;  14.75;172
 16.5;  14.75;172
 16.25;  14.75;172
16;  14.75;172
 15.75;  14.75;172
 15.5;  14.75;172
 15.25;  14.75;172
15;  14.75;172
 14.75;  14.75;172
 14.5;15;172
 14.25;15;172
14;  15.25;172
 13.5;  14.75;62
 13.5;  14.75;62
 13.25;  14.75;62
13;  14.75;62
 12.75;  14.75;62
 12.5;  14.75;62
 12.25;  14.75;62
12;  14.75;62
 11.75;  14.75;62
 11.5;  14.75;122
 11.25;  14.75;122
11;  14.75;122
 10.75;  14.75;122
 10.5;  14.75;122
 10.25;  14.75;122
10;  14.75;122
 9.75;  14.75;122
 9.5;  14.75;122
 9.25;  14.75;122
9;  14.75;122
 8.75;  14.75;122
 8.5;  14.75;122
 8.25;  14.75;122
8;  14.75;122
 7.75;  14.75;122
 7.5;  14.75;122
 7.25;  14.75;122
7;  14.75;122
 6.75;  14.75;164
 6.5;  14.75;164
 6.25;  14.75;164
6;  14.75;164
 5.75;  14.75;164
 5.5;  14.75;164
 5.25;  14.75;164
5;  14.75;164
 4.75;  14.75;164
 4.5;  14.75;164
 4.25;  14.75;164
4;  14.75;164
 3.75;  14.75;164
 3.5;  14.75;164
 3.25;  14.75;116
3;  14.75;116
 2.75;  14.75;116
 2.5;  14.75;69
 2.25;  14.75;69
 2.25;  14.75;69
 1.5;  15.5;0
 1.5;  15.5;0
 1.25;  15.25;0
1;  15.25;0
 0.75;  15.25;0
 0.5;  15.25;0
 0.25;  15.25;0
0;  15.25;0
47;  15.5;0
 46.75;  15.5;0
 46.5;  15.5;0
 46.25;  15.5;0
46;  15.5;0
 45.75;  15.5;0
 45.5;  15.5;0
 45.25;  15.25;0
45;15;0
 44.75;15;0
 44.5;15;0
 44.25;15;0
 44.25;15;0
 44.25;15;0
 43.5;15;54
 43.25;15;54
43;15;54
 42.75;15;54
 42.5;15;54
 42.25;15;54
42;15;54
 41.75;15;54
 41.5;15;54
 41.25;  15.25;54
41;15;54
 40.75;15;54
 40.5;15;54
 40.25;15;54
40;15;54
40;15;54
 39.5;15;61
 39.25;15;61
39;15;61
 38.75;15;61
 38.5;15;61
 38.25;15;61
38;15;61
 37.75;15;61
 37.5;15;61
 37.25;15;61
37;15;61
 36.75;15;61
 36.5;15;61
 36.25;15;61
36;15;61
 35.75;15;25
 35.5;15;25
 35.25;15;25
35;15;25
 34.75;  15.25;25
 34.5;  15.5;25
 34.25;15;167
34;15;167
 33.75;15;13
 33.5;15;13
 33.25;15;13
33;15;13
 32.75;15;13
 32.5;15;13
 32.25;15;13
32;15;13
 31.75;15;13
 31.5;15;13
 31.25;15;13
31;15;13
 30.75;15;13
 30.5;15;13
 30.25;  15.25;34
30;15;34
 29.75;15;34
 29.5;15;34
 29.25;15;34
29;15;34
 28.75;15;34
 28.5;15;34
 28.25;  15.25;34
28;15;34
 27.75;15;34
 27.5;15;34
 27.25;15;34
27;15;16
 26.75;15;16
 26.5;  15.25;16
 26.25;15;16
26;15;16
 25.75;  15.25;16
 25.5;  15.25;16
 25.25;15;16
25;  15.25;16
25;  15.25;16
 24.25;15;99
 24.25;15;99
24;15;99
 23.75;15;99
 23.5;15;99
 23.25;15;99
23;  15.5;17
 22.75;15;17
 22.5;15;17
 22.25;15;17
22;15;17
 21.75;  15.25;17
21;15;107
 20.75;15;107
 20.75;15;107
 20.75;15;107
 20.5;15;107
 20.25;15;107
20;15;107
 19.75;15;107
 19.5;15;107
 19.25;15;107
19;15;107
 18.75;15;107
 18.5;15;107
 18.25;  15.5;91
18;  15.25;91
 17.75;15;91
 17.5;  15.25;91
 17.25;15;172
17;15;172
 16.75;15;172
 16.5;15;172
 16.25;15;172
16;15;172
 15.75;15;172
 15.5;15;172
 15.25;15;172
15;15;172
 14.75;15;172
 14.5;15;172
 14.25;15;172
14;  15.25;172
 13.75;  15.25;172
 13.25;15;62
 13.25;15;62
13;15;62
 12.75;15;62
 12.5;15;62
 12.25;15;62
12;15;62
12;15;62
 11.5;15;122
 11.25;15;122
11;15;122
 10.75;15;122
 10.5;15;122
 10.25;15;122
10;15;122
 9.75;15;122
 9.5;15;122
 9.25;15;122
9;15;122
 8.75;15;122
 8.5;15;122
 8.25;15;122
8;15;122
 7.75;15;122
 7.5;15;122
 7.25;15;122
7;15;122
 6.75;  15.25;122
 6.5;15;164
 6.25;15;164
6;15;164
 5.75;15;164
 5.5;15;164
 5.25;15;164
5;15;164
 4.75;15;164
 4.5;15;164
 4.25;15;164
4;15;164
 3.75;15;164
 3.5;15;164
 3.25;15;116
3;15;116
 2.75;15;116
 2.5;15;116
 2.25;  15.5;116
 1.5;  15.5;0
 1.5;  15.5;0
 1.5;  15.5;0
 1.25;  15.5;0
1;  15.5;0
 0.75;  15.5;0
 0.5;  15.5;0
 0.25;  15.5;0
0;  15.5;0
47;  15.75;0
 46.75;  15.75;0
 46.5;  15.75;0
 46.25;  15.75;0
46;  15.75;0
 45.75;  15.75;0
 45.5;  15.75;0
 45.5;  15.75;0
45;  15.25;0
 44.75;  15.25;0
 44.5;  15.25;0
 44.25;  15.25;0
 44.25;  15.25;0
 44.25;  15.25;0
 43.5;  15.25;54
 43.25;  15.25;54
43;  15.5;54
 42.75;  15.25;54
 42.5;  15.25;54
 42.25;  15.25;54
42;  15.25;54
 41.75;  15.25;54
 41.5;  15.25;54
 41.25;  15.25;54
41;  15.25;54
 40.75;  15.25;54
 40.5;  15.25;54
 40.25;  15.25;54
40;  15.25;54
40;  15.25;54
 39.5;  15.25;10
 39.25;  15.5;10
39;  15.25;61
 38.75;  15.25;61
 38.5;  15.25;61
 38.25;  15.25;61
38;  15.25;61
 37.75;  15.25;61
 37.5;  15.25;61
 37.25;  15.25;61
37;  15.25;61
 36.75;  15.25;61
 36.5;  15.25;61
 36.25;  15.25;61
36;  15.75;25
 35.75;  15.25;25
 35.5;  15.25;25
 35.25;  15.25;25
35;  15.25;25
 34.75;  15.25;25
 34.5;  15.5;25
 34.25;  15.75;25
34;  15.25;167
 33.5;  15.25;13
 33.5;  15.25;13
 33.25;  15.25;13
33;  15.25;13
 32.75;  15.25;13
 32.5;  15.25;13
 32.25;  15.25;13
32;  15.25;13
 31.75;  15.25;13
 31.5;  15.25;13
 31.25;  15.25;13
31;  15.25;13
 30.75;  15.25;13
 30.5;  15.75;34
 30.25;  15.25;34
30;  15.25;34
 29.75;  15.25;34
 29.5;  15.25;34
 29.25;  15.25;34
29;  15.25;34
 28.75;  15.25;34
 28.5;  15.25;34
 28.25;  15.25;34
28;  15.25;34
 27.75;  15.25;34
 27.5;  15.25;34
 27.25;  15.25;34
27;  15.5;34
 26.75;  15.25;16
 26.5;  15.25;16
 26.25;  15.25;16
26;  15.25;16
 25.75;  15.25;16
 25.5;  15.25;16
 25.25;  15.25;16
25;  15.25;16
 24.75;  15.5;16
 24.5;16;16
 23.5;  15.25;99
 23.5;  15.25;99
 23.5;  15.25;99
 23.5;  15.25;99
 23.25;  15.25;99
23;  15.5;17
 22.75;  15.25;17
 22.5;  15.25;17
 22.25;  15.25;17
22;  15.25;17
 21.75;  15.25;17
 21.5;  15.25;96
 21.25;  15.25;96
21;  15.5;96
 20.75;  15.5;96
 20.5;  15.75;96
 20.25;  15.25;107
20;  15.25;107
 19.5;  15.25;107
 19.5;  15.25;107
 19.25;  15.25;107
19;  15.25;107
 18.75;  15.25;107
 18.5;  15.5;91
 18.25;  15.5;91
18;  15.25;91
 17.75;  15.25;91
 17.5;  15.25;91
 17.25;  15.25;172
17;  15.25;172
 16.75;  15.25;172
 16.5;  15.25;172
 16.25;  15.25;172
16;  15.25;172
 15.75;  15.25;172
 15.5;  15.25;172
 15.25;  15.25;172
15;  15.25;172
 14.75;  15.25;172
 14.5;  15.25;172
 14.25;  15.25;172
14;  15.25;172
 13.75;  15.25;172
 13.5;  15.25;172
 13.25;  15.25;172
13;  15.25;62
 12.25;  15.25;62
 12.25;  15.25;62
 12.25;  15.25;62
12;  15.25;62
12;  15.25;62
 11.5;  15.25;122
 11.25;  15.25;122
11;  15.25;122
 10.75;  15.25;122
 10.5;  15.25;122
 10.25;  15.25;122
10;  15.25;122
 9.75;  15.25;122
 9.5;  15.25;122
 9.25;  15.25;122
9;  15.25;122
 8.75;  15.25;122
 8.5;  15.25;122
 8.25;  15.25;122
8;  15.25;122
 7.75;  15.25;122
 7.5;  15.25;122
 7.25;  15.25;122
7;  15.25;122
 6.75;  15.25;122
 6.5;  15.25;164
 6.25;  15.25;164
6;  15.25;164
 5.75;  15.25;164
 5.5;  15.25;164
 5.25;  15.25;164
5;  15.25;164
 4.75;  15.25;164
 4.5;  15.25;164
 4.25;  15.25;164
4;  15.25;164
 3.75;  15.25;164
 3.5;  15.25;164
 3.25;  15.25;116
3;  15.25;116
 2.75;  15.25;116
 2.5;  15.25;116
 2.25;  15.5;116
 1.5;  15.75;0
 1.5;  15.75;0
 1.5;  15.75;0
 1.25;  15.75;0
1;  15.75;0
 0.75;  15.75;0
 0.5;  15.75;0
 0.25;  15.75;0
0;  15.75;0
47;16;0
 46.75;16;0
 46.5;16;0
 46.25;16;0
46;16;0
 45.75;16;0
 45.5;16;0
 45.5;16;0
45;  15.5;0
 44.75;  15.5;0
 44.5;  15.5;0
 44.25;  15.5;0
 44.25;  15.5;0
 44.25;  15.5;0
 43.5;  15.5;54
 43.25;  15.5;54
43;  15.5;54
 42.75;  15.5;54
 42.5;  15.5;54
 42.25;  15.5;54
42;  15.5;54
 41.75;  15.75;54
 41.5;  15.5;54
 41.25;  15.5;54
41;  15.5;54
 40.75;  15.5;54
 40.5;  15.75;54
 40.25;  15.5;54
40;  15.5;54
40;  15.5;54
 39.5;  15.5;10
 39.25;  15.5;10
39;  15.75;10
 38.75;  15.5;61
 38.5;  15.5;61
 38.25;  15.5;61
38;  15.5;61
 37.75;  15.5;61
 37.5;  15.5;61
 37.25;  15.5;61
37;  15.5;61
 36.75;  15.5;61
 36.5;  15.5;61
 36.25;  15.5;61
36;  15.75;25
 35.75;  15.5;25
 35.5;  15.75;25
 35.25;  15.5;25
35;  15.5;25
 34.75;  15.5;25
 34.5;  15.5;25
 34.25;  15.75;25
34;16;25
 33.75;  15.75;25
 33.5;  15.5;13
 33.25;  15.5;13
33;  15.5;13
 32.75;  15.5;13
 32.5;  15.5;13
 32.25;  15.5;13
32;  15.5;13
 31.75;  15.5;13
 31.5;  15.5;13
 31.25;  15.5;13
31;  15.75;13
 30.75;  15.5;13
 30.5;  15.75;34
 30.25;  15.5;34
30;  15.5;34
 29.75;  15.5;34
 29.5;  15.5;34
 29.25;  15.5;34
29;  15.5;34
 28.75;  15.5;34
 28.5;  15.5;34
 28.25;  15.75;34
28;  15.5;34
 27.75;  15.5;34
 27.5;  15.5;34
 27.25;  15.5;34
27;  15.5;34
 26.75;  15.5;16
 26.5;  15.5;16
 26.25;  15.5;16
26;  15.5;16
 25.75;  15.5;16
 25.5;  15.5;16
 25.25;  15.5;16
25;  15.5;16
 24.75;  15.5;16
 24.5;16;16
 24.25;  15.75;178
24;  15.5;178
 23.75;  15.5;178
 23.5;  15.75;178
 23.25;  15.5;99
23;  15.5;17
 22.75;  15.5;17
 22.5;  15.5;17
 22.25;  15.5;17
22;  15.5;17
22;  15.5;17
 21.5;  15.5;96
 21.25;  15.5;96
21;  15.5;96
 20.75;  15.5;96
 20.5;  15.75;96
 20.25;16;96
20;  15.5;91
 19.75;  15.5;91
 19.5;  15.5;91
 19.25;  15.75;91
19;  15.75;91
 18.75;  15.5;91
 18.5;  15.5;91
 18.25;  15.5;91
18;  15.5;91
 17.75;  15.5;91
 17.5;  15.5;91
 17.25;  15.5;172
17;  15.5;172
 16.75;  15.5;172
 16.5;  15.5;172
 16.25;  15.5;172
16;  15.5;172
 15.75;  15.5;172
 15.5;  15.5;172
 15.25;  15.5;172
15;  15.5;172
 14.75;  15.5;172
 14.5;  15.5;172
 14.25;  15.5;172
14;  15.5;172
 13.75;  15.5;172
 13.5;  15.5;172
 13.25;  15.5;172
13;  15.5;172
 12.75;  15.5;172
 12.5;  15.5;172
 12.25;  15.75;172
12;  15.5;62
12;  15.5;62
 11.5;  15.5;122
 11.25;  15.5;122
11;  15.5;122
 10.75;  15.5;122
 10.5;  15.5;122
 10.25;  15.5;122
10;  15.5;122
 9.75;  15.5;122
 9.5;  15.5;122
 9.25;  15.5;122
9;  15.5;122
 8.75;  15.5;122
 8.5;  15.5;122
 8.25;  15.5;122
8;  15.5;122
 7.75;  15.5;122
 7.5;  15.5;122
 7.25;  15.5;122
7;  15.5;122
 6.75;  15.75;122
 6.5;  15.5;164
 6.25;  15.5;164
6;  15.5;164
 5.75;  15.5;164
 5.5;  15.5;164
 5.25;  15.5;164
5;  15.5;164
 4.75;  15.5;164
 4.5;  15.5;164
 4.25;  15.5;164
4;  15.5;164
 3.75;  15.5;164
 3.5;  15.5;164
 3.25;  15.5;116
3;  15.5;116
 2.75;  15.5;116
 2.5;  15.5;116
 2.25;  15.5;116
 1.5;16;0
 1.5;16;0
 1.5;16;0
 1.25;16;0
1;16;0
 0.75;16;0
 0.5;16;0
 0.25;16;0
0;16;0
47;  16.25;0
 46.75;  16.25;0
 46.5;  16.25;0
 46.25;  16.25;0
46;  16.25;0
 45.75;  16.25;0
 45.5;  16.25;0
 45.5;  16.25;0
45;  15.75;0
 44.75;  15.75;0
 44.5;  15.75;0
 44.25;  15.75;0
 44.25;  15.75;0
 44.25;  15.75;0
 43.5;  15.75;54
 43.25;  15.75;54
43;  15.75;54
 42.75;  15.75;54
 42.5;  15.75;54
 42.25;  15.75;54
42;  15.75;54
 41.75;  15.75;54
 41.5;  15.75;54
 41.25;  15.75;54
41;  15.75;54
 40.75;  15.75;54
 40.5;  15.75;54
 40.25;  15.75;54
 40.25;  15.75;54
 40.25;  15.75;54
 39.5;  15.75;10
 39.25;  15.75;10
39;  15.75;10
 38.75;  15.75;10
 38.5;16;10
 38.25;  15.75;61
38;  15.75;61
 37.75;  15.75;61
 37.5;  15.75;61
 37.25;  15.75;61
37;  15.75;61
 36.75;  15.75;61
 36.5;  15.75;61
 36.25;  15.75;61
36;  15.75;25
 35.75;  15.75;25
 35.5;  15.75;25
 35.25;  15.75;25
35;  15.75;25
 34.75;  15.75;25
 34.5;  15.75;25
 34.25;  15.75;25
34;16;25
 33.75;  15.75;25
 33.5;16;25
 33.25;  15.75;13
33;  15.75;13
 32.75;  15.75;13
 32.5;  15.75;13
 32.25;  15.75;13
32;  15.75;13
 31.75;  15.75;13
 31.5;  15.75;13
 31.25;  15.75;13
31;  15.75;13
31;  15.75;13
 30.5;  15.75;34
 30.25;  15.75;34
30;  15.75;34
 29.75;  15.75;34
 29.5;  15.75;34
 29.25;  15.75;34
29;  15.75;34
 28.75;  15.75;34
 28.5;  15.75;34
 28.25;  15.75;34
28;  15.75;34
 27.75;  15.75;34
 27.5;  15.75;34
 27.25;  15.75;34
27;  15.75;34
 26.75;16;34
 26.5;  15.75;16
 26.25;  15.75;16
26;16;16
 25.75;  15.75;16
 25.5;  15.75;16
 25.25;  15.75;16
25;  15.75;16
 24.75;  15.75;16
 24.5;16;16
 24.25;  15.75;178
24;  15.75;178
 23.75;  15.75;178
 23.5;  15.75;178
 23.25;  15.75;17
23;  15.75;17
 22.75;  15.75;17
 22.5;  15.75;17
 22.25;  15.75;17
22;  15.75;17
22;  15.75;17
 21.5;  15.75;96
 21.25;  15.75;96
21;  15.75;96
 20.75;  15.75;96
 20.5;  15.75;96
 20.25;16;96
 19.75;  15.75;91
 19.75;  15.75;91
 19.5;  15.75;91
 19.25;  15.75;91
19;  15.75;91
 18.75;  15.75;91
 18.5;  15.75;91
 18.25;  15.75;91
18;  15.75;91
 17.75;  15.75;91
 17.5;16;172
 17.25;  15.75;172
17;  15.75;172
 16.75;  15.75;172
 16.5;  15.75;172
 16.25;  15.75;172
16;  15.75;172
 15.75;  15.75;172
 15.5;  15.75;172
 15.25;  15.75;172
15;  15.75;172
 14.75;  15.75;172
 14.5;  15.75;172
 14.25;  15.75;172
14;  15.75;172
 13.75;16;172
 13.5;  15.75;172
 13.25;  15.75;172
13;  15.75;172
 12.75;  15.75;172
 12.5;  15.75;172
 12.25;  15.75;172
12;  15.75;172
 11.75;  16.5;172
 11.5;  15.75;122
 11.25;  15.75;122
11;  15.75;122
 10.75;  15.75;122
 10.5;  15.75;122
 10.25;  15.75;122
10;  15.75;122
 9.75;  15.75;122
 9.5;  15.75;122
 9.25;  15.75;122
9;  15.75;122
 8.75;  15.75;122
 8.5;  15.75;122
 8.25;16;122
8;  15.75;122
 7.75;  15.75;122
 7.5;  15.75;122
 7.25;  15.75;122
7;  15.75;122
 6.75;  15.75;122
 6.5;  15.75;164
 6.25;  15.75;164
6;  15.75;164
 5.75;  15.75;164
 5.5;  15.75;164
 5.25;  15.75;164
5;  15.75;164
 4.75;  15.75;164
 4.5;  15.75;164
 4.25;  15.75;164
4;  15.75;164
 3.75;  15.75;164
 3.5;16;116
 3.25;  15.75;116
3;  15.75;116
 2.75;  15.75;116
 2.5;  15.75;116
 2.25;  15.75;116
 1.5;  16.25;0
 1.5;  16.25;0
 1.5;  16.25;0
 1.25;  16.25;0
1;  16.25;0
 0.75;  16.25;0
 0.5;  16.25;0
 0.25;  16.25;0
0;  16.25;0
47;  16.5;0
 46.75;  16.5;0
 46.5;  16.5;0
 46.25;  16.5;0
46;  16.5;0
 45.75;  16.5;0
 45.5;  16.5;0
 45.25;16;0
45;16;0
 44.75;16;0
 44.5;16;0
 44.5;16;0
 44.5;16;0
 43.75;  16.5;54
 43.5;16;54
 43.25;16;54
43;16;54
 42.75;16;54
 42.5;16;54
 42.25;16;54
42;16;54
 41.75;16;54
 41.5;16;54
 41.25;16;54
41;16;54
 40.75;16;54
 40.5;16;54
 40.25;  16.5;35
40;  16.25;35
 39.75;  16.25;35
 39.5;16;10
 39.25;16;10
39;16;10
 38.75;16;10
 38.5;16;10
 38.25;16;10
38;16;10
 37.75;16;61
 37.5;16;61
 37.25;16;61
37;16;61
 36.75;16;61
 36.5;16;61
 36.25;16;61
36;  16.25;25
 35.75;16;25
 35.5;16;25
 35.25;16;25
35;16;25
 34.75;16;25
 34.5;16;25
 34.25;16;25
34;16;25
 33.75;16;25
 33.5;16;25
 33.25;  16.25;25
33;16;13
 32.75;16;13
 32.5;16;13
 32.25;16;13
32;16;13
 31.75;16;13
 31.5;16;13
 31.25;16;13
31;16;13
 30.75;  16.25;13
 30.5;16;34
 30.25;16;34
30;16;34
 29.75;16;34
 29.5;16;34
 29.25;16;34
29;16;34
 28.75;16;34
 28.5;16;34
 28.25;16;34
28;16;34
 27.75;16;34
 27.5;16;34
 27.25;16;34
27;16;34
 26.75;16;34
 26.5;16;16
 26.25;16;16
26;16;16
 25.75;  16.25;16
 25.5;16;16
 25.25;16;16
25;16;16
 24.75;16;16
 24.5;16;16
 24.25;16;178
24;16;178
 23.75;16;178
 23.5;16;178
23;16;17
23;16;17
 22.75;  16.25;23
 22.5;  16.25;23
 22.25;  16.25;23
22;  16.5;94
 21.75;16;94
 21.5;  16.25;94
 21.25;16;96
21;16;96
 20.75;16;96
 20.5;16;96
 20.25;16;96
20;  16.5;96
 19.5;16;91
 19.5;16;91
 19.25;16;91
19;16;91
 18.75;16;91
 18.5;16;91
 18.25;16;91
18;16;91
 17.75;16;91
 17.5;16;172
 17.25;16;172
17;16;172
 16.75;16;172
 16.5;16;172
 16.25;16;172
16;16;172
 15.75;16;172
 15.5;16;172
 15.25;16;172
15;16;172
 14.75;16;172
 14.5;16;172
 14.25;16;172
14;16;172
 13.75;16;172
 13.5;16;172
 13.25;16;172
13;16;172
 12.75;16;172
 12.5;16;172
 12.25;16;172
12;16;172
 11.75;  16.5;172
 11.5;16;122
 11.25;16;122
11;16;122
 10.75;16;122
 10.5;16;122
 10.25;16;122
10;16;122
 9.75;16;122
 9.5;16;122
 9.25;16;122
9;16;122
 8.75;16;122
 8.5;16;122
 8.25;16;122
8;16;122
 7.75;16;122
 7.5;16;122
 7.25;16;122
7;16;122
7;16;122
 6.5;16;164
 6.25;16;164
6;16;164
 5.75;16;164
 5.5;16;164
 5.25;16;164
5;16;164
 4.75;16;164
 4.5;16;164
 4.25;16;164
4;16;164
 3.75;16;164
 3.5;16;116
 3.25;16;116
3;16;116
 2.75;16;116
 2.5;16;116
 2.25;  16.5;116
 2.25;  16.5;116
 1.25;  16.5;0
 1.25;  16.5;0
 1.25;  16.5;0
1;  16.5;0
 0.75;  16.5;0
 0.5;  16.5;0
 0.25;  16.5;0
0;  16.5;0
47;  16.75;0
 46.75;  16.75;0
 46.5;  16.75;0
 46.25;  16.75;0
46;  16.75;0
 45.75;  16.75;0
 45.5;  16.75;0
 45.25;  16.25;0
45;  16.25;0
 44.75;  16.25;0
 44.5;  16.25;0
 44.5;  16.25;0
 44.5;  16.25;0
 43.75;  16.75;54
 43.5;  16.25;54
 43.25;  16.25;54
43;  16.25;54
 42.75;  16.25;54
 42.5;  16.25;54
 42.25;  16.25;54
42;  16.25;54
 41.75;  16.25;54
 41.5;  16.25;54
 41.25;  16.25;54
41;  16.25;54
 40.75;  16.75;35
 40.5;  16.5;35
 40.25;  16.5;35
40;  16.25;35
 39.75;  16.25;35
 39.5;  16.25;35
 39.25;  16.5;35
39;  16.25;10
 38.75;  16.25;10
 38.5;  16.25;10
 38.25;  16.25;10
38;  16.25;10
 37.75;  16.25;10
 37.5;  16.5;10
 37.25;  16.25;61
37;  16.25;61
 36.75;  16.25;61
 36.5;  16.25;61
 36.25;  16.25;61
36;  16.25;25
 35.75;  16.25;25
 35.5;  16.25;25
 35.25;  16.25;25
35;  16.25;25
 34.75;  16.25;25
 34.5;  16.25;25
 34.25;  16.25;25
34;  16.25;25
 33.75;  16.25;25
 33.5;  16.25;25
 33.25;  16.25;25
33;  16.25;13
 32.75;  16.25;13
 32.5;  16.25;13
 32.25;  16.25;13
32;  16.25;13
 31.75;  16.25;13
 31.5;  16.25;13
 31.25;  16.25;13
31;  16.25;13
 30.75;  16.25;13
 30.5;  16.25;34
 30.25;  16.5;34
30;  16.25;34
 29.75;  16.25;34
 29.5;  16.25;34
 29.25;  16.25;34
29;  16.25;34
 28.75;  16.25;34
 28.5;  16.25;34
 28.25;  16.25;34
28;  16.25;34
 27.75;  16.25;34
 27.5;  16.25;34
 27.25;  16.25;34
27;  16.25;34
 26.75;  16.25;34
 26.5;  16.25;16
 26.25;  16.25;16
26;  16.25;16
 25.75;  16.25;16
 25.5;  16.25;16
 25.25;  16.25;16
25;  16.25;16
 24.75;  16.25;16
 24.5;  16.25;16
 24.25;  16.75;16
24;  16.25;178
 23.75;  16.25;178
 23.75;  16.25;178
 23.25;  16.5;150
 23.25;  16.5;150
 22.75;  16.25;23
 22.5;  16.25;23
 22.25;  16.25;23
22;  16.75;94
 21.75;  16.25;94
 21.5;  16.25;94
 21.25;  16.25;94
21;  16.25;94
 20.75;  16.25;96
 20.5;  16.25;96
 20.25;  16.25;96
20;  16.5;96
 19.75;  16.75;96
 19.5;  16.75;91
 19.25;  16.5;91
19;  16.25;91
 18.75;  16.25;91
 18.5;  16.25;91
 18.25;  16.25;91
18;  16.25;91
18;  16.25;91
 17.5;  16.25;172
 17.25;  16.25;172
17;  16.25;172
 16.75;  16.25;172
 16.5;  16.25;172
 16.25;  16.25;172
16;  16.25;172
 15.75;  16.25;172
 15.5;  16.25;172
 15.25;  16.25;172
15;  16.5;172
 14.75;  16.25;172
 14.5;  16.25;172
 14.25;  16.25;172
14;  16.25;172
 13.75;  16.25;172
 13.5;  16.25;172
 13.25;  16.25;172
13;  16.25;172
 12.75;  16.25;172
 12.5;  16.25;172
 12.25;  16.25;172
12;  16.25;172
 11.75;  16.5;172
 11.5;  16.25;122
 11.25;  16.25;122
11;  16.25;122
 10.75;  16.25;122
 10.5;  16.25;122
 10.25;  16.25;122
10;  16.25;122
 9.75;  16.25;122
 9.5;  16.25;122
 9.25;  16.25;122
9;  16.25;122
 8.75;  16.25;122
 8.5;  16.25;122
 8.25;  16.25;122
8;  16.25;122
 7.75;  16.5;153
 7.5;  16.5;153
 7.5;  16.5;153
7;  16.5;72
 6.75;  16.25;72
 6.5;  16.5;72
 6.25;16;164
6;16;164
5;  16.25;164
5;  16.25;164
5;  16.25;164
5;  16.25;164
5;  16.25;164
 4.5;16;164
 4.25;16;164
4;16;164
 3.75;16;164
 3.25;  16.25;116
 3.25;  16.25;116
3;  16.25;116
 2.75;  16.25;116
 2.5;  16.25;116
 2.25;  16.5;116
 2.25;  16.5;116
 1.5;17;0
 1.5;17;0
 1.25;  16.75;0
1;  16.75;0
 0.75;  16.75;0
 0.5;  16.75;0
 0.25;  16.75;0
0;  16.75;0
47;17;0
 46.75;17;0
 46.5;17;0
 46.25;17;0
46;17;0
 45.75;17;0
 45.5;17;0
45;  16.75;0
45;  16.5;0
 44.75;  16.5;0
 44.5;  16.5;0
 44.5;  16.5;0
 44.5;  16.5;0
 43.75;  16.75;54
 43.5;  16.5;54
 43.25;  16.5;54
43;  16.5;54
 42.75;  16.5;54
 42.5;  16.5;54
 42.25;  16.5;54
42;  16.5;54
 41.75;  16.5;54
 41.5;  16.5;54
 41.25;  16.5;54
41;  16.75;35
 40.75;  16.75;35
 40.5;  16.5;35
 40.25;  16.5;35
40;  16.5;35
 39.75;  16.5;35
 39.5;  16.5;35
 39.25;  16.5;35
39;  16.75;35
 38.75;  16.75;35
 38.5;17;35
 38.25;  16.5;10
38;  16.5;10
 37.75;  16.5;10
 37.5;  16.5;10
 37.25;  16.75;10
37;  16.5;61
 36.75;  16.5;61
 36.5;  16.5;61
 36.25;  16.5;61
36;  16.5;25
 35.75;  16.5;25
 35.5;  16.5;25
 35.25;  16.5;25
35;  16.5;25
 34.75;  16.5;25
 34.5;  16.5;25
 34.25;  16.5;25
34;  16.5;25
 33.75;  16.5;25
 33.5;  16.5;25
 33.25;  16.5;25
33;  16.75;25
 32.75;  16.5;13
 32.5;  16.75;13
 32.25;  16.5;13
32;  16.5;13
 31.75;  16.5;13
 31.5;  16.5;13
 31.25;  16.5;13
31;  16.5;13
 30.75;  16.5;13
 30.25;  16.5;34
 30.25;  16.5;34
30;  16.5;34
 29.75;  16.5;34
 29.5;  16.5;34
 29.25;  16.5;34
29;  16.5;34
 28.75;  16.5;34
 28.5;  16.5;34
 28.25;  16.5;34
28;  16.5;34
 27.75;  16.5;34
 27.5;  16.5;34
 27.25;  16.5;34
27;  16.5;34
 26.75;  16.5;34
 26.5;  16.75;34
 26.25;  16.5;16
26;  16.5;16
 25.75;  16.5;16
 25.5;  16.5;16
 25.25;  16.5;16
25;  16.5;16
 24.75;  16.5;16
 24.5;  16.5;16
 24.5;  16.75;16
24;  16.5;178
 23.75;  16.5;178
 23.5;  16.75;150
 23.25;  16.5;150
23;  16.75;150
 22.75;  16.5;23
 22.5;  16.5;23
 22.25;  16.5;23
22;  16.75;94
 21.75;  16.5;94
 21.5;  16.5;94
 21.25;  16.5;94
21;  16.5;94
 20.75;  16.5;94
 20.5;  16.75;94
 20.25;  16.5;96
20;  16.5;96
 19.75;  16.75;96
 19.5;  16.75;91
 19.25;  16.5;91
19;  16.5;91
 18.75;  16.5;91
 18.5;  16.5;91
 18.25;  16.5;91
 18.25;  16.5;91
 18.25;  16.5;91
 17.5;  16.5;172
 17.25;  16.5;172
17;  16.5;172
 16.75;  16.5;172
 16.5;  16.5;172
 16.25;  16.5;172
16;  16.5;172
 15.75;  16.5;172
 15.5;  16.5;172
 15.25;  16.5;172
15;  16.5;172
 14.75;  16.5;172
 14.5;  16.5;172
 14.25;  16.5;172
14;  16.75;172
 13.75;  16.5;172
 13.5;  16.5;172
 13.25;  16.5;172
13;  16.5;172
 12.75;  16.5;172
 12.5;  16.5;172
 12.25;  16.5;172
12;  16.5;172
 11.75;  16.5;172
 11.5;  16.5;122
 11.25;  16.5;122
11;  16.5;122
 10.75;  16.5;122
 10.5;  16.5;122
 10.25;  16.5;122
10;  16.5;122
 9.75;  16.5;122
 9.5;  16.5;122
 9.25;  16.5;122
9;  16.5;122
 8.75;17;153
 8.5;  16.75;153
 8.25;  16.5;153
8;  16.75;153
 7.75;  16.5;153
 7.5;  16.5;153
 7.5;  16.5;153
7;  16.5;72
 6.75;  16.5;72
 6.5;  16.5;72
 6.25;  16.5;38
6;  16.5;38
 5.75;  16.5;38
 5.5;  16.5;38
 5.25;  16.5;38
5;  16.75;38
 4.75;17;84
 4.5;  16.75;84
 4.25;  16.5;84
4;  16.5;84
 3.75;  16.5;84
 3.5;  16.5;84
 3.25;  16.75;84
3;  16.5;116
 2.75;  16.5;116
 2.5;  16.5;116
 2.25;  16.5;116
 1.5;17;0
 1.5;17;0
 1.5;17;0
 1.25;17;0
1;17;0
 0.75;17;0
 0.5;17;0
 0.25;17;0
0;17;0
47;  17.25;0
 46.75;  17.25;0
 46.5;  17.25;0
 46.25;  17.25;0
46;  17.25;0
 45.75;  17.25;0
 45.5;  17.25;0
45;  16.75;0
45;  16.75;0
 44.75;  16.75;0
 44.5;  16.75;0
 44.5;  16.75;0
 44.5;  16.75;0
 43.75;  16.75;54
 43.5;  16.75;54
 43.25;  16.75;54
43;  16.75;54
 42.75;  16.75;54
 42.5;  16.75;54
 42.25;  16.75;54
 42.25;  16.75;54
 41.75;17;35
 41.5;17;35
 41.25;17;35
41;  16.75;35
 40.75;  16.75;35
 40.5;  16.75;35
 40.25;  16.75;35
40;  16.75;35
 39.75;  16.75;35
 39.5;  16.75;35
 39.25;  16.75;35
39;  16.75;35
 38.75;  16.75;35
 38.5;17;35
 38.25;  17.25;35
38;  17.25;35
 37.75;  16.75;10
 37.5;  16.75;10
 37.25;  16.75;10
37;  16.75;10
 36.75;  16.5;61
 36.5;  16.5;61
 36.25;  17.25;25
36;17;25
 35.75;  16.75;25
 35.5;  16.75;25
 35.25;  16.75;25
35;  16.75;25
 34.75;  16.75;25
 34.5;  16.75;25
 34.25;  16.75;25
34;  16.75;25
 33.75;  16.75;25
 33.5;  16.75;25
 33.25;  16.75;25
33;  16.75;25
 32.75;  16.75;13
 32.5;  16.75;13
 32.25;  16.75;13
32;  16.75;13
 31.75;  16.75;13
 31.5;  16.75;13
 31.25;  16.75;13
31;  16.75;13
 30.75;  16.75;144
 30.5;  16.75;144
 30.25;  16.75;34
30;  16.75;34
 29.75;  16.75;34
 29.5;  16.75;34
 29.25;  16.75;34
29;  16.75;34
 28.75;  16.75;34
 28.5;  16.75;34
 28.25;  16.75;34
28;  16.75;34
 27.75;  16.75;34
 27.5;  16.75;34
 27.25;  16.75;34
27;  16.75;34
 26.75;  16.75;34
 26.5;  16.75;34
 26.25;17;16
26;  16.75;16
 25.75;  16.75;16
 25.5;  16.75;16
 25.25;  16.75;16
25;  16.75;16
 24.75;  16.75;16
 24.5;  16.75;16
 24.5;  16.75;16
24;17;150
 23.75;  16.75;150
 23.5;  16.75;150
 23.25;  16.75;150
23;  16.75;150
 22.75;  16.75;23
 22.5;  16.75;23
 22.25;  16.75;23
22;  16.75;94
 21.75;  16.75;94
 21.5;  16.75;94
 21.25;  16.75;94
21;  16.75;94
 20.75;  16.75;94
 20.5;  16.75;94
 20.25;  16.75;94
20;  16.75;94
 19.75;  16.75;96
 19.5;  16.75;91
 19.25;  16.75;91
19;  16.75;91
 18.75;  16.75;91
 18.5;  16.75;91
 18.5;  16.75;91
 18.25;  16.5;91
 18.25;  16.5;91
 17.25;  16.75;172
 17.25;  16.75;172
17;  16.75;172
 16.75;  16.75;172
 16.5;  16.75;172
 16.25;  16.75;172
16;  16.75;172
 15.75;  16.75;172
 15.5;  16.75;172
 15.25;  16.75;172
15;  16.75;172
 14.75;  16.75;172
 14.5;  16.75;172
 14.25;  16.75;172
14;  16.75;172
 13.75;  16.75;172
 13.5;  16.75;172
 13.25;  16.75;172
13;  16.75;172
 12.75;  16.75;172
 12.5;  16.75;172
 12.25;  16.75;172
12;  16.75;172
12;  16.75;172
 11.25;  16.75;122
 11.25;  16.75;122
11;  16.75;122
 10.75;  16.75;122
 10.5;  16.75;122
 10.25;  16.75;122
10;  16.75;122
 9.75;  16.75;122
 9.5;  16.75;122
 9.25;17;153
9;17;153
 8.75;17;153
 8.5;  16.75;153
 8.25;  16.75;153
8;  16.75;153
 7.75;  16.75;153
 7.5;  16.75;153
 7.25;17;72
7;  16.75;72
 6.75;  16.75;72
 6.5;  16.75;72
 6.25;  17.25;72
6;  16.75;38
 5.75;  16.75;38
 5.5;  16.75;38
 5.25;  16.75;38
5;  16.75;38
 4.75;  17.25;84
 4.5;  16.75;84
 4.25;  16.75;84
4;  16.75;84
 3.75;  16.75;84
 3.5;  16.75;84
 3.25;  16.75;84
3;17;84
 2.75;  16.75;116
 2.5;  16.75;116
 2.25;  16.75;116
 1.5;  17.25;0
 1.5;  17.25;0
 1.5;  17.25;0
 1.25;  17.25;0
1;  17.25;0
 0.75;  17.25;0
 0.5;  17.25;0
 0.25;  17.25;0
0;  17.25;0
47;  17.5;0
 46.75;  17.5;0
 46.5;  17.5;0
 46.25;  17.5;0
46;  17.5;0
 45.75;  17.5;0
 45.5;  17.5;0
 45.5;  17.5;0
45;17;0
 44.75;17;0
 44.5;17;0
 44.25;  17.25;0
 44.25;  17.25;0
 43.5;17;54
 43.5;17;54
 43.25;17;54
43;  17.5;35
 42.75;  17.25;35
 42.5;  17.25;35
 42.25;  17.25;35
42;17;35
 41.75;17;35
 41.5;17;35
 41.25;17;35
41;17;35
 40.75;17;35
 40.5;17;35
 40.25;17;35
40;17;35
 39.75;17;35
 39.5;17;35
 39.25;17;35
39;17;35
 38.75;17;35
 38.5;17;35
 38.25;  17.25;35
38;  17.25;35
 37.75;17;10
 37.5;17;10
 37.25;  17.25;105
37;  17.5;105
 36.75;  17.25;105
 36.5;  17.5;105
 36.25;  17.25;25
36;17;25
 35.75;17;25
 35.5;  17.25;25
 35.25;  17.25;25
35;17;25
 34.75;17;25
 34.5;17;25
 34.25;17;25
34;17;25
 33.75;17;25
 33.5;17;25
 33.25;17;25
33;17;25
 32.75;17;13
 32.5;17;13
 32.25;17;13
32;17;13
 31.75;17;13
 31.5;17;13
 31.25;17;13
31;17;13
 30.75;17;144
 30.5;17;144
 30.25;17;34
30;17;34
 29.75;17;34
 29.5;17;34
 29.25;17;34
29;17;34
 28.75;17;34
 28.5;17;34
 28.25;17;34
28;17;34
 27.75;17;34
 27.5;17;34
 27.25;17;34
27;17;34
 26.75;17;34
 26.75;  17.25;34
 26.25;17;16
26;17;16
 25.75;17;16
 25.5;17;16
 25.25;17;16
25;17;16
 24.75;17;16
25;  17.25;16
25;  17.25;16
24;17;150
 23.75;17;150
 23.5;17;150
 23.25;17;150
23;17;150
 22.75;17;23
 22.5;17;23
 22.25;17;23
22;17;94
 21.75;17;94
 21.5;17;94
 21.25;17;94
21;17;94
 20.75;17;94
 20.5;17;94
 20.25;17;94
20;17;94
 19.75;17;94
 19.5;17;91
 19.25;17;91
19;17;91
 18.75;17;91
 18.5;17;91
 18.5;17;91
 18.5;17;91
 18.5;17;91
 17.25;17;172
 17.25;17;172
17;17;172
 16.75;17;172
 16.5;17;172
 16.25;17;172
16;17;172
 15.75;17;172
 15.5;17;172
 15.25;17;172
15;17;172
 14.75;17;172
 14.5;17;172
 14.25;17;172
14;17;172
 13.75;17;172
 13.5;17;172
 13.25;17;172
13;17;172
 12.75;17;172
 12.5;17;172
 12.25;17;172
12;  17.25;29
 11.75;17;29
 11.5;  17.25;29
 11.25;17;122
11;17;122
 10.75;17;122
 10.5;17;122
 10.25;17;122
10;17;122
 9.75;  17.25;153
 9.5;  17.25;153
 9.25;17;153
9;17;153
 8.75;17;153
 8.5;17;153
 8.25;17;153
8;17;153
 7.75;17;153
 7.5;  17.25;72
 7.25;17;72
7;17;72
 6.75;17;72
 6.5;17;72
 6.25;  17.25;72
6;17;38
 5.75;17;38
 5.5;17;38
 5.25;17;38
5;  17.25;38
 4.75;  17.25;84
 4.5;17;84
 4.25;17;84
4;17;84
 3.75;17;84
 3.5;17;84
 3.25;17;84
3;17;84
 2.75;17;84
 2.5;17;116
 2.25;17;116
 1.75;  17.75;0
 1.75;  17.75;0
 1.5;  17.5;0
 1.25;  17.5;0
1;  17.5;0
 0.75;  17.5;0
 0.5;  17.5;0
 0.25;  17.5;0
0;  17.5;0
47;  17.75;0
 46.75;  17.75;0
 46.5;  17.75;0
 46.25;  17.75;0
46;  17.75;0
 45.75;  17.75;0
 45.5;  17.75;0
 45.25;  17.25;0
45;  17.25;0
 44.75;  17.25;0
 44.5;  17.25;0
 44.25;  17.25;0
 44.25;  17.25;0
 44.25;  17.25;0
 43.5;  17.5;35
 43.25;  17.5;35
43;  17.5;35
 42.75;  17.25;35
 42.5;  17.25;35
 42.25;  17.25;35
42;  17.25;35
 41.75;  17.25;35
 41.5;  17.25;35
 41.25;  17.25;35
41;  17.25;35
 40.75;  17.25;35
 40.5;  17.25;35
 40.25;  17.25;35
40;  17.25;35
 39.75;  17.25;35
 39.5;  17.25;35
 39.25;  17.25;35
39;  17.25;35
 38.75;  17.25;35
 38.5;  17.25;35
 38.25;  17.25;35
38;  17.25;35
 37.75;  17.75;35
 37.5;  17.5;105
 37.25;  17.25;105
37;  17.5;105
 36.75;  17.25;105
 36.5;  17.5;105
 36.25;  17.25;25
36;  17.25;25
 35.75;  17.25;25
 35.5;  17.25;25
 35.25;  17.25;25
35;  17.5;25
 34.75;  17.25;25
 34.5;  17.25;25
 34.25;  17.25;25
34;  17.25;25
 33.75;  17.25;25
 33.5;  17.25;25
 33.25;  17.25;25
33;  17.25;25
 32.75;  17.25;13
 32.5;  17.25;13
 32.25;  17.25;13
32;  17.25;13
 31.75;  17.25;13
 31.5;  17.25;13
 31.25;  17.25;13
31;  17.25;13
 30.75;  17.25;144
 30.5;  17.25;144
 30.25;  17.5;144
30;  17.25;34
 29.75;  17.25;34
 29.5;  17.25;34
 29.25;  17.25;34
29;  17.25;34
 28.75;  17.25;34
 28.5;  17.25;34
 28.25;  17.25;34
28;  17.25;34
 27.75;  17.25;34
 27.5;  17.25;34
 27.25;  17.25;34
27;  17.25;34
 26.75;  17.25;34
 26.75;  17.25;34
 26.25;  17.25;16
26;  17.25;16
 25.75;  17.25;16
 25.5;  17.25;16
 25.25;  17.25;16
25;  17.25;16
25;  17.25;16
25;  17.25;16
25;  17.25;16
 23.75;  17.25;150
 23.75;  17.25;150
 23.5;  17.25;150
 23.5;  17.25;150
23;17;150
 22.5;  17.25;23
 22.5;  17.25;23
 22.25;  17.25;23
22;  17.25;94
 21.75;  17.25;94
 21.5;  17.25;94
 21.25;  17.25;94
21;  17.25;94
 20.75;  17.25;94
 20.5;  17.25;94
 20.25;  17.25;94
20;  17.25;94
 19.75;  17.75;94
 19.5;  17.25;91
 19.25;  17.25;91
19;  17.25;91
 18.75;  17.25;91
 18.75;  17.25;91
 18.75;  17.25;91
 18.75;  17.25;91
 18.75;  17.25;91
 17.25;  17.25;172
 17.25;  17.25;172
17;  17.25;172
 16.75;  17.25;172
 16.5;  17.25;172
 16.25;  17.25;172
16;  17.25;172
 15.75;  17.25;172
 15.5;  17.25;172
 15.25;  17.25;172
15;  17.25;172
 14.75;  17.25;172
 14.5;  17.25;172
 14.25;  17.25;172
14;  17.25;172
 13.75;  17.25;172
 13.5;  17.25;172
 13.25;  17.25;172
13;  17.25;172
 12.75;  17.5;29
 12.5;  17.5;29
 12.25;  17.5;29
12;  17.25;29
 11.75;  17.25;29
 11.5;  17.25;29
 11.25;  17.25;122
11;  17.25;122
 10.75;  17.5;153
 10.5;  17.5;153
 10.25;  17.25;153
10;  17.25;153
 9.75;  17.25;153
 9.5;  17.25;153
 9.25;  17.25;153
9;  17.25;153
 8.75;  17.25;153
 8.5;  17.25;153
 8.25;  17.25;153
8;  17.25;153
 7.75;  17.25;153
 7.5;  17.25;72
 7.25;  17.25;72
7;  17.25;72
 6.75;  17.25;72
 6.5;  17.25;72
 6.25;  17.25;72
6;  17.75;72
 5.75;  17.25;38
 5.5;  17.25;38
 5.25;  17.25;38
5;  17.25;38
 4.75;  17.25;84
 4.5;  17.25;84
 4.25;  17.25;84
4;  17.25;84
 3.75;  17.25;84
 3.5;  17.25;84
 3.25;  17.25;84
3;  17.25;84
 2.75;  17.25;84
 2.5;  17.5;84
 1.75;  17.75;0
 1.75;  17.75;0
 1.75;  17.75;0
 1.5;  17.75;0
 1.25;  17.75;0
1;  17.75;0
 0.75;  17.75;0
 0.5;  17.75;0
 0.25;  17.75;0
0;  17.75;0
47;18;0
 46.75;18;0
 46.5;18;0
 46.25;18;0
46;18;0
 45.75;18;0
 45.5;18;0
 45.25;  17.5;0
45;  17.5;0
 44.75;  17.5;0
 44.5;  17.5;0
 44.25;  17.5;0
 44.25;  17.5;0
 44.25;  17.5;0
 43.5;  17.5;35
 43.25;  17.5;35
43;  17.5;35
 42.75;  17.5;35
 42.5;  17.5;35
 42.25;  17.5;35
42;  17.5;35
 41.75;  17.5;35
 41.5;  17.5;35
 41.25;  17.5;35
41;  17.5;35
 40.75;  17.5;35
 40.5;  17.5;35
 40.25;  17.5;35
40;  17.5;35
 39.75;  17.5;35
 39.5;  17.5;35
 39.25;  17.5;35
39;  17.5;35
 38.75;  17.5;35
 38.5;  17.5;35
 38.25;  17.5;35
38;  17.5;35
 37.75;  17.75;35
 37.5;  17.5;105
 37.25;  17.5;105
37;  17.5;105
 36.75;  17.5;105
 36.5;  17.5;105
36;  17.5;25
36;  17.5;25
 35.75;  17.5;25
 35.5;18;25
 35.25;  17.5;25
35;  17.5;25
 34.75;  17.5;25
 34.5;  17.5;25
 34.25;  17.5;25
34;  17.5;25
 33.75;  17.5;25
 33.5;  17.5;25
 33.25;  17.5;25
 33.25;  17.5;25
 32.75;  17.5;13
 32.5;  17.5;13
 32.25;  17.5;13
32;  17.5;13
 31.75;  17.5;13
 31.5;  17.5;13
 31.25;  17.5;13
31;  17.5;13
 30.75;  17.5;144
 30.5;  17.5;144
 30.25;  17.5;144
30;  17.75;34
 29.75;  17.5;34
 29.5;  17.5;34
 29.25;  17.5;34
29;  17.5;34
 28.75;  17.5;34
 28.5;  17.5;34
 28.25;  17.5;34
28;  17.5;34
 27.75;  17.5;34
 27.5;  17.5;34
 27.25;  17.5;34
 27.25;  17.5;34
 26.75;  17.25;34
 26.75;  17.25;34
 26.25;  17.5;16
26;  17.5;16
 25.75;  17.5;16
 25.5;  17.5;16
 25.25;  17.5;16
25;  17.75;68
 24.75;  17.75;68
 24.5;  17.5;68
 24.25;  17.5;68
24;  17.75;68
 23.75;  17.75;68
 23.5;  17.5;150
 23.25;  17.75;74
23;  17.75;74
 22.75;18;74
 22.5;  17.5;23
 22.5;  17.5;23
22;  17.5;94
 21.75;  17.5;94
 21.5;  17.5;94
 21.25;  17.5;94
21;  17.5;94
 20.75;  17.5;94
 20.5;  17.5;94
 20.25;  17.5;94
20;  17.5;94
 19.75;  17.75;94
 19.5;18;94
 19.25;  17.5;91
19;  17.5;91
 18.75;  17.5;91
 18.75;  17.5;91
 18.75;  17.5;91
 18.75;  17.5;91
 18.75;  17.5;91
 17.25;  17.75;172
 17.25;  17.5;172
17;  17.5;172
 16.75;  17.5;172
 16.5;  17.5;172
 16.25;  17.5;172
16;  17.5;172
 15.75;  17.5;172
 15.5;  17.5;172
 15.25;  17.5;172
15;  17.5;172
 14.75;  17.5;172
 14.5;  17.5;172
 14.5;  17.5;172
 13.25;  17.5;172
 13.25;  17.5;172
 13.25;  17.5;172
 13.25;  17.5;172
 13.25;  17.5;172
 12.75;  17.5;29
 12.5;  17.5;29
 12.25;  17.5;29
12;  17.5;29
 11.75;  17.5;29
 11.5;  17.75;29
 11.25;18;29
11;  17.75;153
 10.75;  17.5;153
 10.5;  17.5;153
 10.25;  17.5;153
10;  17.5;153
 9.75;  17.5;153
 9.5;  17.5;153
 9.25;  17.5;153
9;  17.5;153
 8.75;  17.5;153
 8.5;  17.5;153
 8.25;  17.5;153
8;  17.5;153
 7.75;18;72
 7.5;  17.5;72
 7.25;  17.5;72
7;  17.5;72
 6.75;  17.5;72
 6.5;  17.5;72
 6.25;  17.5;72
6;  17.75;72
 5.5;  17.5;38
 5.5;  17.5;38
 5.25;  17.5;38
5;  17.5;84
 4.75;  17.5;84
 4.5;  17.5;84
 4.25;  17.5;84
4;  17.5;84
 3.75;  17.75;84
 3.5;  17.5;84
 3.25;  17.5;84
3;  17.75;84
 2.75;  17.5;84
 2.5;  17.5;84
 1.75;18;0
 1.75;18;0
 1.75;18;0
 1.5;18;0
 1.25;18;0
1;18;0
 0.75;18;0
 0.5;18;0
 0.25;18;0
0;18;0
47;  18.25;0
 46.75;  18.25;0
 46.5;  18.25;0
 46.25;  18.25;0
46;  18.25;0
 45.75;  18.25;0
 45.5;  18.25;0
 45.25;  17.75;0
45;  17.75;0
 44.75;  17.75;0
 44.5;  17.75;0
 44.5;  17.75;0
 44.5;  17.75;0
 43.75;  17.75;35
 43.5;  17.75;35
 43.25;  17.75;35
43;  17.75;35
 42.75;  17.75;35
 42.5;  17.75;35
 42.25;  17.75;35
42;  17.75;35
 41.75;  17.75;35
 41.5;  17.75;35
 41.25;  17.75;35
41;  17.75;35
 40.75;  17.75;35
 40.5;  17.75;35
 40.25;  17.75;35
40;  17.75;35
 39.75;  17.75;35
 39.5;  17.75;35
 39.25;  17.75;35
39;  17.75;35
 38.75;  17.75;35
 38.5;  17.75;35
 38.25;  17.75;35
38;  17.75;35
 37.75;  17.75;35
 37.5;  18.25;35
 37.25;  17.75;105
37;18;105
 36.75;  17.75;105
 36.5;  17.75;105
36;  17.75;25
36;  17.75;25
 35.75;  17.75;25
35;  17.75;25
35;  17.75;25
35;  17.75;25
 34.75;  17.75;25
 34.5;  17.75;25
 34.25;  17.75;25
 33.75;18;25
 33.75;  17.75;25
 33.5;  18.25;86
 33.25;18;86
33;18;86
 32.75;  18.25;86
 32.5;  17.75;13
 32.25;  17.75;13
32;  17.75;13
 31.75;  17.75;13
 31.5;  17.75;13
 31.25;  17.75;13
31;  18.25;144
 30.75;  17.75;144
 30.5;  17.75;144
 30.25;  17.75;144
30;  17.75;34
 29.75;  17.75;34
 29.5;  17.75;34
 29.25;  17.75;34
29;  17.75;34
 28.75;  17.75;34
 28.5;  17.75;34
 28.25;  17.75;34
28;  17.75;34
 27.75;  17.75;34
 27.5;  18.25;185
 27.5;  18.25;185
27;  18.25;185
27;  18.25;185
 26.5;  18.5;185
26;  17.75;16
26;  17.75;16
 25.75;18;68
 25.5;18;68
 25.25;18;68
25;  17.75;68
 24.75;  17.75;68
 24.5;  17.75;68
 24.25;  17.75;68
24;  17.75;68
 23.75;  17.75;68
 23.5;18;68
 23.25;  17.75;74
23;  17.75;74
 22.75;18;74
 22.5;  17.75;74
 22.25;  17.75;74
22;  17.75;94
 21.75;  17.75;94
 21.5;  17.75;94
 21.25;  17.75;94
21;  17.75;94
 20.75;  17.75;94
 20.5;  17.75;94
 20.25;  17.75;94
20;  17.75;94
 19.75;  17.75;94
 19.5;18;94
 19.25;18;94
19;18;94
 18.75;18;94
 18.5;18;94
 18.25;  18.25;94
18;  18.25;94
 17.25;  17.75;172
 17.25;  17.75;172
 17.25;  17.75;172
17;  17.75;172
 16.75;  17.75;172
 16.5;  17.75;172
 16.25;  17.75;172
16;  17.75;172
 15.75;  17.75;172
 15.5;  17.75;172
 15.25;  17.75;172
 15.25;  17.75;172
 14.75;18;114
 14.5;18;114
 14.25;  17.75;114
14;  17.75;114
 13.75;18;114
 13.5;  18.25;114
 13.25;18;114
13;18;114
 12.75;18;29
 12.5;  17.75;29
 12.25;  17.75;29
12;  17.75;29
 11.75;  17.75;29
 11.5;  17.75;29
 11.25;18;29
11;  17.75;153
 10.75;  17.75;153
 10.5;  17.75;153
 10.25;  17.75;153
10;  17.75;153
 9.75;  17.75;153
 9.5;  17.75;153
 9.25;  17.75;153
9;  17.75;153
 8.75;  17.75;153
 8.5;  17.75;153
 8.25;  17.75;153
8;  17.75;153
 7.75;18;72
 7.5;  17.75;72
 7.25;  17.75;72
7;  17.75;72
 6.75;  17.75;72
 6.5;  17.75;72
 6.25;  17.75;72
6;  17.75;72
 5.75;18;72
 5.5;  17.75;38
 5.25;  17.75;38
5;  17.75;84
 4.75;  17.75;84
 4.5;  17.75;84
 4.25;  17.75;84
4;  17.75;84
 3.75;  17.75;84
 3.5;  17.75;84
 3.25;  17.75;84
3;  17.75;84
 2.75;  17.75;84
 2.5;  17.75;84
 1.75;  18.25;0
 1.75;  18.25;0
 1.75;  18.25;0
 1.5;  18.25;0
 1.25;  18.25;0
1;  18.25;0
 0.75;  18.25;0
 0.5;  18.25;0
 0.25;  18.25;0
0;  18.25;0
47;  18.5;0
 46.75;  18.5;0
 46.5;  18.5;0
 46.25;  18.5;0
46;  18.5;0
 45.75;  18.5;0
 45.5;  18.5;0
 45.25;18;0
45;18;0
 44.75;18;0
 44.5;18;0
 44.5;18;0
 44.5;18;0
 43.75;18;35
 43.5;18;35
 43.25;18;35
43;18;35
 42.75;18;35
 42.5;18;35
 42.25;18;35
42;18;35
 41.75;18;35
 41.5;18;35
 41.25;18;35
41;  18.25;35
 40.75;18;35
 40.5;18;35
 40.25;18;35
40;18;35
 39.75;18;35
 39.5;18;35
 39.25;18;35
39;18;35
 38.75;18;35
 38.5;18;35
 38.25;18;35
38;18;35
 37.75;18;35
 37.5;  18.25;35
 37.25;  18.25;35
37;18;105
 36.75;18;105
 36.75;18;105
 35.5;18;25
 35.5;18;25
 35.75;  18.25;126
 35.5;  18.25;126
35;18;25
35;18;25
 34.5;18;25
 34.5;18;25
 34.25;18;25
34;  18.25;86
 33.75;  18.25;86
 33.5;  18.25;86
 33.25;18;86
33;18;86
 32.75;  18.25;86
 32.5;18;13
 32.25;18;13
32;18;13
 31.75;18;13
 31.5;18;13
 31.25;18;13
31;  18.5;144
 30.75;18;144
 30.5;18;144
 30.25;18;144
 29.75;18;34
 29.75;18;34
 29.5;18;34
 29.25;  18.25;34
29;18;34
 28.75;18;34
 28.5;18;34
 28.25;18;34
28;18;34
 27.75;18;185
 27.5;  18.25;185
 27.25;  18.25;185
27;  18.25;185
 26.75;  18.5;185
 26.5;  18.5;185
 26.25;  18.75;185
26;  17.75;16
 25.75;18;68
 25.5;18;68
 25.25;18;68
25;18;68
 24.75;18;68
 24.5;18;68
 24.25;18;68
24;18;68
 23.75;18;68
 23.5;18;68
 23.25;18;74
23;18;74
 22.75;18;74
 22.5;18;74
 22.25;18;74
22;  18.5;74
 21.75;18;94
 21.5;18;94
 21.25;18;94
21;18;94
 20.75;18;94
 20.5;18;94
 20.25;18;94
20;18;94
 19.75;18;94
 19.5;18;94
 19.25;18;94
19;18;94
 18.75;18;94
 18.5;18;94
 18.25;  18.25;94
18;  18.25;94
 17.75;18;94
 17.5;  18.5;94
 17.25;18;172
17;18;172
 16.75;18;172
 16.5;18;172
 16.25;18;172
16;18;172
 15.75;18;172
 15.75;18;172
 15.25;  18.5;114
15;18;114
 14.75;18;114
 14.5;18;114
 14.25;18;114
14;18;114
 13.75;18;114
 13.5;  18.25;114
 13.25;18;114
13;18;114
 12.75;18;29
 12.25;  18.25;29
 12.25;18;29
12;18;29
 11.75;18;29
 11.5;18;29
 11.25;18;29
11;18;153
 10.75;18;153
 10.5;18;153
 10.25;18;153
10;18;153
 9.75;18;153
 9.5;18;153
 9.25;18;153
9;18;153
 8.75;18;153
 8.5;18;153
 8.25;18;153
8;18;153
 7.75;18;72
 7.5;18;72
 7.25;18;72
7;18;72
 6.75;18;72
 6.5;18;72
 6.25;18;72
6;18;72
 5.75;18;72
 5.25;18;38
 5.25;18;38
5;  18.25;84
 4.75;18;84
 4.5;18;84
 4.25;18;84
4;18;84
 3.75;18;84
 3.5;18;84
 3.25;18;84
3;18;84
 2.75;18;84
 2.5;18;84
2;  18.25;0
2;  18.25;0
 1.75;  18.5;0
 1.5;  18.5;0
 1.25;  18.5;0
1;  18.5;0
 0.75;  18.5;0
 0.5;  18.5;0
 0.25;  18.5;0
0;  18.5;0
47;  18.75;0
 46.75;  18.75;0
 46.5;  18.75;0
 46.25;  18.75;0
46;  18.75;0
 45.75;  18.75;0
 45.5;  18.75;0
 45.25;  18.25;0
45;  18.25;0
 44.75;  18.25;0
 44.5;  18.25;0
 44.5;  18.25;0
 44.5;  18.25;0
 43.75;  18.75;35
 43.5;  18.25;35
 43.25;  18.25;35
43;  18.25;35
 42.75;  18.25;35
 42.5;  18.25;35
 42.25;  18.25;35
42;  18.25;35
 41.75;  18.25;35
 41.5;  18.25;35
 41.25;  18.25;35
41;  18.25;35
 40.75;  18.25;35
 40.5;  18.25;35
 40.25;  18.25;35
40;  18.25;35
 39.75;  18.25;35
 39.5;  18.25;35
 39.25;  18.25;35
39;  18.25;35
 38.75;  18.25;35
 38.5;  18.25;35
 38.25;  18.25;35
38;  18.25;35
 37.75;  18.25;35
 37.5;  18.25;35
 37.25;  18.25;35
37;  18.25;35
 36.75;  18.75;126
 36.5;  18.5;126
 36.25;  18.5;126
36;  18.75;126
 35.75;  18.25;126
 35.5;  18.25;126
 35.25;  18.25;126
35;  18.25;126
 34.75;  18.5;126
 34.5;  18.5;126
 34.5;  18.5;126
34;  18.25;86
 33.75;  18.25;86
 33.5;  18.25;86
 33.25;  18.25;86
33;  18.25;86
 32.75;  18.25;86
 32.5;  18.25;13
 32.25;  18.25;13
32;  18.25;13
 31.75;  18.25;13
 31.5;  18.25;13
 31.25;  18.25;13
31;  18.5;144
 30.75;  18.25;144
 30.5;  18.25;144
 30.25;  18.25;144
30;  18.5;144
 29.75;  18.25;34
 29.5;  18.25;34
 29.25;  18.25;34
29;  18.25;34
 28.75;  18.25;34
 28.5;  18.25;34
 28.25;  18.25;34
28;  18.5;185
 27.75;  18.25;185
 27.5;  18.25;185
 27.25;  18.25;185
27;  18.25;185
 26.75;  18.5;185
 26.5;  18.5;185
 26.25;  18.75;185
26;19;185
 25.75;  18.25;68
 25.5;  18.25;68
 25.25;  18.25;68
25;  18.25;68
 24.75;  18.25;68
 24.5;  18.25;68
 24.25;  18.25;68
24;  18.25;68
 23.75;  18.25;68
 23.75;  18.25;68
23;  18.25;74
23;  18.25;74
 22.75;  18.25;74
 22.5;  18.5;74
 22.25;  18.25;74
22;  18.5;74
 21.75;  18.25;94
 21.5;  18.25;94
 21.25;  18.25;94
21;  18.25;94
 20.75;  18.25;94
 20.5;  18.25;94
 20.25;  18.25;94
20;  18.25;94
 19.75;  18.25;94
 19.5;  18.25;94
 19.25;  18.25;94
19;  18.25;94
 18.75;  18.25;94
 18.5;  18.25;94
 18.25;  18.25;94
18;  18.25;94
 17.75;  18.25;94
 17.5;  18.5;94
17;  18.25;172
17;  18.25;172
 16.75;  18.25;172
 16.5;  18.25;172
 16.25;  18.25;172
 16.25;  18.25;172
 16.25;  18.25;172
 15.5;  18.5;114
 15.25;  18.5;114
15;  18.25;114
 14.75;  18.25;114
 14.5;  18.25;114
 14.25;  18.25;114
14;  18.25;114
 13.75;  18.25;114
 13.5;  18.25;114
 13.25;  18.25;114
13;  18.25;114
 12.75;  18.5;114
 12.25;  18.25;29
 12.25;  18.25;29
12;  18.25;29
 11.75;  18.5;29
 11.5;  18.25;29
 11.25;  18.25;29
11;  18.25;153
 10.75;  18.25;153
 10.5;  18.25;153
 10.25;  18.25;153
10;  18.25;153
 9.75;  18.25;153
 9.5;  18.25;153
 9.25;  18.25;153
9;  18.25;153
 8.75;  18.25;153
 8.5;  18.25;153
 8.25;  18.25;153
8;  18.25;153
 7.75;  18.25;72
 7.5;  18.25;72
 7.25;  18.25;72
7;  18.25;72
 6.75;  18.25;72
 6.5;  18.25;72
 6.25;  18.25;72
6;  18.25;72
 5.75;  18.25;72
 5.5;19;84
 5.25;  18.5;84
5;  18.25;84
 4.75;  18.25;84
 4.5;  18.25;84
 4.25;  18.25;84
4;  18.25;84
 3.75;  18.25;84
 3.5;  18.25;84
3;  18.25;84
3;  18.25;84
 2.75;  18.25;84
2;  18.25;0
2;  18.25;0
2;  18.25;0
 1.75;  18.75;0
 1.5;  18.75;0
 1.25;  18.75;0
1;  18.75;0
 0.75;  18.75;0
 0.5;  18.75;0
 0.25;  18.75;0
0;  18.75;0
47;19;0
 46.75;19;0
 46.5;19;0
 46.25;19;0
46;19;0
 45.75;19;0
 45.5;19;0
 45.25;  18.5;0
45;  18.5;0
 44.75;  18.5;0
 44.5;  18.5;0
 44.5;  18.5;0
 44.5;  18.5;0
 43.75;  18.75;35
 43.5;  18.5;35
 43.25;  18.5;35
43;  18.5;35
 42.75;  18.5;35
 42.5;  18.5;35
 42.25;  18.5;35
42;  18.5;35
 41.75;  18.5;35
 41.5;  18.5;35
 41.25;  18.5;35
41;  18.5;35
 40.75;  18.5;35
 40.5;  18.5;35
 40.25;  18.5;35
40;  18.5;35
 39.75;  18.5;35
 39.5;  18.5;35
 39.25;  18.5;35
39;  18.5;35
 38.75;  18.5;35
 38.5;  18.5;35
 38.25;  18.5;35
38;  18.5;35
 37.75;  18.5;35
 37.5;  18.5;35
 37.25;  18.5;35
37;  18.5;35
 36.75;  18.75;126
 36.5;  18.5;126
 36.25;  18.5;126
36;  18.75;126
 35.75;  18.5;126
 35.5;  18.5;126
 35.25;  18.5;126
35;  18.5;126
 34.75;  18.5;126
 34.5;  18.5;126
 34.25;19;126
34;  18.5;86
 33.75;  18.5;86
 33.5;  18.5;86
 33.25;  18.5;86
33;  18.5;86
33;  18.5;86
 32.5;  18.5;13
 32.25;  18.5;13
32;  18.5;13
 31.75;  18.5;13
 31.5;  18.5;13
 31.25;  18.5;13
31;  18.5;144
 30.75;  18.5;144
 30.5;  18.5;144
 30.25;  18.5;144
30;  18.5;144
 29.75;  18.5;34
 29.5;  18.5;34
 29.25;  18.5;34
29;  18.5;34
 28.75;19;41
 28.5;  18.75;41
 28.25;  18.75;41
28;  18.5;185
 27.75;  18.5;185
 27.5;  18.5;185
 27.25;  18.5;185
27;  18.5;185
 26.75;  18.5;185
 26.5;  18.5;185
 26.25;  18.75;185
26;19;185
 25.75;  18.5;68
 25.5;  18.5;68
 25.25;  18.5;68
25;  18.5;68
 24.75;  18.5;68
 24.5;  18.5;68
 24.5;  18.5;68
24;  18.75;152
 23.75;  18.75;152
 23.5;  18.5;152
 23.25;  18.75;152
23;  18.5;74
 22.75;  18.5;74
 22.5;  18.5;74
 22.25;  18.75;74
22;  18.5;74
 21.75;  18.75;74
 21.5;  18.5;94
 21.25;  18.5;94
21;  18.5;94
 20.75;  18.5;94
 20.5;  18.5;94
 20.25;  18.5;94
20;  18.5;94
 19.75;  18.5;94
 19.5;  18.5;94
 19.25;  18.5;94
19;  18.5;94
 18.75;  18.5;94
 18.5;  18.5;94
 18.25;  18.5;94
18;  18.5;94
 17.75;  18.5;94
 17.5;  18.5;94
17;  18.5;172
17;  18.5;172
 16.75;  18.5;172
 16.75;  18.5;172
 16.75;  18.5;172
16;19;114
 15.75;  18.75;114
 15.5;  18.5;114
 15.25;  18.5;114
15;  18.75;114
 14.75;  18.5;114
 14.5;  18.5;114
 14.25;  18.5;114
14;  18.5;114
 13.75;  18.5;114
 13.5;  18.5;114
 13.25;  18.5;114
13;  18.5;114
 12.75;  18.5;114
 12.5;  18.75;114
 12.25;  18.5;29
12;  18.5;29
 11.75;  18.5;29
 11.5;  18.5;29
 11.25;  18.5;29
 10.75;  18.5;153
 10.75;  18.5;153
 10.5;  18.5;153
 10.25;  18.5;153
10;  18.5;153
 9.75;  18.5;153
 9.5;  18.5;153
 9.25;  18.5;153
9;  18.5;153
 8.75;  18.5;153
 8.5;  18.5;153
 8.25;  18.5;153
8;19;72
 7.75;  18.5;72
 7.5;  18.5;72
 7.25;  18.5;72
7;  18.5;72
 6.75;  18.5;72
 6.5;  18.5;72
 6.25;  18.5;72
6;  18.5;72
 5.75;  18.5;72
 5.5;19;84
 5.25;  18.5;84
5;  18.5;84
 4.75;  18.5;84
 4.5;  18.5;84
 4.25;  18.5;84
4;  18.5;84
 3.75;  18.5;84
 3.5;  18.75;187
 3.25;  18.5;187
3;  18.5;187
 2.75;  18.75;187
 2.75;  18.75;187
 1.75;19;0
 1.75;19;0
 1.75;19;0
 1.5;19;0
 1.25;19;0
1;19;0
 0.75;19;0
 0.5;19;0
 0.25;19;0
0;19;0
47;  19.25;0
 46.75;  19.25;0
 46.5;  19.25;0
 46.25;  19.25;0
46;  19.25;0
 45.75;  19.25;0
 45.5;  19.25;0
 45.25;  18.75;0
45;  18.75;0
 44.75;  18.75;0
 44.5;  18.75;0
 44.5;  18.75;0
 44.5;  18.75;0
 43.75;  18.75;35
 43.5;  18.75;35
 43.25;  18.75;35
43;  18.75;35
 42.75;  18.75;35
 42.5;  18.75;35
 42.25;  18.75;35
42;  18.75;35
 41.75;  18.75;35
 41.5;  18.75;35
 41.25;  18.75;35
41;  18.75;35
 40.75;  18.75;35
 40.5;  18.75;35
 40.25;  18.75;35
40;  18.75;35
 39.75;  18.75;35
 39.5;  18.75;35
 39.25;  18.75;35
39;  18.75;35
 38.75;  18.75;35
 38.5;  18.75;35
 38.25;  18.75;35
38;  18.75;35
 37.75;  18.75;35
 37.5;  18.75;35
 37.25;  18.75;35
37;  18.75;35
 36.75;  18.75;126
 36.5;  18.75;126
 36.25;  18.75;126
36;  18.75;126
 35.75;  18.75;126
 35.5;  18.75;126
 35.25;  18.75;126
35;  18.75;126
 34.75;  18.75;126
 34.5;  18.75;126
 34.25;19;126
34;  19.25;126
 33.75;  18.75;86
 33.5;  18.75;86
 33.25;  18.75;86
 33.25;  18.75;86
 33.25;  18.75;86
 32.5;  18.75;13
 32.25;  18.75;13
32;  18.75;13
 31.75;  18.75;13
 31.5;  18.75;13
 31.5;  18.75;13
31;  18.75;144
 30.75;  18.75;144
 30.5;  18.75;144
 30.25;  18.75;144
30;19;139
 29.75;19;139
 29.75;19;139
 29.25;  19.25;139
29;19;41
 28.75;19;41
 28.5;  18.75;41
 28.25;  18.75;41
28;19;41
 27.75;  19.25;41
 27.5;  18.75;185
 27.25;  18.75;185
27;  18.75;185
 26.75;  18.75;185
 26.5;  18.75;185
 26.25;  18.75;185
26;19;185
 25.75;  19.25;185
 25.5;  19.25;185
25;  18.75;68
25;  18.75;68
 24.75;  19.25;152
 24.5;19;152
 24.25;19;152
24;  18.75;152
 23.75;  18.75;152
 23.5;  18.75;152
 23.25;  18.75;152
 22.75;  19.25;74
 22.75;  18.75;74
 22.5;  18.75;74
 22.25;  18.75;74
22;  18.75;74
 21.75;  18.75;74
 21.25;  18.75;94
 21.25;  18.75;94
21;  18.75;94
 20.75;  18.75;94
 20.5;  18.75;94
 20.25;  18.75;94
20;  18.75;94
 19.75;  18.75;94
 19.5;  18.75;94
 19.25;  18.75;94
19;  18.75;94
 18.75;  18.75;94
 18.5;  18.75;94
 18.25;  18.75;94
18;  18.75;94
 17.75;  18.75;94
 17.5;  18.75;94
17;  18.5;172
17;  18.5;172
 16.75;  18.5;172
 16.75;  18.5;172
 16.25;  19.25;114
16;19;114
 15.75;  18.75;114
 15.5;  18.75;114
 15.25;  18.75;114
15;  18.75;114
 14.75;  18.75;114
 14.5;  18.75;114
 14.25;  18.75;114
14;  18.75;114
 13.75;  18.75;114
 13.5;  18.75;114
 13.25;  18.75;114
13;  18.75;114
 12.75;  18.75;114
 12.5;  18.75;114
 12.25;  18.75;114
12;  19.25;114
 11.75;  18.75;29
 11.75;  18.75;29
 11.25;  19.25;63
11;  18.75;63
 10.75;19;63
 10.5;  18.75;153
 10.25;  18.75;153
10;  18.75;153
 9.75;  18.75;153
 9.5;  18.75;153
 9.25;  18.75;153
9;  18.75;153
 8.75;  18.75;153
 8.5;  18.75;153
 8.25;  18.75;153
8;  19.25;72
 7.75;  18.75;72
 7.5;  18.75;72
 7.25;  18.75;72
7;  18.75;72
 6.75;  18.75;72
 6.5;  18.75;72
 6.25;  18.75;72
6;  18.75;72
 5.75;  18.75;72
 5.5;19;84
 5.25;  18.75;84
5;  18.75;84
 4.75;  18.75;84
 4.5;  18.75;84
 4.25;  19.25;187
4;19;187
 3.75;  18.75;187
 3.5;  18.75;187
 3.25;  18.75;187
3;  18.75;187
 2.75;  18.75;187
 2.5;  18.75;187
 2.25;  19.25;187
 1.5;  19.25;0
 1.5;  19.25;0
 1.5;  19.25;0
 1.25;  19.25;0
1;  19.25;0
 0.75;  19.25;0
 0.5;  19.25;0
 0.25;  19.25;0
0;  19.25;0
47;  19.5;0
 46.75;  19.5;0
 46.5;  19.5;0
 46.25;  19.5;0
46;  19.5;0
 45.75;  19.5;0
 45.5;  19.5;0
 45.25;19;0
45;19;0
 44.75;19;0
 44.5;19;0
 44.5;19;0
 44.5;19;0
 43.75;  19.25;35
 43.5;19;35
 43.25;19;35
43;19;35
 42.75;19;35
 42.5;19;35
 42.25;19;35
42;19;35
 41.75;19;35
 41.5;19;35
 41.25;19;35
41;19;35
 40.75;19;35
 40.5;19;35
 40.25;19;35
40;19;35
 39.75;19;35
 39.5;19;35
 39.25;19;35
39;19;35
 38.75;19;35
 38.5;19;35
 38.25;19;35
38;19;35
 37.75;19;35
 37.5;19;35
 37.25;19;35
 37.25;19;35
 36.75;19;126
 36.5;19;126
 36.25;19;126
36;19;126
 35.75;19;126
 35.5;19;126
 35.25;19;126
35;19;126
 34.75;19;126
 34.5;19;126
 34.25;19;126
34;  19.25;126
 33.75;  19.25;126
 33.5;19;86
 33.5;19;86
 33.5;19;86
 33.5;19;86
32;19;13
32;19;13
32;19;13
 31.75;19;13
 31.5;19;13
 31.5;19;13
31;19;144
 30.75;19;144
 30.5;19;144
 30.25;19;144
30;19;139
 29.75;19;139
 29.5;  19.5;139
 29.25;  19.25;139
29;19;41
 28.75;19;41
 28.5;19;41
 28.25;19;41
28;19;41
 27.75;  19.25;41
 27.5;19;185
 27.25;19;185
27;19;185
 26.75;19;185
 26.5;19;185
 26.25;19;185
26;19;185
 25.75;  19.25;185
 25.5;  19.25;185
 25.25;  19.75;152
25;  19.25;152
 24.75;  19.25;152
 24.5;19;152
 24.25;19;152
24;19;152
 23.75;19;152
 23.5;19;152
 23.25;19;152
 22.75;  19.25;74
 22.75;19;74
 22.5;19;74
 22.25;19;74
 21.75;19;74
 21.75;19;74
 20.75;19;94
 20.75;19;94
 20.75;19;94
 20.75;19;94
 20.5;19;94
 20.25;19;94
20;19;94
 19.75;19;94
 19.5;19;94
 19.25;19;94
19;19;94
 18.75;19;94
 18.5;19;94
 18.25;19;94
18;19;94
 17.75;19;94
 17.5;19;94
 17.5;19;94
17;  18.5;172
 16.5;  19.5;114
 16.5;  19.5;114
 16.25;  19.5;114
16;19;114
 15.75;19;114
 15.5;19;114
 15.25;19;114
15;19;114
 14.75;19;114
 14.5;19;114
 14.25;19;114
14;19;114
 13.75;19;114
 13.5;19;114
 13.25;19;114
13;19;114
 12.75;19;114
 12.5;19;114
 12.25;19;114
12;  19.25;114
 11.75;  19.25;114
 11.5;  19.25;114
 11.25;  19.5;114
11;19;63
 10.75;19;63
 10.5;  19.25;63
 10.25;  19.25;63
10;19;153
 9.75;19;153
 9.5;19;153
 9.25;19;153
9;19;153
 8.75;19;153
 8.5;19;153
 8.25;19;153
8;  19.25;72
 7.75;19;72
 7.5;19;72
 7.25;19;72
7;19;72
 6.75;19;72
 6.5;19;72
 6.25;19;72
6;19;72
 5.75;  19.25;84
 5.5;19;84
 5.25;19;84
5;19;84
 4.75;19;84
 4.5;19;84
 4.25;  19.25;187
4;19;187
 3.75;19;187
 3.5;19;187
 3.25;19;187
3;19;187
 2.75;19;187
 2.5;19;187
 2.25;  19.25;187
 1.5;  19.5;0
 1.5;  19.5;0
 1.5;  19.5;0
 1.25;  19.5;0
1;  19.5;0
 0.75;  19.5;0
 0.5;  19.5;0
 0.25;  19.5;0
0;  19.5;0
47;  19.75;0
 46.75;  19.75;0
 46.5;  19.75;0
 46.25;  19.75;0
46;  19.75;0
 45.75;  19.75;0
 45.5;  19.75;0
 45.25;  19.25;0
45;  19.25;0
 44.75;  19.25;0
 44.5;  19.25;0
 44.5;  19.25;0
 44.5;  19.25;0
 43.75;  19.25;35
 43.5;  19.25;35
 43.25;  19.25;35
43;  19.25;35
 42.75;  19.25;35
 42.5;  19.25;35
 42.25;  19.25;35
42;  19.25;35
 41.75;  19.25;35
 41.5;  19.25;35
 41.25;  19.25;35
41;  19.25;35
 40.75;  19.25;35
 40.5;  19.25;35
 40.25;  19.25;35
40;  19.25;35
 39.75;  19.25;35
 39.5;  19.25;35
 39.25;  19.25;35
39;  19.25;35
 38.75;  19.25;35
 38.5;  19.25;35
 38.25;  19.25;35
38;  19.25;35
 37.75;  19.5;35
 37.5;  19.25;35
 37.25;  19.25;35
37;  19.25;30
 36.75;  19.5;30
 36.5;  19.5;30
 36.25;  19.25;126
 35.75;  19.25;126
 35.75;  19.25;126
 35.5;  19.25;126
 35.25;  19.25;126
35;  19.25;126
 34.75;  19.25;126
 34.5;  19.25;126
 34.25;  19.25;126
34;  19.25;126
 33.75;  19.25;126
 33.5;19;86
 33.5;19;86
 33.5;19;86
 32.75;20;15
 32.5;  19.75;15
 32.25;  19.75;15
32;  19.75;15
 31.75;  19.5;15
 31.5;  19.25;15
 31.25;  19.25;15
31;  19.5;15
 30.75;  19.5;15
 30.5;  19.5;15
 30.5;  19.5;15
30;  19.25;139
 29.75;  19.25;139
 29.5;  19.5;139
 29.25;  19.25;139
29;  19.25;41
 28.75;  19.25;41
 28.5;  19.25;41
 28.25;  19.25;41
28;  19.25;41
 27.75;  19.25;41
 27.5;  19.25;41
 27.25;  19.25;185
27;  19.25;185
 26.75;  19.25;185
 26.5;  19.25;185
 26.25;  19.25;185
26;  19.25;185
 25.75;  19.25;185
 25.5;  19.25;185
 25.25;  19.75;152
25;  19.25;152
 24.75;  19.25;152
 24.5;  19.75;152
 24.25;  19.25;152
24;  19.25;152
 23.75;  19.25;152
 23.5;  19.25;152
 23.25;  19.75;152
 22.75;  19.25;74
 22.75;  19.25;74
 22.75;  19.25;74
 22.75;  19.25;74
22;  19.75;109
 21.75;  19.5;109
 21.5;  19.25;109
 21.25;  19.5;109
21;  19.25;109
 20.75;  19.5;109
 20.5;  19.25;94
 20.25;  19.25;94
20;  19.25;94
 19.75;  19.25;94
 19.5;  19.25;94
 19.25;  19.25;94
19;  19.25;94
 18.75;  19.25;94
 18.5;  19.25;94
 18.25;  19.25;94
18;  19.25;94
 17.75;  19.25;94
 17.75;  19.25;94
 17.75;  19.25;94
 17.75;  19.25;94
 16.5;  19.5;114
 16.5;  19.5;114
 16.25;  19.5;114
16;  19.25;114
 15.75;  19.25;114
 15.5;  19.25;114
 15.25;  19.25;114
15;  19.25;114
 14.75;  19.5;114
 14.5;  19.25;114
 14.25;  19.25;114
14;  19.25;114
 13.75;  19.25;114
 13.5;  19.25;114
 13.25;  19.25;114
13;  19.25;114
 12.75;  19.25;114
 12.5;  19.25;114
 12.25;  19.25;114
12;  19.25;114
 11.75;  19.25;114
 11.5;  19.25;114
 11.25;  19.5;114
11;  19.25;63
 10.75;  19.25;63
 10.5;  19.25;63
 10.25;  19.25;63
10;  19.25;63
 9.75;  19.75;63
 9.25;  19.25;153
 9.25;  19.25;153
9;  19.25;153
 8.75;  19.25;153
 8.5;  19.25;153
 8.25;  19.25;153
8;  19.25;72
 7.75;  19.25;72
 7.5;  19.25;72
 7.25;  19.25;72
7;  19.25;72
 6.75;  19.25;72
 6.5;  19.25;72
 6.25;  19.25;72
6;  19.25;72
 5.75;  19.25;84
 5.5;  19.25;84
 5.25;  19.25;84
5;  19.25;84
 4.75;  19.75;187
 4.5;  19.5;187
 4.25;  19.25;187
4;  19.25;187
 3.75;  19.25;187
 3.5;  19.25;187
 3.25;  19.25;187
3;  19.25;187
 2.75;  19.25;187
 2.5;  19.25;187
 2.25;  19.25;187
 1.5;  19.75;0
 1.5;  19.75;0
 1.5;  19.75;0
 1.25;  19.75;0
1;  19.75;0
 0.75;  19.75;0
 0.5;  19.75;0
 0.25;  19.75;0
0;  19.75;0
47;20;0
 46.75;20;0
 46.5;20;0
 46.25;20;0
46;20;0
 45.75;20;0
 45.5;20;0
 45.25;  19.5;0
45;  19.5;0
 44.75;  19.5;0
 44.5;  19.5;0
 44.5;  19.5;0
 44.5;  19.5;0
 43.75;20;35
 43.5;  19.5;35
 43.25;  19.5;35
43;  19.5;35
 42.75;  19.5;35
 42.5;  19.5;35
 42.25;  19.5;35
42;  19.5;35
 41.75;  19.5;35
 41.5;  19.5;35
 41.25;  19.5;35
41;  19.5;35
 40.75;  19.5;35
 40.5;  19.5;35
 40.25;  19.5;35
40;  19.5;35
 39.75;  19.5;35
 39.5;  19.5;35
 39.25;  19.5;35
39;  19.5;35
 38.75;  19.5;35
 38.5;  19.5;35
 38.25;  19.5;35
38;  19.5;35
 37.75;  19.5;35
 37.5;  19.5;35
 37.25;  19.5;35
37;  19.5;30
 36.75;  19.5;30
 36.5;  19.5;30
 36.25;  19.75;30
36;  19.75;30
 35.75;  19.75;30
 35.25;  19.5;126
 35.25;  19.5;126
35;  19.5;126
 34.75;  19.5;126
 34.5;  19.5;126
 34.25;  19.5;126
34;  19.5;126
34;  19.75;126
34;  19.75;126
34;  19.75;126
 32.75;20;15
 32.75;20;15
 32.5;  19.75;15
 32.25;  19.75;15
32;  19.75;15
 31.75;  19.5;15
 31.5;  19.5;15
 31.25;  19.5;15
31;  19.5;15
 30.75;  19.5;15
 30.5;  19.5;15
 30.25;  19.75;15
30;  19.5;139
 29.75;  19.5;139
 29.5;  19.5;139
 29.25;  19.5;139
29;  19.5;139
 28.75;  19.75;139
 28.5;  19.5;41
 28.25;  19.5;41
28;  19.5;41
 27.75;20;41
 27.5;  19.5;41
 27.25;  19.75;41
27;  19.75;41
 26.75;20;41
 26.25;  19.5;185
 26.25;  19.5;185
26;  19.5;185
 25.75;  19.5;185
 25.5;  19.5;185
 25.25;  19.75;152
25;  19.5;152
 24.75;  19.5;152
 24.5;  19.75;152
 24.25;  19.5;152
24;  19.5;152
 23.75;  19.5;152
 23.5;  19.5;152
 23.25;20;152
 22.75;  19.25;74
 22.75;  19.25;74
 22.5;20;109
 22.25;20;109
22;  19.75;109
 21.75;  19.5;109
 21.5;  19.75;109
 21.25;  19.5;109
21;  19.75;109
 20.75;  19.5;109
 20.5;  19.5;94
 20.25;  19.5;94
20;  19.5;94
 19.75;  19.5;94
 19.5;  19.5;94
 19.25;  19.5;94
19;  19.5;94
 18.75;  19.5;94
 18.5;  19.5;94
 18.25;  19.5;94
18;  19.5;94
 17.75;  19.5;94
 17.75;  19.5;94
 17.75;  19.5;94
17;  19.75;50
 16.5;  19.5;114
 16.5;  19.5;114
 16.25;  19.5;114
16;  19.5;114
 15.75;  19.5;114
 15.5;  19.5;114
 15.25;  19.5;114
15;  19.5;114
 14.75;  19.5;114
 14.5;  19.5;114
 14.25;  19.5;114
14;  19.5;114
 13.75;  19.5;114
 13.5;  19.5;114
 13.25;  19.5;114
13;  19.5;114
 12.75;  19.5;114
 12.5;  19.5;114
 12.25;  19.5;114
12;  19.5;114
 11.75;  19.5;114
 11.5;  19.5;114
 11.25;  19.5;114
11;  19.5;63
 10.75;  19.5;63
 10.5;  19.5;63
 10.25;  19.5;63
10;  19.5;63
 9.75;  19.75;63
 9.5;  19.5;63
 9.25;  19.5;63
9;20;63
 8.75;  19.5;153
 8.5;  19.5;153
 8.5;  19.5;153
8;  19.75;72
 7.75;  19.5;72
 7.5;  19.5;72
 7.25;  19.5;72
7;  19.5;72
 6.75;  19.5;72
 6.5;  19.5;72
 6.25;  19.5;72
6;  19.75;84
 5.75;  19.5;84
 5.5;  19.5;84
 5.25;  19.5;84
5;  19.5;84
 4.75;  19.75;187
 4.5;  19.5;187
 4.25;  19.5;187
4;  19.5;187
 3.75;  19.5;187
 3.5;  19.5;187
 3.25;  19.5;187
3;  19.5;187
 2.75;  19.5;187
 2.5;  19.5;187
 2.25;20;187
 1.5;20;0
 1.5;20;0
 1.5;20;0
 1.25;20;0
1;20;0
 0.75;20;0
 0.5;20;0
 0.25;20;0
0;20;0
47;  20.25;0
 46.75;  20.25;0
 46.5;  20.25;0
 46.25;  20.25;0
46;  20.25;0
 45.75;  20.25;0
 45.5;  20.25;0
 45.25;  19.75;0
45;  19.75;0
 44.75;  19.75;0
 44.5;  19.75;0
 44.5;  19.75;0
 44.5;  19.75;0
 43.75;20;35
 43.5;  19.75;35
 43.25;  19.75;35
43;  19.75;35
 42.75;  19.75;35
 42.5;  19.75;35
 42.25;  19.75;35
42;  19.75;35
 41.75;  19.75;35
 41.5;  19.75;35
 41.25;  19.75;35
41;  19.75;35
 40.75;  19.75;35
 40.5;  19.75;35
 40.25;  19.75;35
40;  19.75;35
 39.75;  19.75;35
 39.5;  19.75;35
 39.25;  19.75;35
39;  19.75;35
 38.75;  19.75;35
 38.5;  19.75;35
 38.25;  19.75;35
38;  19.75;35
 37.75;  19.75;35
 37.5;  19.75;35
 37.25;20;35
37;  19.75;30
 36.75;  19.75;30
 36.5;  19.75;30
 36.25;  19.75;30
36;  19.75;30
 35.75;  19.75;30
 35.5;20;30
 35.25;  19.75;30
35;  20.25;30
 34.5;  19.75;126
 34.5;  19.75;126
 34.25;  19.75;126
34;  19.75;126
34;  19.75;126
34;  19.75;126
34;  19.75;126
33;  20.5;15
 32.75;20;15
 32.5;  19.75;15
 32.25;  19.75;15
32;  19.75;15
 31.75;20;15
 31.5;  19.75;15
 31.25;  19.75;15
31;  19.75;15
 30.75;  19.75;15
 30.5;  19.75;15
 30.25;  19.75;15
30;  20.25;15
 29.75;  19.75;139
 29.5;  19.75;139
 29.25;  19.75;139
29;  19.75;139
 28.75;  19.75;139
 28.5;20;139
 28.25;  19.75;41
28;  19.75;41
 27.75;20;41
 27.5;  19.75;41
 27.25;  19.75;41
27;  19.75;41
 26.75;20;41
 26.5;  20.25;41
 26.25;  19.75;185
26;  19.75;185
 25.75;  19.75;185
 25.75;  19.75;185
 25.25;  19.75;152
25;  19.75;152
 24.75;20;152
 24.5;  19.75;152
 24.25;  19.75;152
24;  19.75;152
 23.75;  19.75;152
 23.5;  19.75;152
 23.25;  20.25;152
23;  19.75;109
 22.75;20;109
 22.5;20;109
 22.25;20;109
22;  19.75;109
 21.75;  19.75;109
 21.5;  19.75;109
 21.25;  19.75;109
21;  19.75;109
 20.75;  19.75;109
 20.5;20;109
 20.25;  19.75;94
20;  19.75;94
 19.75;  19.75;94
 19.5;  19.75;94
 19.25;  19.75;94
19;  19.75;94
 18.75;  19.75;94
 18.5;  19.75;94
 18.25;  19.75;94
18;  19.75;94
 17.75;  19.75;94
 17.5;20;50
 17.25;  19.75;50
17;  19.75;50
 16.75;  19.75;50
 16.5;  19.75;114
 16.25;  19.75;114
16;  19.75;114
 15.75;  19.75;114
 15.5;  19.75;114
 15.25;  19.75;114
15;  19.75;114
 14.75;  19.75;114
 14.5;  19.75;114
 14.25;  19.75;114
14;  19.75;114
 13.75;20;114
 13.5;  19.75;114
 13.25;  19.75;114
13;  19.75;114
 12.75;  19.75;114
 12.5;  19.75;114
 12.25;  19.75;114
12;  19.75;114
 11.75;  19.75;114
 11.5;  19.75;114
 11.25;  19.75;114
11;  19.75;63
 10.75;  19.75;63
 10.5;  19.75;63
 10.25;  19.75;63
10;  19.75;63
 9.75;  19.75;63
 9.5;  19.75;63
 9.25;  19.75;63
9;20;63
 8.75;  19.75;63
 8.5;20;63
 8.25;  20.25;63
8;  19.75;72
 7.75;  19.75;72
 7.5;  19.75;72
 7.25;  19.75;72
7;  19.75;72
 6.75;  19.75;72
 6.5;  19.75;72
 6.5;  19.75;72
6;  19.75;84
 5.75;  19.75;84
 5.5;  19.75;84
 5.25;  19.75;84
5;  19.75;84
 4.75;  19.75;187
 4.5;  19.75;187
 4.25;  19.75;187
4;  19.75;187
 3.75;  19.75;187
 3.5;  19.75;187
 3.25;  19.75;187
3;  19.75;187
 2.75;  19.75;187
 2.5;  19.75;187
 2.25;20;187
 1.5;  20.25;0
 1.5;  20.25;0
 1.5;  20.25;0
 1.25;  20.25;0
1;  20.25;0
 0.75;  20.25;0
 0.5;  20.25;0
 0.25;  20.25;0
0;  20.25;0
47;  20.5;0
 46.75;  20.5;0
 46.5;  20.5;0
 46.25;  20.5;0
46;  20.5;0
 45.75;  20.5;0
 45.5;  20.5;0
 45.25;20;0
45;20;0
 44.75;20;0
 44.5;20;0
 44.5;20;0
 44.5;20;0
 43.75;20;35
 43.5;20;35
 43.25;20;35
43;20;35
 42.75;20;35
 42.5;20;35
 42.25;20;35
42;20;35
 41.75;20;35
 41.5;20;35
 41.25;20;35
41;20;35
 40.75;20;35
 40.5;20;35
 40.25;20;35
40;20;35
 39.75;20;35
 39.5;20;35
 39.25;20;35
39;20;35
 38.75;  20.25;35
 38.5;20;35
 38.25;20;35
38;20;35
 37.75;20;35
 37.5;20;35
 37.25;20;35
37;20;30
 36.75;  20.25;30
 36.5;20;30
 36.25;20;30
36;  20.25;30
 35.75;20;30
 35.5;20;30
 35.25;20;30
35;  20.25;30
 34.25;20;126
 34.25;20;126
 34.25;20;126
 34.25;20;126
34;  19.75;126
34;  19.75;126
 33.25;  20.75;15
33;  20.5;15
 32.75;20;15
 32.5;20;15
 32.25;20;15
32;20;15
 31.75;20;15
 31.5;20;15
 31.25;20;15
31;20;15
 30.75;20;15
 30.5;20;15
 30.25;20;15
30;  20.25;15
 29.75;20;139
 29.5;20;139
 29.25;20;139
29;20;139
 28.75;20;139
 28.5;20;139
 28.25;  20.25;139
28;20;41
 27.75;20;41
 27.5;20;41
 27.25;20;41
27;20;41
 26.75;20;41
 26.5;  20.25;41
 26.25;20;185
26;20;185
 25.75;20;185
 25.75;20;185
 25.25;20;152
25;20;152
 24.75;20;152
 24.5;20;152
 24.25;  20.25;152
24;20;152
 23.75;20;152
 23.5;20;152
 23.25;  20.25;152
23;20;109
 22.75;20;109
 22.5;20;109
 22.25;20;109
22;20;109
 21.75;20;109
 21.5;20;109
 21.25;20;109
21;20;109
 20.75;20;109
 20.5;20;109
 20.25;  20.25;109
20;20;94
 19.5;20;94
 19.5;20;94
 19.25;20;94
19;20;94
 18.75;20;94
 18.5;20;94
 18.25;20;94
18;20;94
 17.75;  20.25;50
 17.5;20;50
 17.25;20;50
17;20;50
 16.75;20;50
 16.5;20;50
 16.25;20;114
16;20;114
 15.75;20;114
 15.5;20;114
 15.25;20;114
15;20;114
 14.75;20;114
 14.5;20;114
 14.25;20;114
14;20;114
 13.75;20;114
 13.5;20;114
 13.25;20;114
13;20;114
 12.75;20;114
 12.5;20;114
 12.25;20;114
12;20;114
 11.75;20;114
 11.5;20;114
 11.25;20;114
11;20;63
 10.75;20;63
 10.5;20;63
 10.25;20;63
10;20;63
 9.75;20;63
 9.5;20;63
 9.25;20;63
9;20;63
 8.75;  20.25;63
 8.5;20;63
 8.25;  20.25;63
8;20;127
 7.75;20;72
 7.5;20;72
 7.25;20;72
7;20;72
 6.75;20;72
 6.5;20;72
 6.5;20;72
6;20;84
 5.75;20;84
 5.5;20;84
 5.25;  20.25;84
 5.25;  20.25;84
 4.75;20;187
 4.5;20;187
 4.25;20;187
4;20;187
 3.75;20;187
 3.5;20;187
 3.25;20;187
3;20;187
 2.75;20;187
 2.5;20;187
 2.25;20;187
 1.5;  20.5;0
 1.5;  20.5;0
 1.5;  20.5;0
 1.25;  20.5;0
1;  20.5;0
 0.75;  20.5;0
 0.5;  20.5;0
 0.25;  20.5;0
0;  20.5;0
47;  20.75;0
 46.75;  20.75;0
 46.5;  20.75;0
 46.25;  20.75;0
46;  20.75;0
 45.75;  20.75;0
 45.5;  20.75;0
 45.25;  20.75;0
45;  20.25;0
 44.75;  20.25;0
 44.5;  20.25;0
 44.5;  20.25;0
 44.5;  20.25;0
 43.75;  20.5;35
 43.5;  20.25;35
 43.25;  20.25;35
43;  20.25;35
 42.75;  20.25;35
 42.5;  20.25;35
 42.25;  20.25;35
42;  20.25;35
 41.75;  20.25;35
 41.5;  20.25;35
 41.25;  20.25;35
41;  20.25;35
 40.75;  20.25;35
 40.5;  20.25;35
 40.25;  20.25;35
40;  20.25;35
 39.75;  20.25;35
 39.5;  20.25;35
 39.25;  20.25;35
39;  20.25;35
 38.75;  20.25;35
 38.5;  20.25;35
 38.25;  20.25;35
38;  20.25;35
 37.75;  20.25;35
 37.5;  20.25;35
 37.25;  20.25;35
37;  20.25;30
 36.75;  20.25;30
 36.5;  20.5;30
 36.25;  20.25;30
36;  20.25;30
 35.75;  20.25;30
 35.5;  20.25;30
 35.25;  20.25;30
35;  20.25;30
 34.75;  20.75;30
 34.5;  20.5;30
 34.5;  20.5;30
 34.5;  20.5;30
34;21;75
 33.5;21;15
 33.25;  20.75;15
33;  20.5;15
 32.75;  20.5;15
 32.5;  20.25;15
 32.25;  20.25;15
32;  20.25;15
 31.75;  20.25;15
 31.5;  20.25;15
 31.25;  20.5;15
31;  20.25;15
 30.75;  20.25;15
 30.5;  20.25;15
 30.25;  20.25;15
30;  20.25;15
 29.75;  20.75;15
 29.5;  20.25;139
 29.25;  20.25;139
29;  20.25;139
 28.75;  20.25;139
 28.5;  20.25;139
 28.25;  20.25;139
28;  20.25;41
 27.75;  20.25;41
 27.5;  20.25;41
 27.25;  20.25;41
27;  20.25;41
 26.75;  20.25;41
 26.5;  20.25;41
 26.25;  20.5;41
26;  20.25;185
 25.75;  20.25;185
 25.5;  20.5;152
 25.25;  20.25;152
25;  20.25;152
 24.75;  20.5;152
 24.5;  20.25;152
 24.25;  20.25;152
24;  20.25;152
 23.75;  20.5;152
 23.5;  20.25;152
 23.25;  20.25;152
 22.75;  20.5;109
 22.75;  20.5;109
 22.5;  20.25;109
 22.25;  20.25;109
22;  20.25;109
 21.75;  20.25;109
 21.5;  20.25;109
 21.25;  20.25;109
21;  20.25;109
 20.75;  20.25;109
 20.5;  20.25;109
 20.25;  20.25;109
20;  20.25;109
 19.5;  20.25;94
 19.5;  20.25;94
 19.25;  20.25;94
19;  20.25;94
 18.75;  20.25;94
 18.5;  20.25;94
 18.25;  20.25;94
18;  20.25;94
 17.75;  20.25;50
 17.5;  20.25;50
 17.25;  20.25;50
17;  20.25;50
 16.75;  20.25;50
 16.5;  20.25;50
 16.25;  20.25;114
16;  20.25;114
 15.75;  20.25;114
 15.5;  20.25;114
 15.25;  20.25;114
15;  20.25;114
 14.75;  20.25;114
 14.5;  20.25;114
 14.25;  20.25;114
14;  20.25;114
 13.75;  20.25;114
 13.5;  20.25;114
 13.25;  20.25;114
13;  20.25;114
 12.75;  20.25;114
 12.5;  20.25;114
 12.25;  20.25;114
12;  20.25;114
 11.75;  20.25;114
 11.5;  20.25;114
 11.25;  20.25;114
11;  20.25;63
 10.75;  20.25;63
 10.5;  20.25;63
 10.25;  20.25;63
10;  20.5;63
 9.75;  20.25;63
 9.5;  20.25;63
 9.25;  20.25;63
9;  20.25;63
 8.75;  20.25;63
 8.5;  20.25;63
 8.25;  20.25;63
8;  20.25;127
 7.75;  20.5;127
 7.5;  20.5;127
 7.25;  20.25;72
7;  20.25;72
 6.75;  20.25;72
 6.5;  20.5;72
 5.75;  20.25;84
 5.75;  20.25;84
 5.75;  20.25;84
 5.5;  20.25;84
 5.25;  20.25;84
 5.25;  20.25;84
 4.75;  20.25;187
 4.5;  20.25;187
 4.25;  20.25;187
4;  20.25;187
 3.75;  20.25;187
 3.5;  20.25;187
 3.25;  20.25;187
3;  20.25;187
 2.75;  20.25;187
 2.5;  20.25;187
 2.5;  20.5;187
 1.5;  20.75;0
 1.5;  20.75;0
 1.5;  20.75;0
 1.25;  20.75;0
1;  20.75;0
 0.75;  20.75;0
 0.5;  20.75;0
 0.25;  20.75;0
0;  20.75;0
47;21;0
 46.75;21;0
 46.5;21;0
 46.25;21;0
46;21;0
 45.75;21;0
 45.5;21;0
45;  20.75;0
45;  20.75;0
 44.75;  20.5;0
 44.5;  20.5;0
 44.25;  20.75;0
 44.25;  20.75;0
 43.75;  20.5;35
 43.5;  20.5;35
 43.25;  20.5;35
43;  20.5;35
 42.75;  20.5;35
 42.5;  20.5;35
 42.25;  20.5;35
42;  20.5;35
 41.75;  20.5;35
 41.5;  20.5;35
 41.25;  20.5;35
41;  20.5;35
 40.75;  20.5;35
 40.5;  20.5;35
 40.25;  20.5;35
40;  20.5;35
 39.75;  20.5;35
 39.5;  20.5;35
 39.25;  20.5;35
39;  20.5;35
 38.75;  20.5;35
 38.5;  20.5;35
 38.25;  20.5;35
38;  20.5;35
 37.75;  20.5;35
 37.5;  20.5;35
 37.25;  20.5;35
37;21;35
 36.75;  20.5;30
 36.5;  20.5;30
 36.25;  20.5;30
36;  20.5;30
 35.75;  20.5;30
 35.5;  20.5;30
 35.25;  20.5;30
35;  20.5;30
 34.75;  20.75;30
 34.5;  20.5;30
 34.5;  20.5;30
34;21;75
34;21;75
 33.5;21;15
 33.25;  20.75;15
33;  20.5;15
 32.75;  20.5;15
 32.5;  20.75;15
 32.25;  20.5;15
32;  20.5;15
 31.75;  20.5;15
 31.5;  20.5;15
 31.25;  20.5;15
31;  20.5;15
 30.75;  20.5;15
 30.5;  20.5;15
 30.25;  20.5;15
30;  20.5;15
 29.75;  20.75;15
 29.25;  20.5;139
 29.25;  20.5;139
29;  20.5;139
 28.75;  20.5;139
 28.5;  20.5;139
 28.25;  20.5;139
28;  20.5;139
 27.75;  20.75;139
 27.5;  20.5;41
 27.25;  20.5;41
27;  20.5;41
 26.75;  20.5;41
 26.5;  20.5;41
 26.25;  20.5;41
26;21;41
 25.75;  20.5;185
 25.5;  20.5;152
 25.25;  20.75;152
25;  20.75;152
 24.75;  20.5;152
 24.5;  20.5;152
 24.25;  20.5;152
24;  20.5;152
 23.75;  20.5;152
 23.5;  20.5;152
 23.5;  20.5;152
 22.75;  20.5;109
 22.75;  20.5;109
 22.5;  20.5;109
 22.25;  20.75;109
22;  20.5;109
 21.75;  20.5;109
 21.5;  20.5;109
 21.25;  20.5;109
21;  20.5;109
 20.75;  20.5;109
 20.5;  20.5;109
 20.25;  20.5;109
20;  20.5;109
 19.75;  20.5;189
 19.5;  20.75;189
 19.25;  20.75;189
19;  20.75;189
 18.75;21;189
 18.25;  20.5;94
 18.25;  20.5;94
18;  20.75;50
 17.75;  20.5;50
 17.5;  20.5;50
 17.25;  20.5;50
17;  20.5;50
 16.75;  20.5;50
 16.5;  20.5;50
 16.25;  20.5;50
16;  20.75;50
 15.75;  20.5;114
 15.5;  20.5;114
 15.25;  20.5;114
15;  20.5;114
 14.75;  20.5;114
 14.5;  20.5;114
 14.25;  20.5;114
14;  20.5;114
 13.75;  20.5;114
 13.5;  20.5;114
 13.25;  20.5;114
13;  20.5;114
 12.75;  20.5;114
 12.5;  20.5;114
 12.25;  20.5;114
12;  20.5;114
 11.75;  20.5;114
 11.5;  20.5;114
 11.25;  20.5;114
 10.75;  20.5;63
 10.75;  20.5;63
 10.5;  20.5;63
 10.25;  20.5;63
10;  20.5;63
 9.75;  20.5;63
 9.5;  20.75;63
 9.25;  20.5;63
9;  20.5;63
 8.75;  20.5;63
 8.5;  20.5;63
 8.25;21;127
8;  20.5;127
 7.75;  20.5;127
 7.5;  20.5;127
 7.25;  20.75;127
7;  20.5;72
 6.75;  20.5;72
 6.5;  20.5;72
 6.25;  20.75;76
6;  20.75;76
 5.75;  20.75;76
 5.5;  20.75;76
 5.25;  20.5;76
5;  20.5;76
 4.75;  20.5;187
 4.5;  20.5;187
 4.25;  20.5;187
4;  20.5;187
 3.75;  20.5;187
 3.5;  20.5;187
 3.25;  20.5;187
3;  20.5;187
 2.75;  20.5;187
 2.5;  20.5;187
 2.5;  20.5;187
 1.5;21;0
 1.5;21;0
 1.5;21;0
 1.25;21;0
1;21;0
 0.75;21;0
 0.5;21;0
 0.25;21;0
0;21;0
47;  21.25;0
 46.75;  21.25;0
 46.5;  21.25;0
 46.25;  21.25;0
46;  21.25;0
 45.75;  21.25;0
 45.5;  21.25;0
 45.5;  21.25;0
45;  20.75;0
 44.75;  20.75;0
 44.5;  20.75;0
 44.25;  20.75;0
 44.25;  20.75;0
 44.25;  20.75;0
 43.5;  20.75;35
 43.25;  20.75;35
43;  20.75;35
 42.75;  20.75;35
 42.5;  20.75;35
 42.25;  20.75;35
42;  20.75;35
 41.75;  20.75;35
 41.5;  20.75;35
 41.25;  20.75;35
41;  20.75;35
 40.75;  20.75;35
 40.5;  20.75;35
 40.25;  20.75;35
40;  20.75;35
 39.75;  20.75;35
 39.5;  20.75;35
 39.25;  20.75;35
39;  20.75;35
 38.75;  20.75;35
 38.5;  20.75;35
 38.25;  20.75;35
38;  20.75;35
 37.75;  20.75;35
 37.5;  20.75;35
 37.25;  20.75;35
37;21;35
 36.75;  20.75;30
 36.5;21;30
 36.25;  20.75;30
36;  20.75;30
 35.75;  20.75;30
 35.5;  20.75;30
 35.25;  20.75;30
35;  20.75;30
 34.75;  20.75;30
 34.5;21;75
 34.5;21;75
34;21;75
34;21;75
 33.5;  21.25;15
 33.25;  20.75;15
33;21;15
 32.75;  20.75;15
 32.5;  20.75;15
 32.25;  20.75;15
32;  20.75;15
 31.75;  20.75;15
 31.5;  20.75;15
 31.25;21;15
31;  20.75;15
 30.75;  20.75;15
 30.5;  20.75;15
 30.25;  20.75;15
30;  20.75;15
 29.75;  20.75;15
 29.5;  21.25;15
 29.25;  21.25;27
29;  20.75;139
 28.75;  20.75;139
 28.5;  20.75;139
 28.25;  20.75;139
28;  20.75;139
 27.75;  20.75;139
 27.5;  20.75;139
 27.25;  20.75;41
 26.75;21;41
 26.75;  20.75;41
 26.5;  20.75;41
 26.25;  20.75;41
26;21;41
 25.75;  20.5;185
 25.25;  20.75;152
 25.25;  20.75;152
25;  20.75;152
 24.75;  20.75;152
 24.5;  20.75;152
 24.25;  20.75;152
24;  20.75;152
 23.75;  20.75;152
 23.5;  20.75;152
 23.25;21;165
23;21;165
 22.75;  21.25;165
 22.25;  20.75;109
 22.25;  20.75;109
22;  20.75;109
 21.75;  20.75;109
 21.5;  20.75;109
 21.25;  20.75;109
21;  20.75;109
 20.75;  20.75;109
 20.5;  20.75;109
 20.25;  20.75;109
 20.25;  20.75;109
 19.75;  20.75;189
 19.5;  20.75;189
 19.25;  20.75;189
19;  20.75;189
 18.75;21;189
 18.5;21;189
 18.25;21;189
18;  20.75;50
 17.75;  20.75;50
 17.5;  20.75;50
 17.25;  20.75;50
17;  20.75;50
 16.75;  20.75;50
 16.5;  20.75;50
 16.25;  20.75;50
16;  20.75;50
 15.75;  20.75;114
 15.5;  20.75;114
 15.25;  20.75;114
15;  20.75;114
 14.75;  20.75;114
 14.5;  20.75;114
 14.25;  20.75;114
14;  20.75;114
 13.75;  20.75;114
 13.5;  20.75;114
 13.25;  20.75;114
13;  20.75;114
 12.75;  20.75;114
 12.5;  20.75;114
 12.25;  20.75;114
12;  20.75;114
 11.75;  20.75;114
 11.5;  20.75;114
 11.25;  20.75;114
 11.25;  20.75;114
 10.75;  20.75;63
 10.5;  20.75;63
 10.25;  20.75;63
10;  20.75;63
 9.75;  20.75;63
 9.5;  20.75;63
 9.25;  20.75;63
9;  20.75;63
 8.75;  20.75;63
 8.5;  20.75;63
 8.25;21;127
8;  20.75;127
 7.75;  20.75;127
 7.5;  20.75;127
 7.25;  20.75;127
7;21;127
 6.75;21;127
 6.5;  21.25;127
 6.25;  20.75;76
6;  20.75;76
 5.75;  20.75;76
 5.5;  20.75;76
 5.25;  20.75;76
5;  20.75;76
 4.75;  20.75;187
 4.5;  20.75;187
 4.25;  20.75;187
4;  20.75;187
 3.75;  20.75;187
 3.5;  20.75;187
 3.25;  20.75;187
3;  20.75;187
 2.75;  20.75;187
 2.5;  20.75;187
 2.5;  20.75;187
 1.5;  21.25;0
 1.5;  21.25;0
 1.5;  21.25;0
 1.25;  21.25;0
1;  21.25;0
 0.75;  21.25;0
 0.5;  21.25;0
 0.25;  21.25;0
0;  21.25;0
47;  21.5;0
 46.75;  21.5;0
 46.5;  21.5;0
 46.25;  21.5;0
46;  21.5;0
 45.75;  21.5;0
 45.5;  21.5;0
 45.5;  21.5;0
 45.5;  21.5;0
 44.75;21;0
 44.5;21;0
 44.25;  21.75;0
 44.25;  21.75;0
 43.5;21;35
 43.5;21;35
 43.25;21;35
43;21;35
 42.75;21;35
 42.5;21;35
 42.25;21;35
42;21;35
 41.75;21;35
 41.5;21;35
 41.25;21;35
41;21;35
 40.75;21;35
 40.5;21;35
 40.25;21;35
40;21;35
 39.75;21;35
 39.5;21;35
 39.25;21;35
39;21;35
 38.75;21;35
 38.5;21;35
 38.25;21;35
38;21;35
 37.75;21;35
 37.5;21;35
 37.25;21;35
37;21;35
 36.5;21;30
 36.5;21;30
 36.25;21;30
36;21;30
 35.75;21;30
 35.5;21;30
 35.25;21;30
35;21;30
 34.75;  21.5;75
 34.5;21;75
 34.25;21;75
34;21;75
 33.75;  21.5;15
 33.5;  21.25;15
 33.25;  21.25;15
33;21;15
 32.75;21;15
 32.5;21;15
 32.25;  21.25;15
32;21;15
 31.75;21;15
 31.5;21;15
 31.25;21;15
31;21;15
 30.75;21;15
 30.5;21;15
 30.25;  21.25;15
30;21;15
 29.75;21;15
 29.5;  21.5;15
 29.25;  21.25;27
29;  21.25;27
 28.75;21;139
 28.5;21;139
 28.25;21;139
28;21;139
 27.75;21;139
 27.5;21;139
 27.25;  21.25;139
 26.75;21;41
 26.75;21;41
 26.5;21;41
 26.25;21;41
26;21;41
 25.75;  21.25;108
 25.5;  21.25;108
 25.25;  21.25;108
25;  21.25;108
 24.75;  21.25;108
 24.5;  21.25;108
 24.25;21;152
24;21;152
 23.75;21;152
 23.5;  21.25;165
 23.25;21;165
23;21;165
 22.75;  21.25;165
 22.5;  21.25;165
 22.25;21;109
22;21;109
 21.75;21;109
 21.5;21;109
 21.25;21;109
21;21;109
 20.75;  21.25;109
 20.5;21;109
 20.25;21;109
20;  21.25;189
 19.75;21;189
 19.5;21;189
 19.25;21;189
19;21;189
 18.75;21;189
 18.5;21;189
 18.25;21;189
18;21;50
 17.75;21;50
 17.5;21;50
 17.25;21;50
17;21;50
 16.75;21;50
 16.5;21;50
 16.25;21;50
16;21;50
 15.75;21;114
 15.5;21;114
 15.25;21;114
15;21;114
 14.75;21;114
 14.5;21;114
 14.25;21;114
14;21;114
 13.75;21;114
 13.5;21;114
 13.25;21;114
13;21;114
 12.75;21;114
 12.5;21;114
 12.25;21;114
12;21;114
 11.75;21;114
 11.5;21;114
 11.25;21;114
 11.25;21;114
 10.75;21;63
 10.5;21;63
 10.25;21;63
10;21;63
 9.75;21;63
 9.5;21;63
 9.25;21;63
9;21;63
 8.75;21;63
 8.5;21;63
 8.25;21;127
8;21;127
 7.75;21;127
 7.5;21;127
 7.25;21;127
7;21;127
 6.75;21;127
 6.5;  21.25;127
 6.25;21;76
6;21;76
 5.75;21;76
 5.5;21;76
 5.25;21;76
5;21;76
 4.75;  21.25;76
 4.5;21;187
 4.25;21;187
4;21;187
 3.75;21;187
 3.5;21;187
 3.25;21;187
3;21;187
 2.75;21;187
 2.5;21;187
 2.5;21;187
 1.75;  21.75;0
 1.75;  21.75;0
 1.5;  21.5;0
 1.25;  21.5;0
1;  21.5;0
 0.75;  21.5;0
 0.5;  21.5;0
 0.25;  21.5;0
0;  21.5;0
47;  21.75;0
 46.75;  21.75;0
 46.5;  21.75;0
 46.25;  21.75;0
46;  21.75;0
 45.75;  21.75;0
 45.5;  21.75;0
 45.5;  21.75;0
45;  21.25;0
 44.5;  21.5;0
 44.5;  21.5;0
 44.25;  21.75;0
 44.25;  21.75;0
 44.25;  21.75;0
 43.5;  21.25;35
 43.25;  21.25;35
43;  21.25;35
 42.75;  21.25;35
 42.5;  21.25;35
 42.25;  21.25;35
42;  21.25;35
 41.75;  21.25;35
 41.5;  21.25;35
 41.25;  21.25;35
41;  21.25;35
 40.75;  21.25;35
 40.5;  21.25;35
 40.25;  21.25;35
40;  21.25;35
 39.75;  21.25;35
 39.5;  21.25;35
 39.25;  21.25;35
39;  21.25;35
 38.75;  21.25;35
 38.5;  21.25;35
 38.25;  21.25;35
38;  21.25;35
 37.75;  21.25;35
 37.5;  21.25;35
 37.25;  21.25;35
37;  21.25;35
 36.5;21;30
 36.5;21;30
 35.5;  21.25;30
 35.5;  21.25;30
 35.25;  21.25;30
 35.25;  21.25;30
 35.25;  21.25;30
35;  21.25;30
 34.75;  21.5;75
 34.5;  21.25;75
 34.25;  21.25;75
34;  21.25;75
 33.75;  21.5;15
 33.5;  21.25;15
 33.25;  21.25;15
33;  21.25;15
 32.75;  21.25;15
 32.5;  21.5;15
 32.25;  21.25;15
32;  21.25;15
 31.75;  21.25;15
 31.5;  21.25;15
 31.25;  21.25;15
31;  21.25;15
 30.75;  21.25;15
 30.5;  21.25;15
 30.25;  21.25;15
30;  21.5;15
 29.75;  21.25;15
 29.5;  21.5;15
 29.25;  21.25;27
29;  21.25;27
 28.75;  21.5;27
 28.5;  21.25;139
 28.25;  21.25;139
28;  21.25;139
 27.75;  21.25;139
 27.5;  21.25;139
 27.25;  21.25;139
27;  21.5;139
 26.75;  21.25;41
 26.5;  21.25;41
 26.25;  21.25;41
26;  21.5;108
 25.75;  21.25;108
 25.5;  21.25;108
 25.25;  21.25;108
25;  21.25;108
 24.75;  21.25;108
 24.5;  21.25;108
 24.25;  21.5;108
24;22;165
 23.75;  21.5;165
 23.5;  21.25;165
 23.25;  21.25;165
23;  21.25;165
 22.75;  21.25;165
 22.5;  21.25;165
 22.25;  21.5;165
22;  21.75;165
 21.75;  21.25;109
 21.5;  21.25;109
 21.25;  21.25;109
21;  21.25;109
 20.75;  21.25;109
 20.5;  21.25;109
 20.25;  21.25;109
20;  21.25;189
 19.75;  21.25;189
 19.5;  21.25;189
 19.25;  21.25;189
19;  21.25;189
 18.75;  21.25;189
 18.5;  21.5;189
 18.25;  21.25;189
18;  21.25;50
 17.75;  21.25;50
 17.5;  21.25;50
 17.25;  21.25;50
17;  21.25;50
 16.75;  21.25;50
 16.5;  21.25;50
 16.25;  21.25;50
16;  21.25;50
 15.75;  21.25;50
 15.5;  21.5;114
 15.25;  21.25;114
15;  21.25;114
 14.75;  21.25;114
 14.5;  21.25;114
 14.25;  21.25;114
14;  21.25;114
 13.75;  21.25;114
 13.5;  21.25;114
 13.25;  21.25;114
13;  21.25;114
 12.75;  21.25;114
 12.5;  21.25;114
 12.25;  21.25;114
12;  21.25;114
 11.75;  21.25;114
 11.5;  21.25;114
 11.25;  21.25;114
11;22;114
 10.75;  21.25;63
 10.5;  21.25;63
 10.25;  21.25;63
10;  21.25;63
 9.75;  21.25;63
 9.5;  21.25;63
 9.25;  21.25;63
9;  21.25;63
 8.75;  21.25;63
 8.5;  21.25;63
 8.25;  21.25;127
8;  21.25;127
 7.75;  21.25;127
 7.5;  21.25;127
 7.25;  21.25;127
7;  21.25;127
 6.75;  21.25;127
 6.5;  21.25;127
6;  21.25;76
6;  21.25;76
 5.75;  21.25;76
 5.5;  21.25;76
 5.25;  21.25;76
5;  21.25;76
 4.75;  21.25;76
 4.5;  21.25;187
 4.25;  21.25;187
4;  21.25;187
 3.75;  21.25;187
 3.5;  21.25;187
 3.25;  21.25;187
3;  21.25;187
 2.75;  21.25;187
 2.5;  21.25;187
 1.75;  21.75;0
 1.75;  21.75;0
 1.75;  21.75;0
 1.5;  21.75;0
 1.25;  21.75;0
1;  21.75;0
 0.75;  21.75;0
 0.5;  21.75;0
 0.25;  21.75;0
0;  21.75;0
47;22;0
 46.75;22;0
 46.5;22;0
 46.25;22;0
46;22;0
 45.75;22;0
 45.5;22;0
 45.25;22;0
45;  21.5;0
 44.5;  21.5;0
 44.25;  21.75;0
 44.25;  21.75;0
 44.25;  21.75;0
 44.25;  21.75;0
 43.5;  21.5;35
 43.25;  21.5;35
43;  21.5;35
 42.75;  21.5;35
 42.5;  21.5;35
 42.25;  21.5;35
42;  21.5;35
 41.75;  21.5;35
 41.5;  21.5;35
 41.25;  21.5;35
41;  21.5;35
 40.75;  21.5;35
 40.5;  21.5;35
 40.25;  21.5;35
40;  21.5;35
 39.75;  21.5;35
 39.5;  21.5;35
 39.25;  21.5;35
39;  21.5;35
 38.75;  21.5;35
 38.5;  21.5;35
 38.25;  21.5;35
38;  21.5;35
 37.75;  21.5;35
 37.5;  21.5;35
 37.25;  21.5;35
37;  21.5;35
 36.75;  21.75;176
 36.5;  21.5;176
 36.25;  21.5;176
36;  21.5;176
 35.75;  21.75;176
 35.5;  21.5;176
 35.25;  21.75;176
35;  21.25;30
 34.75;  21.5;75
 34.5;  21.5;75
 34.25;  21.5;75
34;  21.5;75
 33.75;  21.5;15
 33.5;  21.5;15
 33.25;  21.5;15
33;  21.5;15
 32.75;  21.5;15
 32.5;  21.5;15
 32.25;  21.5;15
32;  21.75;15
 31.75;  21.5;15
 31.5;  21.5;15
 31.25;  21.5;15
31;  21.5;15
 30.75;  21.5;15
 30.5;22;15
 30.25;  21.5;15
30;  21.5;15
 29.75;  21.5;15
 29.5;  21.5;15
 29.25;  21.5;27
29;  21.75;27
 28.75;  21.5;27
 28.5;  21.75;27
 28.25;  21.5;139
28;  21.5;139
 27.75;  21.5;139
 27.5;  21.75;139
 27.25;  21.5;139
27;  21.5;139
 26.75;  21.75;139
 26.5;  21.5;41
 26.25;  21.5;41
26;  21.5;108
 25.75;  21.5;108
 25.5;  21.5;108
 25.25;  21.5;108
25;  21.5;108
 24.75;  21.5;108
 24.5;  21.5;108
 24.25;  21.5;108
24;22;165
 23.75;  21.5;165
 23.5;  21.5;165
 23.25;  21.5;165
23;  21.5;165
 22.75;  21.5;165
 22.5;  21.5;165
 22.25;  21.5;165
22;  21.75;165
 21.75;  21.75;165
 21.5;22;165
 21.25;  21.5;109
 20.75;  21.5;109
 20.75;  21.5;109
 20.5;  21.5;109
 20.25;  21.5;109
20;  21.5;189
 19.75;  21.5;189
 19.5;  21.5;189
 19.25;  21.5;189
19;  21.5;189
 18.75;  21.5;189
 18.5;  21.5;189
 18.25;  21.5;189
18;  21.5;50
 17.75;  21.5;50
 17.5;  21.5;50
 17.25;  21.5;50
17;  21.5;50
 16.75;  21.5;50
 16.5;  21.5;50
 16.25;  21.5;50
16;  21.5;50
 15.75;  21.5;50
 15.5;  21.5;114
 15.25;  21.5;114
15;  21.5;114
 14.75;  21.5;114
 14.5;  21.5;114
 14.25;  21.5;114
14;  21.5;114
 13.75;  21.5;114
 13.5;  21.5;114
 13.25;  21.5;114
13;  21.5;114
 12.75;  21.5;114
 12.5;  21.5;114
 12.25;  21.5;114
12;  21.5;114
 11.75;  21.5;114
 11.5;  21.5;114
 11.25;  21.5;114
11;22;114
 10.75;  21.5;63
 10.5;  21.5;63
 10.25;  21.5;63
10;  21.5;63
 9.75;  21.5;63
 9.25;  21.5;63
 9.25;  21.5;63
9;  21.5;63
 8.75;  21.5;63
 8.5;  21.5;63
 8.25;  21.5;127
8;  21.5;127
 7.75;  21.5;127
 7.5;  21.5;127
 7.25;  21.5;127
7;  21.5;127
 6.75;  21.5;127
 6.5;  21.5;127
 6.25;  21.75;127
 5.75;  21.5;76
 5.75;  21.5;76
 5.5;  21.5;76
 5.25;  21.5;76
5;  21.5;76
 4.75;  21.5;76
 4.5;  21.5;187
 4.25;  21.5;187
4;  21.5;187
 3.75;  21.5;187
 3.5;  21.5;187
 3.25;  21.5;187
3;  21.5;187
 2.75;  21.75;187
 2.5;  21.5;187
 1.75;22;0
 1.75;22;0
 1.75;22;0
 1.5;22;0
 1.25;22;0
1;22;0
 0.75;22;0
 0.5;22;0
 0.25;22;0
0;22;0
47;  22.25;0
 46.75;  22.25;0
 46.5;  22.25;0
 46.25;  22.25;0
46;  22.25;0
 45.75;  22.25;0
 45.5;  22.25;0
 45.25;22;0
45;  21.75;0
 44.25;  21.75;0
 44.25;  21.75;0
 44.25;  21.75;0
 44.25;  21.75;0
 44.25;  21.75;0
 43.5;22;35
 43.25;  21.75;35
43;  21.75;35
 42.75;  21.75;35
 42.5;  21.75;35
 42.25;  21.75;35
42;  21.75;35
 41.75;  21.75;35
 41.5;  21.75;35
 41.25;  21.75;35
41;  21.75;35
 40.75;  21.75;35
 40.5;  21.75;35
 40.25;  21.75;35
40;  21.75;35
 39.75;  21.75;35
 39.5;  21.75;35
 39.25;  21.75;35
39;  21.75;35
 38.75;  21.75;35
 38.5;  21.75;35
 38.25;  21.75;35
38;  21.75;35
 37.75;  21.75;35
 37.5;  21.75;35
 37.25;  21.75;35
 37.25;  21.75;35
 36.75;  21.75;176
 36.5;  21.75;176
 36.25;  21.75;176
36;  21.75;176
 35.75;  21.75;176
 35.5;  21.75;176
 35.25;  21.75;176
 35.25;  21.75;176
 34.5;  21.75;75
 34.5;  21.75;75
 34.25;  22.25;192
34;  22.25;192
 33.75;  22.25;192
 33.5;  21.75;15
 33.25;  21.75;15
33;  21.75;15
 32.75;  21.75;15
 32.5;  21.75;15
 32.25;  22.25;15
32;  21.75;15
 31.75;  21.75;15
 31.5;  21.75;15
 31.25;  21.75;15
31;  21.75;15
 30.75;  21.75;15
 30.5;22;15
 30.25;  21.75;15
30;22;15
 29.75;  21.75;15
 29.5;  21.75;15
29;  21.75;27
29;  21.75;27
 28.75;  21.75;27
 28.5;  21.75;27
 28.25;22;27
28;  21.75;139
 27.75;  21.75;139
 27.5;  21.75;139
 27.25;  21.75;139
27;  21.75;139
 26.75;  21.75;139
 26.5;  21.75;139
 26.25;22;108
26;  21.75;108
 25.75;  21.75;108
 25.5;  21.75;108
 25.25;  21.75;108
25;  21.75;108
 24.75;  21.75;108
 24.5;  21.75;108
 24.25;  21.75;108
 23.75;  22.25;165
 23.75;  21.75;165
 23.5;  21.75;165
 23.25;  21.75;165
23;  21.75;165
 22.75;  21.75;165
 22.5;  21.75;165
 22.25;  21.75;165
22;  21.75;165
 21.75;  21.75;165
 21.5;22;165
 21.25;  22.25;165
21;  22.5;165
 20.75;  21.5;109
 20.5;  21.5;109
 20.25;  21.5;109
20;  21.75;189
 19.75;  21.75;189
 19.5;  21.75;189
 19.25;  21.75;189
19;  21.75;189
 18.75;  21.75;189
 18.5;  21.75;189
 18.25;  21.75;189
18;  21.75;50
 17.75;  21.75;50
 17.5;  21.75;50
 17.25;  21.75;50
17;  21.75;50
 16.75;  21.75;50
 16.5;  21.75;50
 16.25;  21.75;50
16;  21.75;50
 15.75;  21.75;50
 15.5;  21.75;50
 15.25;  21.75;114
15;  21.75;114
 14.75;  21.75;114
 14.5;  21.75;114
 14.25;  21.75;114
14;  21.75;114
 13.75;  21.75;114
 13.5;  21.75;114
 13.25;  21.75;114
13;  21.75;114
 12.75;  21.75;114
 12.5;  21.75;114
 12.25;  21.75;114
12;  21.75;114
 11.75;  21.75;114
 11.5;  21.75;114
 11.25;  21.75;114
11;22;114
 10.75;  21.75;63
 10.5;  21.75;63
10;  21.75;63
10;22;7
 9.75;22;7
 9.5;22;7
 9.25;  21.75;7
9;22;7
 8.75;  21.75;63
 8.75;  21.75;63
 8.25;  21.75;127
8;22;127
 7.75;  21.75;127
 7.5;  21.75;127
 7.25;  21.75;127
7;  21.75;127
 6.75;  21.75;127
 6.5;  21.75;127
 6.25;  21.75;127
6;22;127
 5.5;  21.75;76
 5.5;  21.75;76
 5.25;  21.75;76
5;  21.75;76
5;  21.75;76
 4.5;  21.75;187
 4.25;  21.75;187
4;  21.75;187
 3.75;  21.75;187
 3.5;  21.75;187
 3.25;  21.75;187
3;  21.75;187
 2.75;  21.75;187
 2.5;  21.75;187
 1.75;  22.25;0
 1.75;  22.25;0
 1.75;  22.25;0
 1.5;  22.25;0
 1.25;  22.25;0
1;  22.25;0
 0.75;  22.25;0
 0.5;  22.25;0
 0.25;  22.25;0
0;  22.25;0
47;  22.5;0
 46.75;  22.5;0
 46.5;  22.5;0
 46.25;  22.5;0
46;  22.5;0
 45.75;  22.5;0
 45.5;  22.5;0
 45.5;  22.5;0
45;22;0
 44.75;22;0
 44.5;22;0
 44.25;22;0
 44.25;22;0
 44.25;22;0
 43.5;22;35
 43.25;22;35
43;22;35
 42.75;22;35
 42.5;22;35
 42.25;22;35
42;22;35
 41.75;22;35
 41.5;22;35
 41.25;22;35
41;22;35
 40.75;22;35
 40.5;22;35
 40.25;22;35
40;22;35
 39.75;22;35
 39.5;22;35
 39.25;22;35
39;22;35
 38.75;22;35
 38.5;22;35
 38.25;22;35
38;22;35
 37.75;22;35
 37.5;22;35
 37.25;22;35
 36.75;22;176
 36.75;22;176
 36.25;22;176
 36.25;22;176
36;  22.25;147
 35.75;  22.25;147
 35.5;22;147
 35.25;  22.25;147
35;  22.25;147
 34.75;22;147
 34.5;  22.5;147
 34.25;  22.5;192
34;  22.25;192
 33.75;  22.5;192
 33.5;  22.25;15
 33.25;22;15
33;22;15
 32.75;22;15
 32.5;22;15
 32.25;  22.25;15
32;  22.5;15
 31.75;22;15
 31.5;22;15
 31.25;22;15
31;22;15
 30.75;22;15
 30.5;22;15
 30.25;  22.25;15
30;22;15
 29.75;22;15
 29.5;22;15
 29.5;  22.5;15
29;22;27
 28.75;22;27
 28.5;22;27
 28.25;22;27
28;22;27
 27.75;22;139
 27.5;22;139
 27.25;22;139
27;22;139
 26.75;22;139
 26.5;22;139
 26.25;22;108
26;22;108
 25.75;22;108
 25.5;22;108
 25.25;22;108
25;22;108
 24.75;22;108
 24.5;22;108
 24.25;22;108
 23.75;  22.25;165
 23.75;22;165
 23.5;22;165
 23.25;22;165
23;22;165
 22.75;22;165
 22.5;  22.25;165
 22.25;22;165
22;22;165
 21.75;22;165
 21.5;22;165
 21.25;  22.25;165
21;  22.5;165
21;  22.5;165
 20.5;  21.5;109
20;22;189
20;22;189
 19.75;22;189
 19.5;22;189
 19.25;22;189
19;22;189
 18.75;22;189
 18.5;22;189
 18.25;22;189
18;  22.25;50
 17.75;22;50
 17.5;22;50
 17.25;22;50
17;22;50
 16.75;22;50
 16.5;22;50
 16.25;22;50
16;22;50
 15.75;22;50
 15.5;22;50
 15.25;  22.25;50
15;22;114
 14.75;22;114
 14.5;22;114
 14.25;22;114
14;22;114
 13.75;22;114
 13.5;22;114
 13.25;22;114
13;22;114
 12.75;22;114
 12.5;22;114
 12.25;22;114
12;22;114
 11.75;22;114
 11.5;22;114
 11.25;22;114
11;22;114
 10.75;22;63
 10.5;22;63
 10.25;  22.25;7
10;22;7
 9.75;22;7
 9.5;22;7
 9.25;22;7
9;22;7
 8.75;22;7
 8.5;22;7
 8.25;  22.25;7
8;22;127
 7.75;22;127
 7.5;22;127
 7.25;22;127
7;22;127
 6.75;22;127
 6.5;22;127
 6.25;22;127
6;22;127
 5.75;22;127
 5.5;  22.5;127
 5.25;  22.25;127
5;  22.25;127
 4.75;22;127
 4.5;  22.25;127
 4.25;22;187
4;22;187
 3.75;22;187
 3.5;22;187
 3.25;22;187
3;22;187
 2.75;22;187
 2.5;22;187
 1.75;  22.5;0
 1.75;  22.5;0
 1.75;  22.5;0
 1.5;  22.5;0
 1.25;  22.5;0
1;  22.5;0
 0.75;  22.5;0
 0.5;  22.5;0
 0.25;  22.5;0
0;  22.5;0
47;  22.75;0
 46.75;  22.75;0
 46.5;  22.75;0
 46.25;  22.75;0
46;  22.75;0
 45.75;  22.75;0
 45.5;  22.75;0
 45.5;  22.75;0
45;  22.25;0
 44.75;  22.25;0
 44.5;  22.25;0
 44.25;  22.25;0
 44.25;  22.25;0
 44.25;  22.25;0
 43.5;  22.25;35
 43.25;  22.25;35
43;  22.25;35
 42.75;  22.25;35
 42.5;  22.25;35
 42.25;  22.25;35
42;  22.5;35
 41.75;  22.25;35
 41.5;  22.25;35
 41.25;  22.25;35
41;  22.25;35
 40.75;  22.25;35
 40.5;  22.25;35
 40.25;  22.25;35
40;  22.25;35
 39.75;  22.25;35
 39.5;  22.25;35
 39.25;  22.25;35
39;  22.25;35
 38.75;  22.25;35
 38.5;  22.25;35
 38.25;  22.25;35
38;  22.25;35
 37.75;  22.25;35
 37.5;  22.25;35
 37.5;  22.25;35
37;  22.5;147
 36.75;  22.25;147
 36.5;  22.25;147
 36.25;  22.5;147
36;  22.25;147
 35.75;  22.25;147
 35.5;  22.25;147
 35.25;  22.25;147
35;  22.25;147
 34.75;  22.25;147
 34.5;  22.5;147
 34.25;  22.5;192
34;  22.25;192
 33.75;  22.5;192
 33.5;  22.25;15
 33.25;  22.5;15
33;  22.25;15
 32.75;  22.25;15
 32.5;  22.25;15
 32.25;  22.25;15
32;  22.5;15
 31.75;  22.25;15
 31.5;  22.25;15
 31.25;  22.25;15
31;  22.25;15
 30.75;  22.25;15
 30.5;  22.25;15
 30.25;  22.25;15
30;  22.25;15
 29.75;  22.25;15
 29.5;  22.5;15
 29.5;  22.5;15
29;  22.5;27
 28.75;  22.25;27
 28.5;  22.25;27
 28.25;  22.25;27
28;  22.25;27
 27.75;  22.25;27
 27.5;  22.25;139
 27.25;  22.25;139
27;  22.25;139
 26.75;  22.25;139
 26.5;  22.25;108
 26.25;  22.25;108
26;  22.25;108
 25.75;  22.25;108
 25.5;  22.25;108
 25.25;  22.25;108
25;  22.25;108
 24.75;  22.25;108
 24.5;  22.25;108
 24.25;  22.5;108
 23.75;  22.25;165
 23.75;  22.25;165
 23.5;  22.25;165
 23.25;  22.25;165
23;  22.5;165
 22.75;  22.25;165
 22.5;  22.25;165
 22.25;  22.25;165
22;  22.25;165
 21.75;  22.5;165
 21.5;  22.5;165
 21.25;  22.25;165
21;  22.5;165
 20.75;23;165
 20.5;  21.5;109
20;  22.25;189
20;  22.25;189
 19.75;  22.25;189
 19.5;  22.25;189
 19.25;  22.25;189
19;  22.25;189
 18.75;  22.25;189
 18.5;  22.25;189
 18.25;  22.25;189
18;  22.25;50
 17.75;  22.25;50
 17.5;  22.25;50
 17.25;  22.25;50
17;  22.25;50
 16.75;  22.25;50
 16.5;  22.25;50
 16.25;  22.25;50
16;  22.25;50
 15.75;  22.25;50
 15.5;  22.25;50
 15.25;  22.25;50
15;  22.75;50
 14.75;  22.25;114
 14.5;  22.25;114
 14.25;  22.25;114
14;  22.25;114
 13.75;  22.25;114
 13.5;  22.25;114
 13.25;  22.25;114
13;  22.25;114
 12.75;  22.25;114
 12.5;  22.25;114
 12.25;  22.25;114
12;  22.25;114
 11.75;  22.25;114
 11.5;  22.25;114
 11.25;  22.25;114
 11.25;  22.25;114
 10.75;  22.25;63
 10.5;  22.5;7
 10.25;  22.25;7
10;  22.25;7
 9.75;  22.25;7
 9.5;  22.25;7
 9.25;  22.25;7
9;  22.25;7
 8.75;  22.25;7
 8.5;  22.25;7
 8.25;  22.25;7
8;  22.25;127
 7.75;  22.25;127
 7.5;  22.25;127
 7.25;  22.25;127
7;  22.25;127
 6.75;  22.25;127
 6.5;  22.25;127
 6.25;  22.5;127
6;  22.25;127
 5.75;  22.25;127
 5.5;  22.5;127
 5.25;  22.25;127
5;  22.25;127
 4.75;  22.25;127
 4.5;  22.25;127
 4.25;  22.5;127
4;  22.25;187
 3.75;  22.25;187
 3.5;  22.25;187
 3.25;  22.25;187
3;  22.25;187
 2.75;  22.25;187
 2.5;  22.25;187
 1.75;  22.75;0
 1.75;  22.75;0
 1.75;  22.75;0
 1.5;  22.75;0
 1.25;  22.75;0
1;  22.75;0
 0.75;  22.75;0
 0.5;  22.75;0
 0.25;  22.75;0
0;  22.75;0
47;23;0
 46.75;23;0
 46.5;23;0
 46.25;23;0
46;23;0
 45.75;23;0
 45.5;23;0
 45.5;23;0
45;  22.5;0
 44.75;  22.5;0
 44.5;  22.5;0
 44.25;  22.5;0
 44.25;  22.5;0
 44.25;  22.5;0
 43.5;  22.5;35
 43.25;  22.5;35
43;  22.5;35
 42.75;  22.5;35
 42.5;  22.5;35
 42.25;  22.5;35
42;  22.5;35
 41.75;  22.5;35
 41.5;  22.5;35
 41.25;  22.5;35
41;  22.5;35
 40.75;  22.5;35
 40.5;  22.5;35
 40.25;  22.5;35
40;  22.5;35
 39.75;  22.5;35
 39.5;  22.5;35
 39.25;  22.5;35
39;  22.5;35
 38.75;  22.5;35
 38.5;  22.5;35
 38.25;  22.5;35
38;  22.5;35
 37.75;  22.5;35
 37.5;  22.5;35
 37.25;  22.75;147
37;  22.5;147
 36.75;  22.5;147
 36.5;  22.5;147
 36.25;  22.5;147
36;  22.5;147
 35.75;  22.5;147
 35.5;  22.5;147
 35.25;  22.5;147
35;  22.5;147
 34.75;  22.5;147
 34.5;  22.5;147
 34.25;  22.5;192
34;  22.5;192
 33.75;  22.5;192
 33.25;  22.5;15
 33.25;  22.5;15
33;  22.5;15
 32.75;  22.5;15
 32.5;  22.5;15
 32.25;  22.75;15
32;  22.5;15
 31.75;  22.5;15
 31.5;  22.5;15
 31.25;  22.5;15
31;  22.5;15
 30.75;  22.5;15
 30.5;  22.5;15
 30.25;  22.5;15
30;  22.5;15
 29.75;  22.5;15
 29.5;  22.5;15
 29.5;  22.5;15
29;  22.5;27
 28.75;  22.5;27
 28.5;  22.5;27
 28.25;  22.5;27
28;  22.5;27
 27.75;  22.5;27
 27.5;  22.5;27
 27.25;  22.5;139
27;  22.5;139
 26.75;  22.75;108
 26.5;  22.5;108
 26.25;  22.5;108
26;  22.5;108
 25.75;  22.5;108
 25.5;  22.5;108
 25.25;  22.5;108
25;  22.5;108
 24.75;  22.5;108
 24.5;  22.5;108
 24.25;  22.5;108
 23.75;  22.5;165
 23.75;  22.5;165
 23.5;  22.5;165
 23.25;  22.5;165
23;  22.5;165
 22.75;  22.5;165
 22.5;  22.5;165
 22.25;  22.5;165
22;  22.5;165
 21.75;  22.5;165
 21.5;  22.5;165
 21.25;  22.5;165
21;  22.5;165
 20.75;23;165
 20.75;23;165
20;  22.5;189
20;  22.5;189
 19.75;  22.5;189
 19.5;  22.5;189
 19.25;  22.5;189
19;  22.5;189
 18.75;  22.5;189
 18.5;  22.5;189
 18.5;  22.5;189
 17.75;  22.5;50
 17.75;  22.5;50
 17.5;  22.5;50
 17.25;  22.5;50
17;  22.5;50
 16.75;  22.5;50
 16.5;  22.5;50
 16.25;  22.5;50
16;  22.5;50
 15.75;  22.5;50
 15.5;  22.5;50
 15.25;  22.5;50
15;  22.75;50
 14.75;  22.5;114
 14.5;  22.5;114
 14.25;  22.5;114
14;  22.5;114
 13.75;  22.5;114
 13.5;  22.5;114
 13.25;  22.5;114
13;  22.5;114
 12.75;  22.5;114
 12.5;  22.5;114
 12.25;  22.5;114
12;  22.5;114
 11.75;  22.5;114
 11.5;  22.75;7
 11.25;  22.75;7
11;  22.5;7
 10.75;  22.5;7
 10.5;  22.5;7
 10.25;  22.5;7
10;  22.5;7
 9.75;  22.5;7
 9.5;  22.5;7
 9.25;  22.5;7
9;  22.5;7
 8.75;  22.5;7
 8.5;  22.5;7
 8.25;  22.5;7
 7.75;  22.5;127
 7.75;  22.5;127
 7.5;  22.5;127
 7.25;  22.5;127
7;  22.5;127
 6.75;  22.5;127
 6.5;  22.5;127
 6.25;  22.5;127
6;  22.5;127
 5.75;  22.5;127
 5.5;  22.5;127
 5.25;  22.5;127
5;  22.5;127
 4.75;  22.5;127
 4.5;  22.5;127
 4.25;  22.5;127
4;23;127
 3.75;  22.5;187
 3.5;  22.5;187
 3.25;  22.5;187
3;  22.5;187
 2.75;  22.5;187
 2.5;  22.5;187
 1.75;23;0
 1.75;23;0
 1.75;23;0
 1.5;23;0
 1.25;23;0
1;23;0
 0.75;23;0
 0.5;23;0
 0.25;23;0
0;23;0
47;  23.25;0
 46.75;  23.25;0
 46.5;  23.25;0
 46.25;  23.25;0
46;  23.25;0
 45.75;  23.25;0
 45.5;  23.25;0
 45.25;  22.75;0
45;  22.75;0
 44.75;  22.75;0
 44.5;  22.75;0
 44.25;  22.75;0
 44.25;  22.75;0
 44.25;  22.75;0
 43.5;23;35
 43.25;  22.75;35
43;  22.75;35
 42.75;  22.75;35
 42.5;  22.75;35
 42.25;  22.75;35
42;  22.75;35
 41.75;  22.75;35
 41.5;  22.75;35
 41.25;  22.75;35
41;  22.75;35
 40.75;  22.75;35
 40.5;  22.75;35
 40.25;  22.75;35
40;  22.75;35
 39.75;  22.75;35
 39.5;  22.75;35
 39.25;  22.75;35
39;  22.75;35
 38.75;  22.75;35
 38.5;  22.75;35
 38.25;  22.75;35
38;  22.75;35
 37.75;  22.75;35
 37.5;  22.75;35
 37.25;  22.75;147
37;  22.75;147
 36.75;  22.75;147
 36.5;  22.75;147
 36.25;  22.75;147
36;  22.75;147
 35.75;  22.75;147
 35.5;  22.75;147
 35.25;  22.75;147
35;  22.75;147
 34.75;  22.75;147
 34.5;  22.75;147
34;  22.75;192
34;  22.75;192
 33.75;  22.75;192
 33.25;  22.75;15
 33.25;  22.75;15
33;  22.75;15
 32.75;  22.75;15
 32.5;  22.75;15
 32.25;  22.75;15
32;  22.75;15
 31.75;  22.75;15
 31.5;  22.75;15
 31.25;  22.75;15
31;  22.75;15
 30.75;  22.75;15
 30.5;  22.75;15
 30.25;  22.75;15
30;  22.75;15
 29.75;23;49
 29.5;  22.75;49
 29.25;  22.75;49
29;  22.75;49
 28.75;  22.75;27
 28.5;  22.75;27
 28.25;  22.75;27
28;  22.75;27
 27.75;  22.75;27
 27.5;  22.75;27
 27.25;  22.75;27
27;  23.25;108
 26.75;  22.75;108
 26.5;  22.75;108
 26.25;  22.75;108
26;  22.75;108
 25.75;  22.75;108
 25.5;  22.75;108
 25.25;  22.75;108
25;  22.75;108
 24.75;  22.75;108
 24.5;  22.75;108
 24.25;  22.75;108
24;  23.25;108
 23.75;  22.75;165
 23.5;  22.75;165
 23.25;  22.75;165
23;  22.75;165
 23.25;23;165
 22.25;  22.75;165
 22.25;  22.75;165
22;  22.75;165
 21.75;  22.75;165
 21.5;  22.75;165
 21.25;  22.75;165
21;  22.75;165
 20.75;23;165
 20.75;23;165
20;  22.5;189
 19.75;  22.75;189
 19.75;  22.75;189
 19.5;  22.75;189
 19.25;  22.75;189
19;  22.75;189
 18.75;  23.25;181
 18.5;23;181
 18.25;  22.75;181
18;  22.75;181
 17.75;23;181
 17.5;  22.75;50
 17.25;  22.75;50
17;  22.75;50
 16.75;  22.75;50
 16.5;  22.75;50
 16.25;  22.75;50
16;  22.75;50
 15.5;  22.75;50
 15.5;  22.75;50
 15.25;  22.75;50
15;  22.75;50
 14.5;  22.75;114
 14.5;  22.75;114
 14.25;  22.75;114
14;  22.75;114
 13.75;  22.75;114
 13.5;  22.75;114
 13.25;  22.75;114
13;  22.75;114
 12.75;  22.75;114
 12.5;  22.75;114
 12.25;  22.75;114
12;  22.75;7
 11.75;  22.75;7
 11.5;  22.75;7
 11.25;  22.75;7
11;  22.75;7
 10.75;  22.75;7
 10.5;  22.75;7
 10.25;  22.75;7
10;  22.75;7
 9.75;  22.75;7
 9.5;  22.75;7
 9.25;  22.75;7
9;  22.75;7
 8.75;  22.75;7
 8.5;  22.75;7
 8.25;  22.75;7
8;  23.25;7
 7.75;  22.75;89
 7.5;  22.75;127
 7.25;  22.75;127
7;  22.75;127
 6.75;  22.75;127
 6.5;  22.75;127
 6.25;23;127
6;  22.75;127
 5.75;  22.75;127
 5.5;  22.75;127
 5.25;  22.75;127
5;  22.75;127
 4.75;  22.75;127
 4.5;  22.75;127
 4.25;  22.75;127
4;23;127
 3.75;23;127
 3.5;  23.25;127
 3.25;  22.75;187
3;  22.75;187
 2.75;  22.75;187
 2.5;  22.75;187
2;  23.5;0
2;  23.5;0
 1.75;  23.25;0
 1.5;  23.25;0
 1.25;  23.25;0
1;  23.25;0
 0.75;  23.25;0
 0.5;  23.25;0
 0.25;  23.25;0
0;  23.25;0
47;  23.5;0
 46.75;  23.5;0
 46.5;  23.5;0
 46.25;  23.5;0
46;  23.5;0
 45.75;  23.5;0
 45.5;  23.5;0
 45.25;23;0
45;23;0
 44.75;23;0
 44.5;23;0
 44.25;23;0
 44.25;23;0
 44.25;23;0
 43.5;23;35
 43.25;23;35
43;23;35
 42.75;23;35
 42.5;23;35
 42.25;23;35
42;23;35
 41.75;23;35
 41.5;23;35
 41.25;23;35
41;23;35
 40.75;23;35
 40.5;23;35
 40.25;23;35
40;23;35
 39.75;23;35
 39.5;23;35
 39.25;23;35
39;23;35
 38.75;23;35
 38.5;23;35
 38.25;23;35
38;23;35
 37.75;23;35
 37.5;23;35
 37.25;23;147
37;23;147
 36.75;23;147
 36.5;23;147
 36.25;23;147
36;23;147
 35.75;23;147
 35.5;23;147
 35.25;23;147
35;23;147
 34.75;23;147
 34.5;23;147
34;  22.75;192
 33.75;23;192
 33.75;23;192
 33.75;23;192
 33.25;23;15
33;23;15
 32.75;23;15
 32.25;23;15
 32.25;23;15
32;23;15
 31.75;23;15
 31.5;23;15
 31.25;23;15
31;  23.5;15
 30.75;23;15
 30.5;  23.25;15
 30.25;23;15
30;  23.25;49
 29.75;23;49
 29.5;23;49
 29.25;23;49
29;23;49
 28.75;  23.25;49
 28.5;23;27
28;23;27
28;23;27
28;23;27
 27.5;  22.75;27
 27.25;  22.75;27
 26.75;23;108
 26.75;23;108
 26.5;23;108
 26.25;23;108
26;23;108
 25.75;23;108
 25.5;23;108
 25.25;23;108
25;23;108
 24.75;23;108
 24.5;23;108
 24.25;23;108
24;  23.25;108
 23.75;23;165
 23.5;23;165
 23.25;23;165
 23.25;23;165
 23.25;23;165
 22.25;23;165
 22.25;23;165
22;23;165
 21.75;23;165
 21.5;23;165
 21.25;23;165
21;23;165
 20.75;23;165
 20.5;  23.25;19
 20.25;  23.5;19
 20.25;  23.5;19
 19.5;23;189
 19.5;23;189
 19.25;23;189
19;  23.25;181
 18.75;  23.25;181
 18.5;23;181
 18.25;23;181
18;23;181
 17.75;23;181
 17.5;  23.25;181
 17.25;23;50
17;23;50
 16.75;23;50
 16.5;23;50
 16.25;  23.25;6
16;23;6
 15.75;23;6
 15.5;23;6
 15.25;23;6
15;23;6
 14.75;  23.25;6
 14.5;23;114
 14.25;23;114
14;23;114
 13.75;23;114
 13.5;23;114
 13.25;23;114
13;23;114
 12.75;23;114
 12.5;  23.5;7
 12.25;  23.25;7
12;23;7
 11.75;23;7
 11.5;23;7
 11.25;23;7
11;23;7
 10.75;23;7
 10.5;23;7
 10.25;23;7
10;23;7
 9.75;23;7
 9.5;23;7
 9.25;23;7
9;23;7
 8.75;23;7
 8.5;23;7
 8.25;23;7
8;  23.25;7
 7.75;  23.25;89
 7.5;  23.25;89
 7.25;23;127
7;23;127
 6.75;23;127
 6.5;23;127
 6.25;23;127
6;23;127
 5.75;23;127
 5.5;23;127
 5.25;23;127
5;23;127
 4.75;23;127
 4.5;23;127
 4.25;23;127
4;23;127
 3.75;23;127
 3.75;  23.25;127
 3.25;  22.75;187
 2.75;23;187
 2.75;23;187
2;  23.5;0
2;  23.5;0
2;  23.5;0
 1.75;  23.5;0
 1.5;  23.5;0
 1.25;  23.5;0
1;  23.5;0
 0.75;  23.5;0
 0.5;  23.5;0
 0.25;  23.5;0
0;  23.5;0
47;  23.75;0
 46.75;  23.75;0
 46.5;  23.75;0
 46.25;  23.75;0
46;  23.75;0
 45.75;  23.75;0
 45.5;  23.75;0
 45.25;  23.25;0
45;  23.25;0
 44.75;  23.25;0
 44.5;  23.25;0
 44.25;  23.25;0
 44.25;  23.25;0
 44.25;  23.25;0
 43.25;  23.25;35
 43.25;  23.25;35
43;  23.25;35
 42.75;  23.25;35
 42.5;  23.25;35
 42.25;  23.25;35
42;  23.25;35
 41.75;  23.25;35
 41.5;  23.25;35
 41.25;  23.25;35
41;  23.25;35
 40.75;  23.25;35
 40.5;  23.25;35
 40.25;  23.25;35
40;  23.25;35
 39.75;  23.25;35
 39.5;  23.25;35
 39.25;  23.25;35
39;  23.25;35
 38.75;  23.25;35
 38.5;  23.25;35
 38.25;  23.25;35
38;  23.25;35
 37.75;  23.25;35
 37.5;  23.25;35
 37.25;  23.25;147
37;  23.25;147
 36.75;  23.25;147
 36.5;  23.25;147
 36.25;  23.25;147
36;  23.25;147
 35.75;  23.25;147
 35.5;  23.25;147
 35.25;  23.25;147
35;  23.25;147
 34.75;  23.25;147
 34.5;  23.25;147
 34.5;  23.25;147
 33.75;  23.75;182
 33.75;  23.75;182
 33.5;  23.5;182
 33.25;  23.25;182
33;  23.5;182
 32.75;  23.5;182
 32.5;  23.25;182
 32.25;  23.5;182
 31.75;  23.25;15
 31.75;  23.25;15
 31.5;  23.25;15
 31.25;  23.25;15
31;  23.5;15
 30.75;  23.25;15
 30.5;  23.25;15
 30.25;  23.5;49
30;  23.25;49
 29.75;  23.25;49
 29.5;  23.25;49
 29.25;  23.25;49
29;  23.25;49
 28.75;  23.25;49
 28.5;  23.5;143
 28.25;  23.5;143
28;  23.5;143
28;  23.5;143
 27.5;  23.5;179
 27.25;  23.25;179
27;  23.5;179
 26.75;  23.25;108
 26.5;  23.25;108
 26.25;  23.25;108
26;  23.25;108
 25.75;  23.25;108
 25.5;  23.25;108
 25.25;  23.25;108
25;  23.25;108
 24.75;  23.25;108
 24.5;  23.25;108
 24.25;  23.25;108
24;  23.25;108
 23.75;  23.75;117
 23.5;  23.75;117
 23.25;  23.25;117
23;  23.5;117
 22.75;  23.25;117
 22.5;  23.5;117
 22.25;  23.25;165
22;  23.25;165
 21.75;  23.25;165
 21.5;  23.25;165
 21.25;  23.25;165
21;  23.75;19
 20.75;  23.25;19
 20.5;  23.25;19
 20.25;  23.5;19
20;  23.75;19
 19.5;  23.5;181
 19.5;  23.5;181
 19.25;  23.25;181
19;  23.25;181
 18.75;  23.25;181
 18.5;  23.25;181
 18.25;  23.25;181
18;  23.25;181
 17.75;  23.25;181
 17.5;  23.25;181
 17.25;  23.25;50
17;  23.25;50
 16.75;  23.25;50
 16.5;  23.25;6
 16.25;  23.25;6
16;  23.25;6
 15.75;  23.25;6
 15.5;  23.25;6
 15.25;  23.25;6
15;  23.25;6
 14.75;  23.25;6
 14.5;  23.5;6
14;  23.25;114
14;  23.25;114
 13.75;  23.25;114
 13.5;  23.25;114
 13.5;  23.25;114
13;23;114
 12.75;23;114
 12.5;  23.5;7
 12.25;  23.25;7
12;  23.25;7
 11.75;  23.25;7
 11.5;  23.25;7
 11.25;  23.25;7
11;  23.25;7
 10.75;  23.25;7
 10.5;  23.5;7
 10.25;  23.25;7
10;  23.25;7
 9.75;  23.25;7
 9.5;  23.25;7
 9.25;  23.25;7
9;  23.25;7
 8.75;  23.25;7
 8.5;  23.25;7
 8.25;  23.25;7
8;  23.25;7
 7.75;  23.25;89
 7.5;  23.25;89
 7.25;  23.25;127
7;  23.25;127
 6.75;  23.25;127
 6.5;  23.25;127
 6.25;  23.25;127
6;  23.25;127
 5.75;  23.25;127
 5.5;  23.25;127
 5.25;  23.25;127
5;  23.25;127
 4.75;  23.25;127
 4.5;  23.25;127
 4.25;  23.25;127
4;  23.5;127
 3.75;  23.25;127
 3.75;  23.25;127
 3.75;  23.25;127
 2.75;  23.25;187
 2.75;  23.25;187
2;  23.75;0
2;  23.75;0
2;  23.75;0
 1.75;  23.75;0
 1.5;  23.75;0
 1.25;  23.75;0
1;  23.75;0
 0.75;  23.75;0
 0.5;  23.75;0
 0.25;  23.75;0
0;  23.75;0
47;24;0
 46.75;24;0
 46.5;24;0
 46.25;24;0
46;24;0
 45.75;24;0
 45.5;24;0
 45.25;  23.5;0
45;  23.5;0
 44.75;  23.5;0
 44.5;  23.5;0
 44.25;  23.5;0
 44.25;  23.5;0
 44.25;  23.5;0
 43.25;  23.75;35
 43.25;  23.75;35
43;  23.5;35
 42.75;  23.5;35
 42.5;  23.5;35
 42.25;  23.5;35
42;  23.5;35
 41.75;  23.5;35
 41.5;  23.5;35
 41.25;  23.5;35
41;  23.5;35
 40.75;  23.5;35
 40.5;  23.5;35
 40.25;  23.5;35
40;  23.5;35
 39.75;  23.5;35
 39.5;  23.5;35
 39.25;  23.5;35
39;  23.5;35
 38.75;  23.5;35
 38.5;  23.5;35
 38.25;  23.5;35
38;  23.5;35
 37.75;  23.5;35
 37.5;  23.5;35
 37.25;  23.5;147
37;  23.5;147
 36.75;  23.5;147
 36.5;  23.5;147
 36.25;  23.5;147
36;  23.5;147
 35.75;  23.5;147
 35.5;  23.5;147
 35.25;  23.5;147
35;  23.5;147
 34.75;  23.5;147
 34.5;  23.5;147
 34.5;  23.5;147
 33.75;24;182
 33.75;24;182
 33.5;  23.5;182
 33.25;  23.5;182
33;  23.5;182
 32.75;  23.5;182
 32.5;  23.5;182
 32.25;  23.5;182
32;  23.5;182
 31.75;  23.75;182
 31.5;  23.5;15
 31.25;  23.5;15
31;  23.5;15
 30.75;24;49
 30.5;  23.75;49
 30.25;  23.5;49
30;  23.5;49
 29.75;  23.5;49
 29.5;  23.5;49
 29.25;  23.5;49
29;  23.5;49
 28.75;  23.5;49
 28.5;  23.5;143
 28.25;  23.5;143
28;  23.5;143
 27.75;  23.5;143
 27.5;  23.5;179
 27.25;  23.5;179
27;  23.5;179
 26.75;  23.5;108
 26.5;  23.5;108
 26.25;  23.5;108
26;  23.5;108
 25.75;  23.5;108
 25.5;  23.5;108
 25.25;  23.5;108
25;  23.5;108
 24.75;  23.5;108
 24.5;  23.5;108
 24.25;  23.5;108
24;  23.75;117
 23.75;  23.75;117
 23.5;  23.75;117
 23.25;  23.5;117
23;  23.5;117
 22.75;  23.5;117
 22.5;  23.5;117
 22.25;  23.75;117
22;  23.5;165
 21.75;  23.5;165
 21.5;  23.5;165
 21.25;  23.75;19
21;  23.75;19
 20.75;  23.5;19
 20.5;  23.5;19
 20.25;  23.5;19
20;  23.75;19
 19.75;24;19
 19.5;  23.5;181
 19.25;  23.5;181
19;  23.5;181
 18.75;  23.5;181
 18.5;  23.5;181
 18.25;  23.5;181
18;  23.5;181
 17.75;  23.5;181
 17.5;  23.5;181
17;  23.5;50
17;  23.5;50
 16.75;  23.5;6
 16.5;  23.5;6
 16.25;  23.5;6
16;  23.5;6
 15.75;  23.5;6
 15.5;  23.5;6
 15.25;  23.5;6
15;  23.5;6
 14.75;  23.5;6
 14.5;  23.5;6
 14.25;  23.5;40
14;  23.5;40
 13.75;  23.75;40
 13.5;  23.75;40
 13.25;  23.75;40
13;  24.25;40
13;  24.25;40
 12.5;  23.5;7
 12.25;  23.5;7
12;  23.5;7
 11.75;  23.5;7
 11.5;  23.5;7
 11.25;  23.5;7
11;  23.5;7
 10.75;  23.5;7
 10.5;  23.5;7
 10.25;  23.5;7
10;  23.5;7
 9.75;  23.5;7
 9.5;  23.5;7
 9.25;  23.5;7
9;  23.5;7
 8.75;  23.5;7
 8.5;  23.5;7
 8.25;  23.5;7
8;  23.5;7
 7.75;  23.5;89
 7.5;  23.5;89
 7.25;  23.5;89
7;  23.5;127
 6.75;  23.5;127
 6.5;  23.5;127
 6.25;  23.5;127
6;  23.5;127
 5.75;  23.5;127
 5.5;  23.5;127
 5.25;  23.5;127
5;  23.5;127
 4.75;  23.5;127
 4.5;  23.5;127
 4.25;  23.5;127
4;  23.5;127
 3.75;  23.5;127
 3.75;  23.5;127
 3.75;  23.5;127
 2.75;  23.25;187
 2.75;  23.25;187
 2.25;  24.25;0
 2.25;  24.25;0
2;24;0
 1.75;24;0
 1.5;24;0
 1.25;24;0
1;24;0
 0.75;24;0
 0.5;24;0
 0.25;24;0
0;24;0
47;  24.25;0
 46.75;  24.25;0
 46.5;  24.25;0
 46.25;  24.25;0
46;  24.25;0
 45.75;  24.25;0
 45.5;  24.25;0
 45.25;  23.75;0
45;  23.75;0
 44.75;  23.75;0
 44.5;  23.75;0
 44.25;  23.75;0
 44.25;  23.75;0
 44.25;  23.75;0
 43.25;  23.75;35
 43.25;  23.75;35
43;  23.75;35
 42.75;  23.75;35
 42.5;  23.75;35
 42.25;  23.75;35
42;  23.75;35
 41.75;  23.75;35
 41.5;  23.75;35
 41.25;  23.75;35
41;  23.75;35
 40.75;  23.75;35
 40.5;  23.75;35
 40.25;  23.75;35
40;  23.75;35
 39.75;  23.75;35
 39.5;  23.75;35
 39.25;  23.75;35
39;  23.75;35
 38.75;  23.75;35
 38.5;  23.75;35
 38.25;  23.75;35
38;  23.75;35
 37.75;  23.75;35
 37.5;  23.75;35
 37.25;  23.75;147
37;  23.75;147
 36.75;  23.75;147
 36.5;  23.75;147
 36.25;  23.75;147
36;  23.75;147
 35.75;  23.75;147
 35.5;  23.75;147
 35.25;  23.75;147
35;  23.75;147
 34.75;  23.75;147
 34.5;  23.75;147
 34.5;  23.75;147
 33.75;24;182
 33.75;24;182
 33.5;  23.75;182
 33.25;  23.75;182
33;  23.75;182
 32.75;  23.75;182
 32.5;  23.75;182
 32.25;  23.75;182
32;  23.75;182
 31.75;  23.75;182
 31.5;24;182
 31.25;  23.75;15
31;  23.75;15
 30.5;24;49
 30.5;  23.75;49
 30.25;  23.75;49
30;  23.75;49
 29.75;  23.75;49
 29.5;  23.75;49
 29.25;  23.75;49
29;  23.75;49
 28.75;  23.75;49
 28.5;  24.25;49
 28.25;  23.75;143
28;  23.75;143
 27.75;  23.75;143
 27.5;  23.75;179
 27.25;  23.75;179
27;  23.75;179
 26.75;24;179
 26.5;  23.75;108
 26.25;  23.75;108
26;  23.75;108
 25.75;  23.75;108
 25.5;  23.75;108
 25.25;  23.75;108
25;  23.75;108
 24.75;  23.75;108
 24.5;  23.75;108
 24.25;  24.25;117
24;  23.75;117
 23.75;  23.75;117
 23.5;  23.75;117
 23.25;  23.75;117
23;  23.75;117
 22.75;  23.75;117
 22.5;  23.75;117
 22.25;  23.75;117
22;24;117
 21.75;  23.75;165
 21.5;24;19
 21.25;  23.75;19
21;  23.75;19
 20.75;  23.75;19
 20.5;  23.75;19
 20.25;  23.75;19
20;  23.75;19
 19.75;24;19
 19.5;  23.75;181
 19.25;  23.75;181
19;  23.75;181
 18.75;  23.75;181
 18.5;  23.75;181
 18.25;  23.75;181
18;  23.75;181
 17.75;  23.75;181
 17.5;  23.75;181
17;  23.5;50
17;  23.75;6
 16.75;  23.75;6
 16.5;  23.75;6
 16.25;  23.75;6
16;  23.75;6
 15.75;  23.75;6
 15.5;  23.75;6
 15.25;  23.75;6
15;  23.75;6
 14.75;  23.75;6
 14.5;24;40
 14.25;  23.75;40
14;  23.75;40
 13.75;  23.75;40
 13.5;  23.75;40
 13.25;  23.75;40
13;  24.25;40
13;  24.25;40
 12.5;  23.75;7
 12.25;  23.75;7
12;  23.75;7
 11.75;  23.75;7
 11.5;  23.75;7
 11.25;  23.75;7
11;  23.75;7
 10.75;  23.75;7
 10.5;  23.75;7
 10.25;  23.75;7
10;  23.75;7
 9.75;  23.75;7
 9.5;  23.75;7
 9.25;  23.75;7
9;  23.75;7
 8.75;  23.75;7
 8.5;  23.75;7
 8.25;  23.75;7
8;  23.75;7
 7.75;  23.75;89
 7.5;  23.75;89
 7.25;  23.75;89
7;  23.75;127
 6.75;24;127
 6.5;  23.75;127
 6.25;  23.75;127
6;  23.75;127
 5.75;  23.75;127
 5.5;  23.75;127
 5.25;  23.75;127
5;  23.75;127
 4.75;  23.75;127
 4.5;  23.75;127
 4.25;  23.75;127
4;  23.75;127
4;24;127
 3.75;  23.5;127
 3.75;  23.5;127
 2.75;  23.25;187
 2.25;  24.25;0
 2.25;  24.25;0
 2.25;  24.25;0
2;  24.25;0
 1.75;  24.25;0
 1.5;  24.25;0
 1.25;  24.25;0
1;  24.25;0
 0.75;  24.25;0
 0.5;  24.25;0
 0.25;  24.25;0
0;  24.25;0
47;  24.5;0
 46.75;  24.5;0
 46.5;  24.5;0
 46.25;  24.5;0
46;  24.5;0
 45.75;  24.5;0
 45.5;  24.5;0
 45.25;24;0
45;24;0
 44.75;24;0
 44.5;24;0
 44.25;24;0
 44.25;24;0
 44.25;24;0
 43.25;24;35
 43.25;24;35
43;24;35
 42.75;24;35
 42.5;24;35
 42.25;24;35
42;24;35
 41.75;24;35
 41.5;24;35
 41.25;24;35
41;24;35
 40.75;24;35
 40.5;24;35
 40.25;24;35
40;24;35
 39.75;24;35
 39.5;24;35
 39.25;24;35
39;24;35
 38.75;24;35
 38.5;24;35
 38.25;24;35
38;24;35
 37.75;24;35
 37.75;24;35
 37.25;24;147
37;24;147
 36.75;24;147
 36.5;24;147
 36.25;24;147
36;24;147
 35.75;24;147
 35.5;24;147
 35.25;24;147
35;24;147
 34.75;24;147
 34.5;24;147
 34.5;24;147
 33.75;24;182
 33.75;24;182
 33.5;24;182
 33.25;24;182
33;24;182
 32.75;24;182
 32.5;24;182
 32.25;24;182
32;24;182
 31.75;24;182
 31.5;24;182
 31.25;  23.75;15
31;  23.75;15
 30.5;24;49
 30.5;24;49
 30.25;24;49
30;24;49
 29.75;24;49
 29.5;24;49
 29.25;24;49
29;24;49
 28.75;24;49
 28.5;  24.25;49
 28.25;24;143
28;24;143
 27.75;24;143
 27.5;  24.5;143
 27.25;24;179
27;24;179
 26.75;24;179
 26.5;  24.5;179
 26.25;24;108
26;24;108
 25.75;24;108
 25.5;24;108
 25.25;24;108
25;24;108
 24.75;24;108
 24.5;24;108
 24.25;  24.25;117
24;24;117
 23.75;24;117
 23.5;24;117
 23.25;24;117
23;24;117
 22.75;24;117
 22.5;24;117
 22.25;24;117
22;24;117
 21.75;  24.25;19
 21.5;24;19
 21.25;24;19
21;24;19
 20.75;24;19
 20.5;24;19
 20.25;24;19
20;24;19
 19.75;24;19
 19.5;  24.25;19
 19.25;24;181
19;24;181
 18.75;24;181
 18.5;24;181
 18.25;24;181
18;24;181
 17.75;24;181
 17.5;24;181
 17.5;24;181
 16.75;24;6
 16.75;24;6
 16.5;24;6
 16.25;24;6
16;24;6
 15.75;24;6
 15.5;24;6
 15.25;24;6
15;  24.25;40
 14.75;24;40
 14.5;24;40
 14.25;24;40
14;  24.25;40
 13.75;24;40
 13.5;24;40
 13.25;24;40
13;  24.5;40
 12.75;  24.75;40
 12.5;24;7
 12.25;24;7
12;24;7
 11.75;24;7
 11.5;24;7
 11.25;24;7
11;24;7
 10.75;24;7
 10.5;24;7
 10.25;24;7
10;24;7
 9.75;24;7
 9.5;24;7
 9.25;24;7
9;24;7
 8.75;24;7
 8.5;24;7
 8.25;24;7
8;24;7
 7.75;24;89
 7.5;24;89
 7.25;24;89
7;24;89
 6.75;24;127
 6.5;24;127
 6.25;24;127
6;24;127
 5.75;24;127
 5.5;24;127
 5.25;24;127
5;24;127
 4.75;24;127
 4.5;24;127
 4.25;24;127
4;24;127
4;24;127
4;24;127
 3.25;  24.25;174
3;  24.5;174
 2.75;  24.75;174
2;  24.5;0
2;  24.5;0
2;  24.5;0
 1.75;  24.5;0
 1.5;  24.5;0
 1.25;  24.5;0
1;  24.5;0
 0.75;  24.5;0
 0.5;  24.5;0
 0.25;  24.5;0
0;  24.5;0
47;  24.75;0
 46.75;  24.75;0
 46.5;  24.75;0
 46.25;  24.75;0
46;  24.75;0
 45.75;  24.75;0
 45.5;  24.75;0
 45.25;  24.25;0
45;  24.25;0
 44.75;  24.25;0
 44.5;  24.25;0
 44.25;  24.25;0
 44.25;  24.25;0
 44.25;  24.25;0
43;  24.25;35
43;  24.25;35
43;  24.25;35
 42.75;  24.25;35
 42.5;  24.25;35
 42.25;  24.25;35
42;  24.25;35
 41.75;  24.25;35
 41.5;  24.25;35
 41.25;  24.25;35
41;  24.25;35
 40.75;  24.25;35
 40.5;  24.25;35
 40.25;  24.25;35
40;  24.25;35
 39.75;  24.25;35
 39.5;  24.25;35
 39.25;  24.25;35
39;  24.25;35
 38.75;  24.25;35
 38.5;  24.25;35
 38.25;  24.25;35
38;  24.25;35
 37.75;  24.25;35
 37.5;  24.5;147
 37.25;  24.25;147
37;  24.25;147
 36.75;  24.25;147
 36.5;  24.25;147
 36.25;  24.25;147
36;  24.25;147
 35.75;  24.25;147
 35.5;  24.25;147
 35.25;  24.25;147
35;  24.25;147
 34.75;  24.25;147
 34.5;  24.25;147
 34.5;  24.25;147
 33.75;  24.25;182
 33.75;  24.25;182
 33.5;  24.25;182
 33.25;  24.25;182
33;  24.25;182
 32.75;  24.25;182
 32.5;  24.25;182
 32.25;  24.25;182
32;  24.25;182
 31.75;  24.25;182
 31.5;  24.25;182
 31.5;  24.25;182
 30.5;24;49
 30.5;24;49
 30.5;24;49
 30.25;24;49
30;24;49
 29.75;  24.5;104
 29.5;  24.5;104
 29.25;  24.5;104
29;  24.25;49
 28.75;  24.25;49
 28.5;  24.25;49
 28.25;  24.25;143
28;  24.25;143
 27.75;  24.25;143
 27.5;  24.5;143
 27.25;  24.25;179
27;  24.25;179
 26.75;  24.25;179
 26.5;  24.5;179
 26.25;  24.25;108
26;  24.25;108
 25.75;  24.25;108
 25.5;  24.25;108
 25.25;  24.25;108
25;  24.25;108
 24.75;  24.25;108
 24.5;  24.5;117
 24.25;  24.25;117
24;  24.25;117
 23.75;  24.25;117
 23.5;  24.25;117
 23.25;  24.25;117
23;  24.25;117
 22.75;  24.25;117
 22.5;  24.25;117
 22.25;  24.25;117
22;  24.5;117
 21.75;  24.25;19
 21.5;  24.25;19
 21.25;  24.25;19
21;  24.25;19
 20.75;  24.25;19
 20.5;  24.25;19
 20.25;  24.25;19
20;  24.25;19
 19.75;  24.25;19
 19.5;  24.25;19
 19.25;  24.5;19
 18.75;  24.25;181
 18.75;  24.25;181
 18.5;  24.25;181
 18.25;  24.25;181
18;  24.75;163
 17.75;  24.75;163
 17.5;  24.75;163
 17.25;  24.5;163
17;  24.5;163
 16.5;  24.25;6
 16.5;  24.25;6
 16.25;  24.25;6
 15.75;  24.25;6
 15.75;  24.25;6
 15.75;  24.25;6
 15.25;  24.75;40
15;  24.25;40
 14.75;  24.25;40
 14.5;  24.25;40
 14.25;  24.25;40
14;  24.25;40
 13.75;  24.25;40
 13.5;  24.25;40
 13.25;  24.25;40
13;  24.5;40
 12.75;  24.75;40
 12.5;  24.25;7
 12.25;  24.25;7
12;  24.25;7
 11.75;  24.25;7
 11.5;  24.25;7
 11.25;  24.25;7
11;  24.25;7
 10.75;  24.25;7
 10.5;  24.25;7
 10.25;  24.25;7
10;  24.5;7
 9.75;  24.25;7
 9.5;  24.25;7
 9.25;  24.25;7
9;  24.25;7
 8.75;  24.25;7
 8.5;  24.25;7
 8.25;  24.25;7
8;  24.25;7
 7.75;  24.25;89
 7.5;  24.25;89
 7.25;  24.25;89
7;  24.25;89
7;  24.5;89
 6.5;  24.25;127
 6.25;  24.25;127
6;  24.25;127
 5.75;  24.25;127
 5.5;  24.25;127
 5.25;  24.25;127
5;  24.25;127
 4.75;  24.25;127
 4.5;  24.25;127
 4.25;  24.25;127
 4.25;  24.5;127
 3.75;  24.5;174
 3.5;  24.25;174
 3.25;  24.25;174
3;  24.5;174
 2.75;  24.75;174
 2.75;  24.75;174
2;25;0
2;25;0
 1.75;  24.75;0
 1.5;  24.75;0
 1.25;  24.75;0
1;  24.75;0
 0.75;  24.75;0
 0.5;  24.75;0
 0.25;  24.75;0
0;  24.75;0
47;25;0
 46.75;25;0
 46.5;25;0
 46.25;25;0
46;25;0
 45.75;25;0
 45.5;25;0
 45.25;25;0
45;  24.5;0
 44.75;  24.5;0
 44.5;  24.5;0
 44.25;  24.5;0
 44.25;  24.5;0
 44.25;  24.5;0
 43.25;  24.5;156
 43.25;  24.5;156
43;  24.75;156
 42.75;  24.5;35
 42.5;  24.5;35
 42.25;  24.5;35
42;  24.5;35
 41.5;  24.5;35
 41.5;  24.5;35
41;  24.5;35
41;  24.5;35
 40.75;  24.5;35
 40.5;  24.5;35
40;  24.5;35
40;  24.5;35
 39.75;  24.5;35
 39.5;  24.5;35
 39.25;  24.5;35
39;  24.5;35
 38.75;  24.5;35
 38.5;  24.5;35
 38.25;  24.5;35
38;  24.5;35
38;  24.75;35
 37.5;  24.5;147
 37.25;  24.5;147
37;  24.5;147
 36.75;  24.5;147
 36.5;  24.5;147
 36.25;  24.5;147
36;  24.5;147
 35.75;  24.5;147
 35.5;  24.5;147
 35.25;  24.5;147
35;  24.5;147
 34.75;  24.5;147
 34.5;25;45
 34.25;  24.75;45
34;  24.75;45
 33.75;  24.5;182
 33.5;  24.5;182
 33.25;  24.5;182
33;  24.5;182
 32.75;  24.5;182
 32.5;  24.5;182
 32.25;  24.5;182
32;  24.5;182
 31.75;  24.5;182
 31.75;  24.75;182
 31.75;  24.75;182
 30.5;24;49
 30.5;24;49
 30.5;  25.25;104
 30.25;25;104
30;  24.75;104
 29.75;  24.5;104
 29.5;  24.5;104
 29.25;  24.5;104
29;  24.75;104
 28.75;  24.5;104
 28.5;  24.75;104
28;  24.5;143
28;  24.5;143
 27.75;  24.5;143
 27.5;  24.5;143
 27.25;  24.5;179
27;  24.5;179
 26.75;  24.5;179
 26.5;  24.5;179
 26.25;  24.75;179
26;  24.75;179
25;  24.5;108
25;  24.5;108
 25.25;  24.75;117
25;  24.75;117
 24.75;  24.5;117
 24.5;  24.5;117
 24.25;  24.5;117
24;  24.5;117
 23.75;  24.5;117
 23.5;  24.5;117
 23.25;  24.5;117
23;  24.5;117
 22.75;  24.5;117
 22.5;  24.5;117
 22.25;  24.75;117
22;  24.5;117
 21.75;  24.5;19
 21.5;  24.5;19
 21.25;  24.5;19
21;  24.5;19
 20.75;  24.5;19
 20.5;  24.5;19
 20.25;  24.5;19
20;  24.5;19
 19.75;  24.5;19
 19.5;  24.5;19
 19.25;  24.5;19
19;  24.75;19
 18.5;  24.5;181
 18.5;  24.5;181
 18.25;25;163
18;  24.75;163
 17.75;  24.75;163
 17.5;  24.75;163
 17.25;  24.5;163
17;  24.5;163
 16.75;  24.75;163
 16.5;25;163
 16.25;  24.75;163
16;25;40
 15.75;  24.75;40
 15.5;25;40
 15.25;  24.75;40
15;  24.5;40
 14.75;  24.5;40
 14.5;  24.5;40
 14.25;  24.5;40
14;  24.5;40
 13.75;  24.5;40
 13.5;  24.5;40
 13.25;  24.5;40
13;  24.5;40
 12.75;  24.75;40
 12.5;  24.5;7
 12.25;  24.5;7
12;  24.5;7
 11.75;  24.5;7
 11.5;  24.5;7
 11.25;  24.5;7
11;  24.5;7
 10.75;  24.5;7
 10.5;  24.5;7
 10.25;  24.5;7
10;  24.5;7
 9.75;  24.5;7
 9.5;  24.5;7
 9.25;  24.5;7
9;  24.5;7
 8.75;  24.5;7
 8.5;  24.5;7
 8.25;  24.5;7
8;  24.5;7
 7.5;  24.5;89
 7.5;  24.5;89
 7.25;  24.5;89
7;  24.5;89
7;  24.5;89
 6.5;  24.5;127
 6.25;  24.5;127
6;  24.5;127
 5.75;  24.75;127
 5.5;  24.5;127
 5.25;  24.5;127
5;  24.5;127
 4.75;  24.5;127
 4.5;  24.5;127
 4.25;  24.5;127
 4.25;  24.5;127
 3.75;  24.5;174
 3.5;  24.5;174
 3.25;  24.5;174
3;  24.5;174
 2.75;  24.75;174
2;25;0
2;25;0
2;25;0
 1.75;25;0
 1.5;25;0
 1.25;25;0
1;25;0
 0.75;25;0
 0.5;25;0
 0.25;25;0
0;25;0
47;  25.25;0
 46.75;  25.25;0
 46.5;  25.25;0
 46.25;  25.25;0
46;  25.25;0
 45.75;  25.25;0
 45.5;  25.25;0
 45.25;25;0
 44.75;  24.75;0
 44.75;  24.75;0
 44.5;  24.75;0
 44.25;  24.75;0
 44.25;  24.75;0
 44.25;  24.75;0
 43.25;  24.75;156
 43.25;  24.75;156
43;  24.75;156
 42.75;  25.25;156
 42.5;  25.25;132
 42.25;25;132
42;25;132
 41.75;25;132
 41.5;  25.5;132
 41.25;  24.75;8
41;25;8
 40.75;25;8
 40.5;25;8
 40.25;  25.25;8
 39.5;  24.75;35
39;  24.75;35
39;  24.75;35
39;  24.75;35
39;  24.75;35
 38.75;  24.75;35
 38.5;  24.75;35
 38.25;  24.75;35
38;  24.75;35
38;  24.75;35
 37.5;  24.75;147
 37.25;  24.75;147
37;  24.75;147
 36.75;  24.75;147
 36.5;  24.75;147
 36.25;  24.75;147
36;  24.75;147
36;  24.75;147
 35.5;  25.25;45
 35.25;25;45
 35.25;25;45
 34.75;25;45
 34.5;25;45
 34.25;  24.75;45
34;  24.75;45
 33.75;  25.25;45
 33.5;25;45
 33.25;  24.75;182
 32.75;  24.75;182
 32.75;  24.75;182
 32.5;  24.75;182
 32.25;  24.75;182
32;  24.75;182
 31.75;  24.75;182
 31.75;  24.75;182
 31.75;  24.75;182
31;  25.5;104
 30.75;  25.5;104
 30.5;  25.25;104
 30.25;25;104
30;  24.75;104
 29.75;  24.75;104
 29.5;  24.75;104
 29.25;  24.75;104
29;  24.75;104
 28.75;25;104
 28.5;  24.75;104
 28.25;  25.25;104
28;  24.75;143
 27.75;  24.75;143
 27.5;  24.75;143
 27.25;  24.75;179
27;  24.75;179
 26.75;  24.75;179
 26.5;  24.75;179
 26.25;  24.75;179
26;  24.75;179
26;25;179
 25.5;25;117
 25.25;  24.75;117
25;  24.75;117
 24.75;  24.75;117
 24.5;  24.75;117
 24.25;  24.75;117
24;  24.75;117
 23.75;  24.75;117
 23.5;  24.75;117
 23.25;  24.75;117
23;  24.75;117
 22.75;  24.75;117
 22.5;  24.75;117
 22.25;  24.75;117
22;  24.75;19
 21.75;  24.75;19
 21.5;  24.75;19
 21.25;  24.75;19
21;  24.75;19
 20.75;  24.75;19
 20.5;  24.75;19
 20.25;  24.75;19
20;  24.75;19
 19.75;  24.75;19
 19.5;  24.75;19
 19.25;  24.75;19
19;  24.75;19
 18.5;  24.5;181
 18.5;25;163
 18.25;25;163
18;  24.75;163
 17.75;  24.75;163
 17.5;  24.75;163
 17.25;  24.75;163
17;  24.75;163
 16.75;  24.75;163
 16.5;25;163
 16.25;  24.75;163
16;  25.25;40
 15.75;  24.75;40
 15.5;25;40
 15.25;  24.75;40
15;  24.75;40
 14.75;  24.75;40
 14.5;  24.75;40
 14.25;  24.75;40
14;  24.75;40
 13.75;  24.75;40
 13.5;  24.75;40
 13.25;  24.75;40
13;  24.75;40
 12.75;  24.75;40
 12.5;  24.75;7
 12.25;  24.75;7
12;  24.75;7
 11.75;  24.75;7
 11.5;  24.75;7
 11.25;  24.75;7
11;  24.75;7
 10.75;  24.75;7
 10.5;  24.75;7
 10.25;  24.75;7
10;  24.75;7
 9.75;  24.75;7
 9.5;  24.75;7
 9.25;  24.75;7
9;  24.75;7
 8.75;  24.75;7
 8.5;  24.75;7
 8.25;  24.75;7
8;  24.75;7
 7.75;25;169
 7.5;25;169
 7.25;25;169
7;25;169
 6.75;  24.75;169
 6.5;25;169
 6.25;  25.25;169
6;  24.75;127
 5.75;  24.75;127
 5.5;  24.75;127
 5.25;  24.75;127
5;  24.75;127
 4.75;  24.75;127
 4.5;  24.75;127
 4.5;  24.75;127
 3.75;  24.75;174
 3.75;  24.75;174
 3.5;  24.75;174
 3.25;  24.75;174
3;  24.75;174
 2.75;  24.75;174
2;  25.25;0
2;  25.25;0
2;  25.25;0
 1.75;  25.25;0
 1.5;  25.25;0
 1.25;  25.25;0
1;  25.25;0
 0.75;  25.25;0
 0.5;  25.25;0
 0.25;  25.25;0
0;  25.25;0
47;  25.5;0
 46.75;  25.5;0
 46.5;  25.5;0
 46.25;  25.5;0
46;  25.5;0
 45.75;  25.5;0
 45.5;  25.5;0
 45.5;  25.5;0
45;25;0
 44.75;25;0
 44.5;25;0
 44.25;25;0
 44.25;25;0
 44.25;25;0
 43.5;  25.5;156
 43.25;25;156
43;25;156
 42.75;  25.25;156
 42.5;  25.25;132
 42.25;25;132
42;25;132
 41.75;25;132
 41.5;  25.5;132
 41.25;25;8
41;25;8
 40.75;25;8
 40.5;25;8
 40.5;25;8
 39.5;  24.75;35
 39.75;  25.5;162
 39.5;  25.75;162
 39.25;  25.5;162
39;  25.5;162
 38.75;  25.5;162
 38.5;  25.5;162
 38.5;  25.5;162
38;  24.75;35
38;  24.75;35
 37.5;25;147
 37.25;25;147
37;25;147
 36.75;25;147
 36.5;25;147
 36.25;25;147
36;  25.25;45
 35.75;  25.25;45
 35.5;  25.25;45
 35.25;25;45
35;  25.25;45
 34.75;25;45
 34.5;25;45
 34.25;25;45
34;25;45
 33.75;  25.5;45
 33.5;25;45
 33.25;  25.25;45
33;  25.25;45
 32.5;25;182
 32.5;25;182
 32.25;25;182
32;25;182
 31.75;25;182
 31.75;25;182
 31.75;25;182
31;  25.5;104
 30.75;  25.5;104
 30.5;  25.25;104
 30.25;25;104
30;25;104
 29.75;25;104
 29.5;25;104
 29.25;25;104
29;  25.25;104
 28.75;25;104
 28.5;25;104
 28.25;  25.25;104
28;25;143
 27.75;25;143
 27.5;25;143
 27.25;25;143
27;25;179
 26.75;25;179
 26.5;25;179
 26.25;25;179
26;25;179
26;25;179
 25.5;25;117
 25.25;25;117
25;25;117
 24.75;25;117
 24.5;25;117
 24.25;25;117
24;25;117
 23.75;25;117
 23.5;25;117
 23.25;25;117
23;25;117
 22.75;25;117
 22.5;25;117
 22.25;25;117
22;25;19
 21.75;25;19
 21.5;25;19
 21.25;25;19
21;25;19
 20.75;25;19
 20.5;25;19
 20.25;25;19
20;25;19
 19.75;25;19
 19.5;25;19
 19.25;25;19
19;25;19
19;25;19
 18.5;25;163
 18.25;25;163
18;25;163
 17.75;25;163
 17.5;25;163
 17.25;25;163
17;25;163
 16.75;  25.25;163
 16.5;25;163
 16.25;25;163
16;  25.25;40
 15.75;25;40
 15.5;25;40
 15.25;25;40
15;25;40
 14.75;  25.25;40
 14.5;25;40
 14.25;25;40
14;25;40
 13.75;25;40
 13.5;25;40
 13.25;25;40
13;25;40
 12.75;25;40
 12.5;25;40
 12.25;25;7
12;25;7
 11.75;25;7
 11.5;25;7
 11.25;25;7
11;25;7
 10.75;25;7
 10.5;25;7
 10.25;25;7
10;25;7
 9.75;25;7
 9.5;25;7
 9.25;25;7
9;25;7
 8.75;25;7
 8.5;25;7
 8.25;25;7
8;25;7
 7.75;25;169
 7.5;25;169
 7.25;25;169
7;25;169
 6.75;  25.25;169
 6.5;25;169
 6.25;  25.25;169
6;25;169
 5.75;  25.25;169
 5.25;25;127
 5.25;25;127
5;25;127
 4.75;25;127
 4.5;25;127
 4.25;  25.25;97
4;  25.25;97
 3.75;  25.5;97
 3.5;25;174
 3.25;25;174
3;25;174
 2.75;25;174
 2.75;  25.25;174
 1.75;  25.5;0
 1.75;  25.5;0
 1.75;  25.5;0
 1.5;  25.5;0
 1.25;  25.5;0
1;  25.5;0
 0.75;  25.5;0
 0.5;  25.5;0
 0.25;  25.5;0
0;  25.5;0
47;  25.75;0
 46.75;  25.75;0
 46.5;  25.75;0
 46.25;  25.75;0
46;  25.75;0
 45.75;  25.75;0
 45.5;  25.75;0
 45.5;  25.75;0
45;  25.25;0
 44.75;  25.25;0
 44.5;  25.25;0
 44.25;  25.25;0
 44.25;  25.25;0
 44.25;  25.25;0
 43.5;  25.5;156
 43.25;  25.25;156
43;  25.25;156
 42.75;  25.25;156
 42.5;  25.25;132
 42.25;  25.5;132
42;  25.25;132
 41.75;  25.25;132
 41.5;  25.5;132
 41.25;  25.25;8
41;  25.25;8
 40.75;  25.25;8
 40.5;  25.25;8
 40.25;  25.75;162
40;  25.75;162
 39.75;  25.5;162
 39.5;  25.75;162
 39.25;  25.5;162
39;  25.5;162
 38.75;  25.5;162
 38.5;  25.5;162
 38.25;  25.5;162
 38.25;  25.5;162
 37.5;  25.25;147
 37.5;  25.25;147
 37.25;  25.25;147
37;  25.25;147
 36.75;  25.25;147
 36.5;  25.25;147
 36.25;  25.5;45
36;  25.25;45
 35.75;  25.25;45
 35.5;  25.25;45
 35.25;  25.25;45
35;  25.25;45
 34.75;  25.25;45
 34.5;  25.25;45
 34.25;  25.25;45
34;  25.25;45
 33.75;  25.5;45
 33.5;  25.25;45
 33.25;  25.25;45
33;  25.25;45
 32.75;  25.5;45
 32.5;  25.5;45
 32.25;  25.25;182
32;  25.25;182
32;  25.25;182
 31.5;  25.5;104
 31.25;  25.5;104
31;  25.5;104
 30.75;  25.5;104
 30.5;  25.25;104
 30.25;  25.25;104
30;  25.25;104
 29.75;  25.25;104
 29.5;  25.25;104
 29.25;  25.25;104
29;  25.25;104
 28.75;  25.25;104
 28.5;  25.25;104
 28.25;  25.25;104
28;  25.75;104
 27.75;  25.25;143
 27.5;  25.25;143
 27.25;  25.25;143
27;  25.25;179
 26.75;  25.25;179
 26.5;  25.25;179
 26.25;  25.25;179
26;  25.25;179
26;  25.25;179
 25.5;  25.25;117
 25.25;  25.25;117
25;  25.25;117
 24.75;  25.25;117
 24.5;  25.25;117
 24.25;  25.25;117
24;  25.25;117
 23.75;  25.25;117
 23.5;  25.25;117
 23.25;  25.25;117
23;  25.25;117
 22.75;  25.25;117
 22.5;  25.25;117
 22.25;  25.25;19
22;  25.25;19
 21.75;  25.25;19
 21.5;  25.25;19
 21.25;  25.25;19
21;  25.25;19
 20.75;  25.25;19
 20.5;  25.25;19
 20.25;  25.25;19
20;  25.25;19
 19.5;  25.25;19
 19.5;  25.25;19
 19.25;  25.5;136
 19.25;  25.5;136
 18.75;  25.5;163
 18.5;  25.25;163
 18.25;  25.25;163
18;  25.25;163
 17.75;  25.25;163
 17.5;  25.25;163
 17.25;  25.25;163
17;  25.25;163
 16.75;  25.25;163
 16.5;  25.25;163
 16.25;  25.25;163
16;  25.25;40
 15.75;  25.25;40
 15.5;  25.25;40
 15.25;  25.25;40
15;  25.25;40
 14.75;  25.25;40
 14.5;  25.25;40
 14.25;  25.25;40
14;  25.25;40
 13.75;  25.25;40
 13.5;  25.25;40
 13.25;  25.25;40
13;  25.25;40
 12.75;  25.25;40
 12.5;  25.25;40
 12.25;  25.75;40
12;  25.25;7
 11.75;  25.25;7
 11.5;  25.25;7
 11.25;  25.25;7
11;  25.25;7
 10.75;  25.25;7
 10.5;  25.25;7
 10.25;  25.25;7
10;  25.25;7
 9.75;  25.25;7
 9.5;  25.25;7
 9.25;  25.25;7
9;  25.25;7
 8.75;  25.25;7
 8.5;  25.25;7
 8.25;  25.25;7
 8.25;  25.5;7
 7.75;  25.25;169
 7.5;  25.25;169
 7.25;  25.25;169
7;  25.25;169
 6.75;  25.25;169
 6.5;  25.25;169
 6.25;  25.25;169
6;  25.25;169
 5.75;  25.25;169
 5.5;  25.5;169
 5.25;  25.5;169
5;  25.25;127
 4.5;  25.25;127
 4.5;  25.25;127
 4.25;  25.25;97
4;  25.25;97
 3.75;  25.5;97
 3.5;  25.5;97
 3.25;  25.75;97
3;  25.25;174
 2.75;  25.25;174
 2.75;  25.25;174
 1.75;  25.75;0
 1.75;  25.75;0
 1.75;  25.75;0
 1.5;  25.75;0
 1.25;  25.75;0
1;  25.75;0
 0.75;  25.75;0
 0.5;  25.75;0
 0.25;  25.75;0
0;  25.75;0
47;26;0
 46.75;26;0
 46.5;26;0
 46.25;26;0
46;26;0
 45.75;26;0
 45.5;26;0
 45.5;26;0
45;  25.5;0
 44.75;  25.5;0
 44.5;  25.5;0
 44.25;  25.5;0
 44.25;  25.5;0
 44.25;  25.5;0
 43.5;  25.5;156
 43.25;  25.5;156
43;  25.5;156
 42.75;  25.5;156
 42.5;  25.5;132
 42.25;  25.5;132
42;  25.5;132
 41.75;26;132
 41.5;  25.5;132
 41.25;  25.5;8
41;  25.5;8
 40.75;  25.5;8
 40.5;  25.75;162
 40.25;  25.75;162
40;  25.75;162
 39.75;  25.5;162
 39.5;  25.75;162
 39.25;  25.5;162
39;  25.5;162
 38.75;  25.5;162
 38.5;  25.5;162
 38.25;  25.5;162
 38.25;  25.5;162
 37.5;  25.5;147
 37.5;  25.5;147
 37.25;  25.5;147
37;  25.5;147
 36.75;26;45
 36.5;  25.75;45
 36.25;  25.5;45
36;  25.5;45
 35.75;  25.5;45
 35.5;  25.5;45
 35.25;  25.5;45
35;  25.5;45
 34.75;  25.5;45
 34.5;  25.5;45
 34.25;  25.5;45
34;  25.5;45
 33.75;  25.5;45
 33.5;  25.5;45
 33.25;  25.5;45
33;  25.5;45
 32.75;  25.5;45
 32.5;  25.5;45
 32.25;26;45
32;  25.75;45
32;  25.75;45
 31.5;  25.5;104
 31.25;  25.5;104
31;  25.5;104
 30.75;  25.5;104
 30.5;  25.5;104
 30.25;  25.5;104
30;  25.5;104
 29.75;  25.5;104
 29.5;  25.5;104
 29.25;  25.5;104
29;  25.5;104
 28.75;  25.5;104
 28.5;  25.5;104
 28.25;  25.5;104
28;  25.75;104
 27.75;  25.5;143
 27.5;  25.75;143
 27.25;  25.5;143
27;  25.75;143
 26.75;  25.5;179
 26.5;  25.5;179
 26.25;  25.5;179
26;  25.5;179
26;  25.5;179
 25.5;  25.5;117
 25.25;  25.5;117
25;  25.5;117
 24.75;  25.5;117
 24.5;  25.5;117
 24.25;  25.5;117
24;  25.5;117
 23.75;  25.5;117
 23.5;  25.5;117
 23.25;  25.5;117
23;  25.5;117
 22.75;  25.5;117
 22.5;  25.5;117
 22.25;  25.5;19
22;  25.5;19
 21.75;  25.5;19
 21.5;  25.5;19
 21.25;  25.5;19
21;  25.5;19
 20.75;  25.5;19
 20.5;  25.5;19
 20.25;  25.5;19
20;  25.5;19
 19.75;  25.75;136
 19.5;  25.75;136
 19.25;  25.5;136
19;  25.5;136
 18.75;  25.5;163
 18.5;  25.5;163
 18.25;  25.5;163
18;  25.5;163
 17.75;  25.75;163
 17.5;  25.5;163
 17.25;  25.5;163
17;  25.5;163
 16.75;  25.5;163
 16.5;  25.5;163
 16.25;  25.5;163
16;  25.5;40
 15.75;  25.5;40
 15.5;  25.5;40
 15.25;  25.5;40
15;  25.5;40
 14.75;  25.5;40
 14.5;  25.5;40
 14.25;  25.5;40
14;  25.5;40
 13.75;  25.5;40
 13.5;  25.5;40
 13.25;  25.5;40
13;  25.5;40
 12.75;  25.5;40
 12.5;  25.5;40
 12.25;  25.75;40
12;26;40
 11.75;  25.5;7
 11.5;  25.5;7
 11.25;  25.5;7
11;  25.5;7
 10.75;  25.5;7
 10.5;  25.5;7
 10.25;  25.5;7
10;  25.5;7
 9.75;  25.5;7
 9.5;  25.5;7
 9.25;  25.5;7
9;  25.5;7
 8.75;  25.5;7
 8.5;  25.5;7
 8.25;  25.5;7
 8.25;  25.5;7
 7.75;  25.5;169
 7.5;  25.5;169
 7.25;  25.5;169
7;  25.5;169
 6.75;  25.5;169
 6.5;  25.75;169
 6.25;  25.5;169
6;  25.5;169
 5.75;  25.5;169
 5.5;  25.5;169
 5.25;  25.5;169
5;26;97
 4.75;  25.75;97
 4.5;  25.75;97
 4.25;  25.5;97
4;  25.5;97
 3.75;  25.5;97
 3.5;  25.5;97
 3.25;  25.75;97
3;  25.75;97
 2.75;  25.5;174
 2.75;  25.5;174
2;  26.25;0
2;  26.25;0
 1.75;26;0
 1.5;26;0
 1.25;26;0
1;26;0
 0.75;26;0
 0.5;26;0
 0.25;26;0
0;26;0
47;  26.25;0
 46.75;  26.25;0
 46.5;  26.25;0
 46.25;  26.25;0
46;  26.25;0
 45.75;  26.25;0
 45.5;  26.25;0
 45.25;  25.75;0
45;  25.75;0
 44.75;  25.75;0
 44.5;  25.75;0
 44.25;  25.75;0
 44.25;  25.75;0
 44.25;  25.75;0
 43.5;  25.75;156
 43.25;  25.75;156
43;  25.75;156
 42.75;  25.75;156
 42.5;  25.75;156
 42.25;  25.75;132
42;  25.75;132
 41.75;  26.25;132
 41.75;  26.25;132
 41.25;  25.75;8
41;  25.75;8
 40.75;26;162
 40.5;  25.75;162
 40.25;  25.75;162
40;  25.75;162
 39.75;  25.75;162
 39.5;  25.75;162
 39.25;  25.75;162
39;  25.75;162
 38.75;  25.75;162
 38.5;  25.75;162
 38.25;  26.25;180
38;26;180
 37.75;26;180
 37.5;26;180
37;  25.75;147
37;  25.75;147
 36.75;  26.25;45
 36.5;  25.75;45
 36.25;26;45
36;  25.75;45
 35.75;  25.75;45
 35.5;  25.75;45
 35.25;  25.75;45
35;  25.75;45
 34.75;  25.75;45
 34.5;  25.75;45
 34.25;  25.75;45
34;  25.75;45
 33.75;  25.75;45
 33.5;  25.75;45
 33.25;  25.75;45
33;  25.75;45
 32.75;  25.75;45
 32.5;  25.75;45
 32.25;26;45
32;  25.75;45
 31.75;26;45
 31.5;  25.75;104
 31.25;  25.75;104
31;  25.75;104
 30.75;  25.75;104
 30.5;  25.75;104
 30.25;  25.75;104
30;  25.75;104
 29.75;  25.75;104
 29.5;  25.75;104
 29.25;  25.75;104
29;  25.75;104
 28.75;  25.75;104
 28.5;  25.75;104
 28.25;  25.75;104
28;  25.75;104
 27.75;  25.75;143
 27.5;  25.75;143
27;26;143
27;  25.75;143
 26.75;  25.75;179
 26.5;  25.75;179
 26.25;  25.75;179
26;  25.75;179
26;  25.75;179
 25.5;  25.75;117
 25.25;  25.75;117
25;  25.75;117
 24.75;  25.75;117
 24.5;  25.75;117
 24.25;  25.75;117
24;  25.75;117
 23.75;  25.75;117
 23.5;  25.75;117
 23.25;  25.75;117
 22.75;  25.75;117
 22.75;  25.75;117
 22.75;  25.75;117
 21.75;  25.75;19
 21.75;  25.75;19
 21.75;  25.75;19
 21.5;  25.75;19
 21.25;  25.75;19
21;  25.75;19
 20.75;  25.75;19
 20.5;  25.75;19
 20.25;26;136
20;26;136
 19.75;  25.75;136
 19.5;  25.75;136
 19.25;  25.75;136
19;  25.75;136
 18.75;  25.75;163
 18.5;  25.75;163
 18.25;  25.75;163
18;  25.75;163
 17.75;  25.75;163
 17.5;  25.75;163
 17.25;  25.75;163
17;  25.75;163
 16.75;  25.75;163
 16.5;  25.75;163
 16.25;  25.75;163
16;  25.75;40
 15.75;  25.75;40
 15.5;  25.75;40
 15.25;  25.75;40
15;  25.75;40
 14.75;  25.75;40
 14.5;  25.75;40
 14.25;  25.75;40
14;  25.75;40
 13.75;  25.75;40
 13.5;  25.75;40
 13.25;  25.75;40
13;  25.75;40
 12.75;  25.75;40
 12.5;  25.75;40
 12.25;  25.75;40
12;  26.25;40
 11.75;  25.75;7
 11.5;  25.75;7
 11.25;  25.75;7
11;  25.75;7
 10.75;  25.75;7
 10.5;  25.75;7
 10.25;  25.75;7
10;  25.75;7
 9.75;  25.75;7
 9.5;  25.75;7
 9.25;  25.75;7
9;  25.75;7
 8.75;  25.75;7
 8.5;  25.75;7
 8.5;  25.75;7
 8.5;  25.75;7
 7.75;  25.75;169
 7.5;  25.75;169
 7.25;  25.75;169
7;  25.75;169
 6.75;  25.75;169
 6.5;  25.75;169
 6.25;  25.75;169
6;  25.75;169
 5.75;  25.75;169
 5.5;  25.75;169
 5.25;  25.75;169
5;  26.5;97
 4.75;  25.75;97
 4.5;  25.75;97
 4.25;  25.75;97
4;  25.75;97
 3.75;  25.75;97
 3.5;  25.75;97
 3.25;  25.75;97
3;  25.75;97
 2.75;  26.25;97
2;  26.25;0
2;  26.25;0
2;  26.25;0
 1.75;  26.25;0
 1.5;  26.25;0
 1.25;  26.25;0
1;  26.25;0
 0.75;  26.25;0
 0.5;  26.25;0
 0.25;  26.25;0
0;  26.25;0
47;  26.5;0
 46.75;  26.5;0
 46.5;  26.5;0
 46.25;  26.5;0
46;  26.5;0
 45.75;  26.5;0
 45.5;  26.5;0
 45.25;26;0
45;26;0
 44.75;26;0
 44.5;26;0
 44.25;26;0
 44.25;26;0
 44.25;26;0
 43.5;26;156
 43.25;26;156
43;26;156
 42.75;26;156
 42.5;26;156
 42.25;  26.25;156
42;26;132
 41.75;  26.25;132
 41.75;  26.25;132
 41.25;26;8
 41.25;26;8
 40.75;26;162
 40.5;26;162
 40.25;26;162
40;  26.25;162
 39.75;26;162
 39.5;  26.25;162
 39.25;26;162
39;26;162
 38.75;26;162
 38.5;  26.25;180
 38.25;  26.25;180
38;26;180
 37.75;26;180
 37.5;26;180
 37.25;  26.25;180
37;  26.5;45
 36.75;  26.25;45
 36.5;26;45
 36.25;26;45
36;26;45
 35.75;26;45
 35.5;26;45
 35.25;26;45
35;26;45
 34.75;26;45
 34.5;26;45
 34.25;26;45
34;26;45
 33.75;26;45
 33.5;26;45
 33.25;26;45
33;26;45
 32.75;26;45
 32.5;26;45
 32.25;26;45
32;26;45
 31.75;26;45
 31.5;26;104
 31.25;26;104
31;26;104
 30.75;26;104
 30.5;26;104
 30.25;26;104
30;26;104
 29.75;26;104
 29.5;26;104
 29.25;26;104
29;26;104
 28.75;  26.25;104
 28.5;26;104
 28.25;  26.25;104
 28.25;  26.25;104
27;26;143
27;26;143
27;26;143
27;26;143
 26.75;26;179
 26.5;26;179
26;26;179
26;26;179
 25.75;  26.25;67
 25.5;  26.25;67
 25.25;26;117
25;26;117
 24.75;26;117
 24.5;26;117
 24.25;26;117
24;26;117
 23.75;26;117
 23.5;  26.25;79
 23.25;  26.25;79
23;26;79
 22.75;26;79
 22.5;26;79
 22.25;26;79
22;  26.25;79
 21.75;26;19
 21.5;26;19
 21.5;26;19
21;  26.25;136
 20.75;  26.25;136
 20.5;  26.25;136
 20.25;26;136
20;26;136
 19.75;26;136
 19.5;26;136
 19.25;26;136
19;26;136
 18.75;26;163
 18.5;26;163
 18.25;26;163
18;26;163
 17.75;26;163
 17.5;26;163
 17.25;26;163
17;26;163
 16.75;26;163
 16.5;26;163
 16.25;26;163
16;26;40
 15.75;26;40
 15.5;26;40
 15.25;26;40
15;26;40
 14.75;26;40
 14.5;  26.25;40
 14.25;26;40
14;26;40
 13.75;26;40
 13.5;26;40
 13.25;26;40
13;26;40
 12.75;26;40
 12.5;26;40
 12.25;26;40
12;  26.25;40
11;26;7
11;26;7
11;26;7
11;26;7
 10.75;26;7
 10.5;26;7
 10.25;26;7
10;26;7
 9.75;26;7
 9.5;26;7
 9.25;26;7
9;26;7
 8.75;26;7
 8.5;26;7
 8.5;26;7
 7.75;26;169
 7.75;26;169
 7.5;26;169
 7.25;26;169
7;26;169
 6.75;26;169
 6.5;26;169
 6.25;26;169
6;26;169
 5.75;26;169
 5.5;26;169
 5.25;  26.25;169
5;  26.5;97
 4.75;26;97
 4.5;26;97
 4.25;26;97
4;26;97
 3.75;26;97
 3.5;26;97
 3.25;26;97
3;26;97
 2.75;  26.25;97
2;  26.5;0
2;  26.5;0
2;  26.5;0
 1.75;  26.5;0
 1.5;  26.5;0
 1.25;  26.5;0
1;  26.5;0
 0.75;  26.5;0
 0.5;  26.5;0
 0.25;  26.5;0
0;  26.5;0
47;  26.75;0
 46.75;  26.75;0
 46.5;  26.75;0
 46.25;  26.75;0
46;  26.75;0
 45.75;  26.75;0
 45.5;  26.75;0
 45.25;  26.25;0
45;  26.25;0
 44.75;  26.25;0
 44.5;  26.25;0
 44.25;  26.25;0
 44.25;  26.25;0
 44.25;  26.25;0
 43.5;  26.25;156
 43.25;  26.25;156
43;  26.25;156
 42.75;  26.25;156
 42.5;  26.25;156
 42.25;  26.25;156
 41.75;  26.25;132
 41.75;  26.25;132
 41.75;  26.25;132
 41.25;  26.75;159
41;  26.25;159
 40.75;  26.75;159
 40.5;  26.25;162
 40.25;  26.25;162
40;  26.25;162
 39.75;  26.25;162
 39.5;  26.25;162
 39.25;  26.25;162
39;  26.25;162
 38.75;  26.25;162
 38.5;  26.25;180
 38.25;  26.25;180
38;  26.25;180
 37.75;  26.25;180
 37.5;  26.5;180
 37.25;  26.25;180
37;  26.5;45
 36.75;  26.25;45
 36.5;  26.25;45
 36.25;  26.25;45
36;  26.25;45
 35.75;  26.25;45
 35.5;  26.25;45
 35.25;  26.25;45
35;  26.25;45
 34.75;  26.25;45
 34.5;  26.25;45
 34.25;  26.25;45
34;  26.25;45
 33.75;  26.25;45
 33.5;  26.25;45
 33.25;  26.25;45
33;  26.25;45
 32.75;  26.25;45
 32.5;  26.25;45
 32.25;  26.25;45
32;  26.25;45
 31.75;  26.25;45
 31.5;  26.75;45
 31.25;  26.25;104
31;  26.25;104
 30.75;  26.25;104
 30.5;  26.25;104
 30.25;  26.25;104
30;  26.25;104
 29.75;  26.25;104
 29.5;  26.25;104
 29.25;  26.25;104
29;  26.25;104
 28.75;  26.25;104
 28.5;  26.25;104
 28.25;  26.25;104
 28.25;  26.25;104
 27.75;  26.75;47
 27.5;  26.25;47
 27.25;  26.25;47
27;  26.25;143
 26.75;  26.5;143
 26.25;  26.75;67
 26.25;  26.25;67
26;  26.25;67
 25.75;  26.25;67
 25.5;  26.25;67
 25.25;  26.5;67
25;  26.25;117
 24.75;  26.25;117
 24.5;  26.25;117
 24.25;  26.25;117
24;  26.75;79
 23.75;  26.25;79
 23.5;  26.25;79
 23.25;  26.25;79
23;  26.25;79
 22.75;  26.25;79
 22.5;  26.25;79
 22.25;  26.25;79
22;  26.25;79
 21.75;  26.25;79
 21.5;  26.5;79
 21.25;  26.75;79
21;  26.25;136
 20.75;  26.25;136
 20.5;  26.25;136
 20.25;  26.25;136
20;  26.25;136
 19.75;  26.5;136
 19.5;  26.25;136
 19.25;  26.25;136
19;  26.25;136
 18.75;  26.5;136
 18.5;  26.25;163
 18.25;  26.25;163
18;  26.25;163
 17.75;  26.25;163
 17.5;  26.25;163
 17.25;  26.25;163
17;  26.25;163
 16.75;  26.25;163
 16.5;  26.25;163
 16.25;  26.5;40
16;  26.25;40
 15.75;  26.25;40
 15.5;  26.25;40
 15.25;  26.25;40
15;  26.25;40
 14.75;  26.25;40
 14.5;  26.25;40
 14.25;  26.25;40
14;  26.25;40
 13.75;  26.25;40
 13.5;  26.25;40
 13.25;  26.25;40
13;  26.25;40
 12.75;  26.25;40
 12.5;  26.25;40
 12.25;  26.25;40
12;  26.25;40
 11.75;  26.25;138
 11.5;  26.25;138
 11.25;  26.25;138
11;  26.5;138
 10.5;  26.25;7
 10.5;  26.25;7
 10.25;  26.25;7
10;  26.25;7
 9.75;  26.25;7
 9.5;  26.25;7
 9.25;  26.25;7
9;  26.25;7
 8.75;  26.25;7
 8.75;  26.25;7
 8.75;  26.25;7
 7.75;  26.25;169
 7.75;  26.25;169
 7.5;  26.25;169
 7.25;  26.25;169
7;  26.5;169
 6.75;  26.25;169
 6.5;  26.25;169
 6.25;  26.25;169
6;  26.25;169
 5.75;  26.25;169
 5.5;  26.25;169
 5.25;  26.25;169
5;  26.5;97
 4.75;  26.25;97
 4.5;  26.25;97
 4.25;  26.5;97
4;  26.25;97
 3.75;  26.25;97
 3.5;  26.25;97
 3.25;  26.25;97
3;  26.25;97
 2.75;  26.25;97
2;  26.75;0
2;  26.75;0
2;  26.75;0
 1.75;  26.75;0
 1.5;  26.75;0
 1.25;  26.75;0
1;  26.75;0
 0.75;  26.75;0
 0.5;  26.75;0
 0.25;  26.75;0
0;  26.75;0
47;27;0
 46.75;27;0
 46.5;27;0
 46.25;27;0
46;27;0
 45.75;27;0
 45.5;27;0
 45.25;  26.5;0
45;  26.5;0
 44.75;  26.5;0
 44.5;  26.5;0
 44.25;  26.5;0
 44.25;  26.5;0
 44.25;  26.5;0
 43.5;  26.5;156
 43.25;  26.5;156
43;  26.5;156
 42.75;  26.5;156
 42.5;  26.5;156
 42.25;  26.5;156
42;27;159
 41.75;  26.75;159
 41.5;  26.75;159
 41.25;  26.75;159
41;  26.5;159
 40.75;  26.75;159
 40.5;  26.75;159
40;  26.5;162
40;  26.5;162
 39.75;  26.5;162
 39.5;  26.5;162
 39.25;  26.5;162
39;  26.5;162
 38.75;  26.5;162
 38.5;  26.5;180
 38.25;  26.5;180
38;  26.5;180
 37.75;  26.5;180
 37.5;  26.5;180
 37.25;  26.5;180
37;  26.5;45
 36.75;  26.5;45
 36.5;  26.5;45
 36.25;  26.5;45
36;  26.5;45
 35.75;  26.5;45
 35.5;  26.5;45
 35.25;  26.5;45
35;  26.5;45
 34.75;  26.5;45
 34.5;  26.5;45
 34.25;  26.5;45
34;  26.5;45
 33.75;  26.5;45
 33.5;  26.5;45
 33.25;  26.5;45
33;  26.5;45
 32.75;  26.5;45
 32.5;  26.5;45
 32.25;  26.5;45
32;  26.5;45
 31.75;  26.5;45
 31.5;  26.75;45
 31.25;  26.75;45
31;  26.5;104
 30.75;  26.5;104
 30.5;  26.5;104
 30.25;  26.5;104
30;  26.75;104
 29.75;  26.5;104
 29.5;  26.5;104
 29.25;  26.5;104
29;  26.5;104
 28.75;  26.5;104
 28.5;  26.5;104
 28.25;  26.5;104
28;27;47
 27.75;  26.75;47
 27.5;  26.5;47
 27.25;  26.5;47
27;  26.5;143
 26.75;  26.5;143
 26.25;  26.75;67
 26.25;  26.5;67
26;  26.5;67
 25.75;  26.5;67
 25.5;  26.5;67
 25.25;  26.5;67
25;  26.5;67
 24.75;  26.5;117
 24.5;  26.5;117
 24.5;  26.5;117
24;  26.75;79
 23.75;  26.5;79
 23.5;  26.5;79
 23.25;  26.5;79
23;  26.5;79
 22.75;  26.5;79
 22.5;  26.5;79
 22.25;  26.5;79
22;  26.5;79
 21.75;  26.5;79
 21.5;  26.5;79
 21.25;  26.75;79
21;  26.75;79
 20.75;  26.5;136
 20.5;  26.5;136
 20.25;  26.5;136
20;  26.5;136
 19.75;  26.5;136
 19.5;  26.5;136
 19.25;  26.5;136
19;  26.5;136
 18.75;  26.5;136
 18.5;  26.5;163
 18.25;  26.75;163
18;  26.5;163
 17.75;  26.5;163
 17.5;  26.5;163
 17.25;  26.5;163
17;  26.5;163
 16.75;  26.5;163
 16.5;  26.5;163
 16.25;  26.5;40
16;  26.5;40
 15.75;  26.5;40
 15.5;  26.5;40
 15.25;  26.5;40
15;  26.5;40
 14.75;  26.5;40
 14.5;  26.5;40
 14.25;  26.5;40
14;  26.5;40
 13.75;  26.5;40
 13.5;  26.5;40
 13.25;  26.5;40
13;  26.5;40
 12.75;  26.5;40
 12.5;  26.5;40
 12.25;  26.5;40
12;  26.5;138
 11.75;  26.5;138
 11.5;  26.5;138
 11.25;  26.5;138
11;  26.5;138
 10.75;  26.5;138
 10.5;  26.75;138
 10.25;27;138
10;  26.5;7
10;  26.5;7
 9.5;  26.25;7
 9.25;27;166
9;27;166
 8.75;  26.75;166
 8.5;  26.75;166
 8.25;  26.75;166
 7.75;  26.5;169
 7.75;  26.5;169
 7.5;  26.5;169
 7.25;  26.5;169
7;  26.5;169
 6.75;  26.5;169
 6.5;  26.5;169
 6.25;  26.5;169
6;  26.5;169
 5.75;  26.5;169
 5.5;  26.75;169
 5.25;  26.5;169
5;  26.5;97
 4.75;  26.5;97
 4.5;  26.5;97
 4.25;  26.5;97
4;  26.5;97
 3.75;  26.5;97
 3.5;  26.5;97
 3.25;  26.5;97
3;  26.5;97
 2.75;  26.75;97
2;27;0
2;27;0
2;27;0
 1.75;27;0
 1.5;27;0
 1.25;27;0
1;27;0
 0.75;27;0
 0.5;27;0
 0.25;27;0
0;27;0
47;  27.25;0
 46.75;  27.25;0
 46.5;  27.25;0
 46.25;  27.25;0
46;  27.25;0
 45.75;  27.25;0
 45.5;  27.25;0
45;27;0
45;  26.75;0
 44.75;  26.75;0
 44.5;  26.75;0
 44.25;  26.75;0
 44.25;  26.75;0
 44.25;  26.75;0
 43.5;  26.75;156
 43.25;27;156
43;  26.75;156
 42.75;  26.75;156
 42.5;  26.75;156
 42.5;  26.75;156
42;  27.25;159
 41.75;  26.75;159
 41.5;  26.75;159
 41.25;  26.75;159
41;  26.75;159
 40.75;  26.75;159
 40.5;  26.75;159
 40.25;  27.25;159
40;  26.75;162
 39.75;  26.75;162
 39.5;  26.75;162
 39.25;  26.75;162
39;  26.75;162
 38.75;  26.75;162
 38.5;  26.75;180
 38.25;  26.75;180
38;  26.75;180
 37.75;  26.75;180
 37.5;  26.75;180
 37.25;  27.25;45
37;  26.75;45
 36.75;  26.75;45
 36.5;  26.75;45
 36.25;  26.75;45
36;  26.75;45
 35.75;  26.75;45
 35.5;  26.75;45
 35.25;  26.75;45
35;  26.75;45
 34.75;  26.75;45
 34.5;  26.75;45
 34.25;  26.75;45
34;  26.75;45
 33.75;  26.75;45
 33.5;  26.75;45
 33.25;  26.75;45
33;  26.75;45
 32.75;  26.75;45
 32.5;  26.75;45
 32.25;  26.75;45
32;  26.75;45
 31.75;  26.75;45
 31.5;  26.75;45
 31.25;  26.75;45
31;  27.25;45
 30.75;  26.75;104
 30.5;  26.75;104
 30.25;  26.75;104
30;  26.75;104
 29.75;  26.75;104
 29.5;  26.75;104
 29.25;  26.75;104
29;  26.75;104
 28.75;  26.75;104
 28.5;  26.75;104
 28.25;  27.25;47
28;27;47
 27.75;  26.75;47
 27.5;  26.75;47
 27.25;  26.75;47
27;  26.75;47
 26.75;  27.25;24
 26.25;  26.75;67
 26.25;  26.75;67
26;27;67
 25.75;  26.75;67
 25.5;  26.75;67
 25.25;  26.75;67
25;  26.75;67
 24.75;  27.25;128
 24.5;27;128
 24.25;  26.75;128
24;  26.75;79
 23.75;  26.75;79
 23.5;  26.75;79
 23.25;  26.75;79
23;  26.75;79
 22.75;  26.75;79
 22.5;  26.75;79
 22.25;  26.75;79
22;  26.75;79
 21.75;  26.75;79
 21.5;  26.75;79
 21.25;  26.75;79
21;  26.75;79
 20.75;27;79
20;  26.75;136
20;  26.75;136
20;  26.75;136
 19.75;  26.75;136
 19.5;  26.75;136
 19.25;  26.75;136
19;  26.75;136
19;  26.75;136
 18.25;  26.75;163
 18.25;  26.75;163
18;  26.75;163
 17.75;  26.75;163
 17.5;  26.75;163
 17.25;  26.75;163
17;  26.75;163
 16.75;27;163
 16.5;  26.75;163
 16.25;  26.75;40
16;  26.75;40
 15.75;  26.75;40
 15.5;  26.75;40
 15.25;  26.75;40
15;  26.75;40
 14.75;  26.75;40
 14.5;  26.75;40
 14.25;  26.75;40
14;  26.75;40
 13.75;  26.75;40
 13.5;  26.75;40
 13.25;  26.75;40
13;  26.75;40
 12.75;  26.75;40
 12.5;  26.75;40
 12.25;  26.75;40
12;27;138
 11.75;  26.75;138
 11.5;  26.75;138
 11.25;  26.75;138
11;  26.75;138
 10.75;  26.75;138
 10.5;  26.75;138
 10.25;27;138
10;27;166
 9.75;27;166
 9.5;27;166
 9.25;27;166
9;27;166
 8.75;  26.75;166
 8.5;  26.75;166
 8.25;  26.75;166
8;  27.25;166
 7.75;  26.75;169
 7.5;  26.75;169
 7.25;  26.75;169
7;  26.75;169
 6.75;  26.75;169
 6.5;  26.75;169
 6.25;  26.75;169
6;  26.75;169
 5.75;  26.75;169
 5.5;  26.75;169
 5.25;27;97
5;  26.75;97
 4.75;  26.75;97
 4.5;  26.75;97
 4.25;  26.75;97
4;  26.75;97
 3.75;  26.75;97
 3.5;  26.75;97
 3.25;  26.75;97
3;  26.75;97
 2.75;  26.75;97
2;  27.25;0
2;  27.25;0
2;  27.25;0
 1.75;  27.25;0
 1.5;  27.25;0
 1.25;  27.25;0
1;  27.25;0
 0.75;  27.25;0
 0.5;  27.25;0
 0.25;  27.25;0
0;  27.25;0
47;  27.5;0
 46.75;  27.5;0
 46.5;  27.5;0
 46.25;  27.5;0
46;  27.5;0
 45.75;  27.5;0
 45.5;  27.5;0
45;27;0
45;27;0
 44.75;27;0
 44.5;27;0
 44.25;27;0
 44.25;27;0
 44.25;27;0
 43.5;27;156
 43.25;27;156
43;27;156
 42.75;27;156
 42.5;27;156
 42.25;  27.5;159
42;  27.25;159
 41.75;27;159
 41.5;27;159
 41.25;27;159
41;  27.25;159
 40.75;27;159
 40.5;27;159
 40.25;  27.25;159
40;  27.25;159
 39.75;27;162
 39.5;27;162
 39.25;27;162
39;27;162
 38.75;27;162
 38.5;27;180
 38.25;27;180
38;27;180
 37.75;27;180
 37.5;27;180
 37.25;  27.25;45
37;27;45
 36.75;27;45
 36.5;27;45
 36.25;27;45
36;27;45
 35.75;27;45
 35.5;27;45
 35.25;27;45
35;27;45
 34.75;27;45
 34.5;27;45
 34.25;27;45
34;27;45
 33.75;27;45
 33.5;27;45
 33.25;27;45
33;27;45
 32.75;27;45
 32.5;27;45
 32.25;27;45
32;27;45
 31.75;27;45
 31.5;27;45
 31.25;27;45
31;  27.25;45
 30.5;27;104
 30.5;27;104
30;27;104
30;27;104
 29.75;27;104
 29.5;27;104
 29.25;27;104
 29.25;27;104
 28.75;  27.25;47
 28.5;  27.25;47
 28.25;  27.25;47
28;27;47
 27.75;27;47
 27.5;27;47
 27.25;27;47
27;27;47
 26.75;  27.25;24
 26.5;  27.25;24
 26.25;  27.25;24
26;27;67
 25.75;27;67
 25.5;27;67
 25.25;27;67
25;27;67
 24.75;  27.25;128
 24.5;27;128
 24.25;27;128
24;27;79
 23.75;27;79
 23.5;27;79
 23.25;27;79
23;27;79
 22.75;27;79
 22.5;27;79
 22.25;27;79
22;27;79
 21.75;27;79
 21.5;27;79
 21.25;27;79
21;27;79
 20.75;27;79
 20.5;27;1
 20.25;27;1
20;  27.5;1
 19.75;  27.25;1
 19.5;  27.25;1
 19.25;  27.25;1
19;  27.25;1
 18.75;  27.25;1
 18.5;  27.25;1
 18.25;27;163
18;27;163
 17.75;27;163
 17.5;27;163
 17.25;27;163
17;27;163
 16.75;27;163
 16.5;27;163
 16.25;27;40
16;27;40
 15.75;27;40
 15.5;27;40
 15.25;27;40
15;27;40
 14.75;27;40
 14.5;27;40
 14.25;27;40
14;27;40
 13.75;27;40
 13.5;27;40
 13.25;27;40
13;27;40
 12.75;27;40
 12.5;27;40
 12.25;  27.25;138
12;27;138
 11.75;27;138
 11.5;27;138
 11.25;27;138
11;27;138
 10.75;27;138
 10.5;27;138
 10.25;27;138
10;27;166
 9.75;27;166
 9.5;27;166
 9.25;27;166
9;27;166
 8.75;27;166
 8.5;27;166
 8.25;27;166
8;  27.5;166
 7.5;27;169
 7.5;27;169
 7.25;27;169
7;27;169
 6.75;27;169
 6.5;27;169
 6.25;27;169
6;27;169
 5.75;27;169
 5.5;27;169
 5.25;27;97
5;27;97
 4.75;27;97
 4.5;27;97
 4.25;27;97
4;27;97
 3.75;27;97
 3.5;27;97
 3.25;27;97
3;27;97
 2.75;27;97
2;  27.5;0
2;  27.5;0
2;  27.5;0
 1.75;  27.5;0
 1.5;  27.5;0
 1.25;  27.5;0
1;  27.5;0
 0.75;  27.5;0
 0.5;  27.5;0
 0.25;  27.5;0
0;  27.5;0
47;  27.75;0
 46.75;  27.75;0
 46.5;  27.75;0
 46.25;  27.75;0
46;  27.75;0
 45.75;  27.75;0
 45.5;  27.75;0
 45.25;  27.75;0
45;  27.25;0
 44.75;  27.25;0
 44.5;  27.25;0
 44.25;  27.25;0
 44.25;  27.25;0
 44.25;  27.25;0
 43.5;  27.25;156
 43.25;  27.25;156
43;  27.25;156
 42.75;  27.25;156
 42.5;  27.25;156
 42.25;  27.5;159
42;  27.25;159
 41.75;  27.25;159
 41.5;  27.25;159
 41.25;  27.25;159
41;  27.25;159
 40.75;  27.25;159
 40.5;  27.25;159
 40.25;  27.25;159
40;  27.25;159
 39.75;  27.75;159
 39.5;  27.25;162
 39.25;  27.25;162
39;  27.25;162
 38.75;  27.25;162
 38.25;  27.25;180
 38.25;  27.25;180
38;  27.25;180
 37.75;  27.25;180
 37.75;  27.25;180
 37.25;  27.25;45
37;  27.25;45
 36.75;  27.25;45
 36.5;  27.25;45
 36.25;  27.25;45
36;  27.25;45
 35.75;  27.25;45
 35.5;  27.25;45
 35.25;  27.25;45
35;  27.25;45
 34.75;  27.25;45
 34.5;  27.25;45
 34.25;  27.25;45
34;  27.25;45
 33.75;  27.25;45
 33.5;  27.25;45
 33.25;  27.25;45
33;  27.25;45
 32.75;  27.25;45
 32.5;  27.25;45
 32.25;  27.25;45
32;  27.25;45
 31.75;  27.25;45
 31.5;  27.25;45
 31.25;  27.25;45
31;  27.25;45
 30.5;27;104
 30.5;27;104
 30.25;  27.5;47
30;  27.5;47
 29.75;  27.25;104
 29.5;  27.5;47
 29.25;  27.5;47
29;  27.5;47
 28.75;  27.25;47
 28.5;  27.25;47
 28.25;  27.25;47
28;  27.25;47
 27.75;  27.25;47
 27.5;  27.25;47
 27.25;  27.25;47
27;  27.75;24
 26.75;  27.25;24
 26.5;  27.25;24
 26.25;  27.25;24
26;  27.5;24
 25.75;  27.25;67
 25.5;  27.25;67
25;  27.25;67
25;  27.25;67
 24.75;  27.25;128
 24.5;  27.25;128
 24.25;  27.25;128
24;  27.5;128
 23.75;  27.25;79
 23.5;  27.25;79
 23.25;  27.25;79
23;  27.25;79
 22.75;  27.25;79
 22.5;  27.25;79
 22.25;  27.25;79
22;  27.25;79
 21.75;  27.25;79
 21.5;  27.25;79
 21.25;  27.25;79
21;  27.25;79
 20.75;  27.25;79
 20.5;  27.25;1
 20.25;  27.25;1
20;  27.5;1
 19.75;  27.25;1
 19.5;  27.25;1
 19.25;  27.25;1
19;  27.25;1
 18.75;  27.25;1
 18.5;  27.25;1
 18.25;  27.25;163
18;  27.25;163
 17.75;  27.25;163
 17.5;  27.25;163
 17.25;  27.25;163
 16.75;  27.25;163
 16.75;  27.25;163
 16.75;  27.25;163
 16.25;  27.25;40
16;  27.25;40
 15.75;  27.25;40
 15.5;  27.25;40
 15.25;  27.25;40
15;  27.25;40
 14.75;  27.25;40
 14.5;  27.25;40
 14.25;  27.25;40
14;  27.25;40
 13.75;  27.25;40
 13.5;  27.25;40
 13.25;  27.25;40
13;  27.25;40
 12.75;  27.25;40
 12.5;  27.25;40
 12.25;  27.25;138
12;  27.25;138
 11.75;  27.25;138
 11.5;  27.25;138
 11.25;  27.25;138
11;  27.25;138
 10.75;  27.25;138
 10.5;  27.25;138
 10.5;  27.5;138
10;  27.25;166
 9.75;  27.25;166
 9.5;  27.25;166
 9.25;  27.25;166
9;  27.25;166
 8.5;  27.5;166
 8.5;  27.5;166
 8.25;  27.25;166
 8.25;  27.25;166
 7.5;  27.25;169
 7.5;  27.25;169
 7.25;  27.25;169
7;  27.25;169
 6.75;  27.25;169
 6.5;  27.5;169
 6.25;  27.25;169
6;  27.25;169
 5.75;  27.25;169
 5.5;  27.75;97
 5.25;  27.25;97
5;  27.25;97
 4.75;  27.25;97
 4.5;  27.25;97
 4.25;  27.25;97
4;  27.25;97
 3.75;  27.25;97
 3.5;  27.25;97
 3.25;  27.25;97
3;  27.25;97
 2.75;  27.25;97
2;  27.75;0
2;  27.75;0
2;  27.75;0
 1.75;  27.75;0
 1.5;  27.75;0
 1.25;  27.75;0
1;  27.75;0
 0.75;  27.75;0
 0.5;  27.75;0
 0.25;  27.75;0
0;  27.75;0
47;28;0
 46.75;28;0
 46.5;28;0
 46.25;28;0
46;28;0
 45.75;28;0
 45.5;28;0
 45.25;28;0
45;  27.5;0
 44.75;  27.5;0
 44.5;  27.5;0
 44.25;  27.5;0
 44.25;  27.5;0
 44.25;  27.5;0
 43.5;  27.5;156
 43.25;  27.5;156
43;  27.5;156
 42.75;  27.5;156
 42.5;  27.75;159
 42.25;  27.5;159
42;  27.5;159
 41.75;  27.5;159
 41.5;  27.5;159
 41.25;  27.5;159
41;  27.5;159
 40.75;  27.5;159
 40.5;  27.5;159
 40.25;  27.5;159
40;  27.5;159
 39.75;  27.75;159
 39.5;  27.5;162
 39.25;  27.5;162
39;  27.5;162
39;  27.5;162
39;  27.5;162
38;  27.5;180
38;  27.5;180
 37.75;  27.75;124
 37.75;  27.75;124
 37.25;  27.5;45
37;  27.5;45
 36.75;  27.5;45
 36.5;  27.5;45
 36.25;  27.5;45
36;  27.5;45
 35.75;  27.5;45
 35.5;  27.5;45
 35.25;  27.5;45
35;  27.5;45
 34.75;  27.5;45
 34.5;  27.5;45
 34.25;  27.5;45
34;  27.5;45
 33.75;  27.5;45
 33.5;  27.5;45
 33.25;  27.5;45
33;  27.5;45
 32.75;  27.5;45
 32.5;  27.5;45
 32.25;  27.5;45
32;  27.5;45
 31.75;  27.5;45
 31.5;  27.5;45
 31.25;  27.5;45
31;  27.5;45
31;  27.75;45
 30.25;  27.5;47
 30.25;  27.5;47
30;  27.5;47
 29.75;  27.75;47
 29.5;  27.5;47
 29.25;  27.5;47
29;  27.5;47
 28.75;  27.5;47
 28.5;  27.5;47
 28.25;  27.5;47
28;  27.5;47
 27.75;  27.5;47
 27.5;  27.5;47
 27.25;28;24
27;  27.75;24
 26.75;  27.5;24
 26.5;  27.5;24
 26.25;  27.5;24
26;  27.5;24
 25.75;  27.75;67
 25.5;  27.5;67
 25.25;  27.75;128
25;  27.75;128
 24.75;  27.5;128
 24.5;  27.5;128
 24.25;  27.5;128
24;  27.5;128
 23.75;  27.5;79
 23.5;  27.5;79
 23.25;  27.5;79
23;  27.5;79
 22.75;  27.5;79
 22.5;  27.5;79
 22.25;  27.5;79
22;  27.5;79
 21.75;  27.5;79
 21.5;  27.5;79
 21.25;  27.5;79
21;  27.5;79
 20.75;  27.5;79
 20.5;  27.75;79
 20.25;  27.5;1
20;  27.5;1
 19.75;  27.5;1
 19.5;  27.5;1
 19.25;  27.5;1
19;  27.5;1
 18.75;  27.5;1
 18.5;  27.5;1
 18.25;  27.75;1
18;  27.5;163
 17.75;  27.5;163
 17.5;  27.5;163
 17.5;  27.5;163
 17.5;  27.5;163
 17.5;  27.5;163
 17.5;  27.5;163
 16.25;  27.75;40
16;  27.5;40
 15.75;  27.5;40
 15.5;  27.5;40
 15.25;  27.5;40
15;  27.5;40
 14.75;  27.5;40
 14.5;  27.5;40
 14.25;  27.5;40
14;  27.5;40
 13.75;  27.5;40
 13.5;  27.5;40
 13.25;  27.5;40
13;  27.5;40
 12.75;  27.5;40
 12.5;  27.75;138
 12.25;  27.75;138
12;  27.5;138
 11.75;  27.5;138
 11.5;  27.5;138
 11.25;  27.5;138
11;  27.5;138
 10.75;  27.5;138
 10.5;  27.5;138
 10.5;  27.5;138
10;  27.5;166
 9.75;  27.5;166
 9.25;  27.5;166
 9.25;  27.5;166
9;  27.5;166
 8.5;  27.5;166
 8.5;  27.5;166
 8.25;  27.5;166
 8.25;  27.5;166
 7.5;  27.5;169
 7.5;  27.5;169
 7.25;  27.5;169
7;  27.5;169
 6.75;  27.5;169
 6.5;  27.5;169
 6.25;  27.75;169
6;  27.5;169
 5.75;  27.5;169
 5.5;  27.75;97
 5.25;  27.5;97
5;  27.5;97
 4.75;  27.5;97
 4.5;  27.5;97
 4.25;  27.5;97
4;  27.5;97
 3.75;  27.5;97
 3.5;  27.75;97
 3.25;  27.5;97
3;  27.5;97
 2.75;  27.5;97
2;28;0
2;28;0
2;28;0
 1.75;28;0
 1.5;28;0
 1.25;28;0
1;28;0
 0.75;28;0
 0.5;28;0
 0.25;28;0
0;28;0
47;  28.25;0
 46.75;  28.25;0
 46.5;  28.25;0
 46.25;  28.25;0
46;  28.25;0
 45.75;  28.25;0
 45.5;  28.25;0
 45.5;  28.25;0
 44.75;28;0
 44.75;  27.75;0
 44.5;  27.75;0
 44.25;  27.75;0
 44.25;  27.75;0
 44.25;  27.75;0
 43.5;  27.75;156
 43.25;  27.75;156
43;  27.75;156
 42.75;  28.25;159
 42.5;  27.75;159
 42.25;  27.75;159
42;  27.75;159
 41.75;  27.75;159
 41.5;  27.75;159
 41.25;  27.75;159
41;  27.75;159
 40.75;  27.75;159
 40.5;28;159
 40.25;  27.75;159
40;28;159
 39.75;  27.75;159
 39.5;  27.75;159
 39.25;  27.75;162
39;  27.75;162
39;  27.75;162
39;  27.75;162
 38.25;28;124
38;  28.25;124
 37.75;  27.75;124
 37.5;  27.75;124
 37.25;  27.75;45
37;  27.75;45
 36.75;  27.75;45
 36.5;  27.75;45
 36.25;  27.75;45
36;  27.75;45
 35.75;  27.75;45
 35.5;  27.75;45
 35.25;  27.75;45
35;  27.75;45
 34.75;  27.75;45
 34.5;  27.75;45
 34.25;  27.75;45
34;  27.75;45
 33.75;  27.75;45
 33.5;  27.75;45
 33.25;  27.75;45
33;  27.75;45
 32.75;  27.75;45
 32.5;  27.75;45
 32.25;  27.75;45
32;  27.75;45
 31.75;  27.75;45
 31.5;28;45
 31.25;  27.75;45
31;  27.75;45
31;  27.75;45
31;28;45
 29.75;  27.75;47
 29.75;  27.75;47
 29.75;  27.75;47
 29.5;  27.75;47
 29.25;  27.75;47
29;  27.75;47
 28.75;  27.75;47
 28.5;  27.75;47
 28.25;  27.75;47
28;  27.75;47
 27.75;  27.75;47
 27.5;  27.75;47
 27.25;28;24
27;  27.75;24
 26.75;  27.75;24
 26.5;  27.75;24
 26.25;  27.75;24
26;  27.75;24
 25.75;  27.75;67
 25.5;  27.75;67
 25.25;  27.75;128
25;  27.75;128
 24.75;  27.75;128
 24.5;  27.75;128
 24.25;  27.75;128
24;  27.75;128
 23.75;  27.75;79
 23.5;  27.75;79
 23.25;  27.75;79
23;  27.75;79
 22.75;  27.75;79
 22.5;  27.75;79
 22.25;  27.75;79
22;  27.75;79
 21.75;  27.75;79
 21.5;  27.75;79
 21.25;  27.75;79
21;  27.75;79
 20.75;  27.75;79
 20.5;  27.75;79
 20.25;  27.75;1
20;  27.75;1
 19.75;  27.75;1
 19.5;  27.75;1
 19.25;  27.75;1
19;  27.75;1
 18.75;  27.75;1
 18.5;  27.75;1
 18.25;  27.75;1
18;  28.5;134
 17.75;28;134
 17.75;28;134
 17.25;28;134
17;28;134
 16.75;  27.75;134
 16.5;  28.25;134
 16.25;  27.75;40
16;  27.75;40
 15.75;  27.75;40
 15.5;  27.75;40
 15.25;  27.75;40
15;  27.75;40
 14.75;  27.75;40
 14.5;  27.75;40
 14.25;  27.75;40
14;  27.75;40
 13.75;  27.75;40
 13.5;  27.75;40
 13.25;  27.75;40
13;  27.75;40
 12.75;  27.75;40
 12.5;  27.75;138
 12.25;  27.75;138
12;  27.75;138
 11.75;  27.75;138
 11.5;28;138
 11.25;  27.75;138
11;  27.75;138
 10.75;  27.75;138
 10.5;28;118
 10.25;28;118
10;28;118
 9.75;  27.75;166
 9.5;  28.25;118
 9.25;28;118
9;28;118
 8.75;28;118
 8.5;28;118
 8.25;28;118
8;28;118
 7.75;28;118
 7.5;28;118
 7.25;  27.75;169
7;  27.75;169
 6.75;  27.75;169
 6.5;  27.75;169
 6.25;  27.75;169
6;  27.75;169
 5.75;28;169
 5.5;  27.75;97
 5.25;  27.75;97
5;  27.75;97
 4.75;  27.75;97
 4.5;  27.75;97
 4.25;  27.75;97
4;  27.75;97
 3.75;  27.75;97
 3.5;  27.75;97
 3.25;  27.75;97
3;  27.75;97
 2.75;  27.75;97
2;  28.25;0
2;  28.25;0
2;  28.25;0
 1.75;  28.25;0
 1.5;  28.25;0
 1.25;  28.25;0
1;  28.25;0
 0.75;  28.25;0
 0.5;  28.25;0
 0.25;  28.25;0
0;  28.25;0
47;  28.5;0
 46.75;  28.5;0
 46.5;  28.5;0
 46.25;  28.5;0
46;  28.5;0
 45.75;  28.5;0
 45.5;  28.5;0
 45.5;  28.5;0
 44.75;28;0
 44.75;28;0
 44.5;28;0
 44.25;28;0
 44.25;28;0
 44.25;28;0
 43.5;28;156
 43.25;28;156
43;  28.5;159
 42.75;  28.25;159
 42.5;28;159
 42.25;28;159
42;28;159
 41.75;  28.75;159
 41.5;28;159
 41.25;  28.25;159
41;28;159
 40.75;28;159
 40.5;28;159
 40.25;28;159
40;28;159
 39.75;28;159
 39.5;28;159
 39.25;  28.75;124
39;  28.25;124
 38.75;28;124
 38.5;  28.25;124
 38.25;28;124
38;  28.25;124
 37.75;28;124
 37.5;28;124
 37.25;28;45
37;28;45
 36.75;28;45
 36.5;28;45
 36.25;28;45
36;28;45
 35.75;28;45
 35.5;28;45
 35.25;28;45
35;28;45
 34.75;28;45
 34.5;  28.25;45
 34.25;28;45
34;28;45
 33.75;28;45
 33.5;28;45
 33.25;28;45
33;28;45
 32.75;28;45
 32.5;28;45
 32.25;28;45
32;28;45
 31.75;28;45
 31.5;28;45
 31.25;28;45
31;28;45
31;28;45
31;28;45
 29.75;28;47
 29.75;28;47
 29.75;28;47
 29.5;28;47
 29.25;28;47
29;28;47
 28.75;28;47
 28.5;28;47
 28.25;28;47
28;28;47
 27.75;28;47
 27.5;  28.25;24
 27.25;28;24
27;28;24
 26.75;28;24
 26.5;28;24
 26.25;28;24
26;  28.5;24
 25.75;28;67
 25.5;28;67
 25.25;28;128
25;28;128
 24.75;28;128
 24.5;28;128
 24.25;28;128
24;28;128
 23.75;28;79
 23.5;28;79
 23.25;28;79
23;28;79
 22.75;28;79
 22.5;28;79
 22.25;28;79
22;28;79
 21.75;28;79
 21.5;28;79
 21.25;28;79
21;28;79
 20.75;28;79
 20.5;28;79
 20.25;28;1
20;28;1
 19.75;28;1
 19.5;28;1
 19.25;28;1
19;28;1
 18.75;28;1
 18.5;28;1
 18.25;28;1
18;  28.5;134
 17.75;28;134
 17.5;28;134
 17.25;28;134
17;28;134
 16.75;  28.25;134
 16.5;  28.25;134
 16.25;  28.5;134
16;  28.5;134
 15.75;28;40
 15.5;28;40
 15.25;28;40
15;28;40
 14.75;28;40
 14.5;28;40
 14.25;28;40
14;28;40
 13.75;28;40
 13.5;28;40
 13.25;28;40
13;28;40
 12.75;  28.25;138
 12.5;28;138
 12.25;28;138
12;28;138
 11.75;28;138
 11.5;28;138
 11.25;  28.25;118
11;28;118
 10.75;  28.25;118
 10.5;28;118
 10.25;28;118
10;28;118
 9.75;28;118
 9.5;  28.25;118
 9.25;28;118
9;28;118
 8.75;28;118
 8.5;28;118
 8.25;28;118
8;28;118
 7.75;28;118
 7.5;28;118
 7.25;  28.25;118
7;28;169
 6.5;28;169
 6.5;28;169
6;28;169
6;28;169
 5.75;28;169
 5.5;28;97
 5.25;28;97
5;28;97
 4.75;28;97
 4.5;28;97
 4.25;28;97
4;28;97
 3.75;28;97
 3.5;28;97
 3.25;28;97
3;28;97
 2.75;28;97
2;  28.5;0
2;  28.5;0
2;  28.5;0
 1.75;  28.5;0
 1.5;  28.5;0
 1.25;  28.5;0
1;  28.5;0
 0.75;  28.5;0
 0.5;  28.5;0
 0.25;  28.5;0
0;  28.5;0
47;  28.75;0
 46.75;  28.75;0
 46.5;  28.75;0
 46.25;  28.75;0
46;  28.75;0
 45.75;  28.75;0
 45.5;  28.75;0
 45.5;  28.75;0
 45.5;  28.75;0
 44.75;  28.25;0
 44.5;  28.25;0
 44.25;  28.25;0
 44.25;  28.25;0
 44.25;  28.25;0
 43.5;  28.25;156
 43.25;  28.25;156
43;  28.5;159
 42.75;  28.25;159
 42.5;  28.25;159
 42.25;  28.75;159
42;  28.25;159
 41.75;  28.75;159
 41.5;  28.25;159
 41.25;  28.25;159
41;  28.25;159
 40.75;  28.25;159
 40.5;  28.25;159
 40.25;  28.25;159
40;  28.25;159
 39.75;  28.25;159
 39.75;  28.25;159
 39.25;  28.75;124
39;  28.25;124
 38.75;  28.25;124
 38.5;  28.25;124
 38.25;  28.25;124
38;  28.25;124
 37.75;  28.25;124
 37.5;  28.25;124
 37.25;  28.25;45
37;  28.25;45
 36.75;  28.25;45
 36.5;  28.5;45
 36.25;  28.25;45
36;  28.25;45
 35.75;  28.25;45
 35.5;  28.5;45
 35.25;  28.25;45
35;  28.25;45
 34.75;  28.5;45
 34.5;  28.25;45
 34.25;  28.25;45
34;  28.25;45
 33.75;  28.25;45
 33.5;  28.25;45
 33.25;  28.25;45
33;  28.25;45
 32.75;  28.25;45
 32.5;  28.25;45
 32.25;  28.25;45
32;  28.25;45
 31.75;  28.25;45
 31.5;  28.25;45
 31.25;  28.25;45
31;  28.25;45
 30.75;  28.75;45
 30.75;  28.75;45
 29.75;28;47
 29.75;28;47
 29.5;  28.25;47
 29.5;  28.25;47
 29.25;  28.25;47
29;  28.25;47
 28.75;  28.25;47
 28.5;  28.25;47
 28.25;  28.25;47
28;  28.25;47
 27.75;  28.75;24
 27.5;  28.25;24
 27.25;  28.25;24
27;  28.25;24
 26.75;  28.25;24
 26.5;  28.25;24
 26.25;  28.25;24
26;  28.5;24
 25.75;  28.5;24
 25.5;  28.25;67
25;  28.25;128
25;  28.25;128
 24.75;  28.25;128
 24.5;  28.25;128
 24.25;  28.25;128
24;  28.25;128
 23.75;  28.25;128
 23.5;  28.25;79
 23.25;  28.25;79
23;  28.25;79
 22.75;  28.25;79
 22.5;  28.25;79
 22.25;  28.25;79
22;  28.25;79
 21.75;  28.25;79
 21.5;  28.25;79
 21.25;  28.25;79
21;  28.25;79
 20.75;  28.25;79
 20.5;  28.25;79
 20.25;  28.25;1
20;  28.25;1
 19.75;  28.25;1
 19.25;  28.5;1
 19.25;  28.25;1
19;  28.25;1
 18.75;  28.25;1
 18.5;  28.25;1
 18.5;  28.25;1
18;  28.5;134
 17.75;  28.25;134
 17.5;  28.25;134
 17.25;  28.25;134
17;  28.25;134
 16.75;  28.25;134
 16.5;  28.25;134
 16.25;  28.5;134
16;  28.5;134
 15.75;  28.75;134
 15.25;  28.25;40
 15.25;  28.25;40
15;  28.25;40
 14.75;  28.25;40
 14.5;  28.25;40
 14.25;  28.25;40
14;  28.25;40
 13.75;  28.25;40
 13.5;  28.25;40
 13.25;  28.25;40
13;  28.25;40
 12.75;  28.25;138
 12.5;  28.25;138
 12.25;  28.25;138
12;  28.25;138
 11.75;  28.25;138
 11.75;  28.25;138
 11.25;  28.25;118
11;  28.25;118
 10.75;  28.25;118
 10.5;  28.25;118
 10.25;  28.25;118
10;  28.25;118
 9.75;  28.25;118
 9.5;  28.25;118
 9.25;  28.25;118
9;  28.25;118
 8.75;  28.25;118
 8.5;  28.25;118
 8.25;  28.25;118
8;  28.25;118
 7.75;  28.25;118
 7.5;  28.25;118
 7.25;  28.25;118
7;  28.5;118
 6.75;29;113
 6.5;  28.5;113
 6.25;  28.75;113
6;  28.25;113
 5.75;  28.25;113
 5.5;  28.5;113
 5.25;  28.25;97
5;  28.25;97
 4.75;  28.25;97
 4.5;  28.25;97
 4.25;  28.25;97
4;  28.25;97
 3.75;  28.25;97
 3.5;  28.25;97
 3.25;  28.25;97
3;  28.25;97
 2.75;  28.25;97
2;  28.75;0
2;  28.75;0
2;  28.75;0
 1.75;  28.75;0
 1.5;  28.75;0
 1.25;  28.75;0
1;  28.75;0
 0.75;  28.75;0
 0.5;  28.75;0
 0.25;  28.75;0
0;  28.75;0
47;29;0
 46.75;29;0
 46.5;29;0
 46.25;29;0
46;29;0
 45.75;29;0
 45.5;29;0
 45.5;29;0
45;  28.5;0
 44.75;  28.5;0
 44.5;  28.5;0
 44.25;  28.5;0
 44.25;  28.5;0
 44.25;  28.5;0
 43.5;29;159
 43.25;29;159
43;  28.5;159
 42.75;  28.5;159
 42.5;  28.5;159
 42.25;29;159
42;  28.5;159
 41.75;  28.75;159
 41.5;  28.75;159
 41.25;  28.5;159
41;  28.5;159
 40.75;  28.5;159
 40.5;  28.5;159
 40.25;  28.5;159
 40.25;  28.5;159
 39.75;  28.25;159
 39.25;  28.75;124
 39.25;  28.75;124
39;  28.5;124
 38.75;  28.5;124
 38.5;  28.75;124
 38.25;  28.5;124
38;  28.5;124
 37.75;  28.5;124
 37.5;  28.5;124
 37.25;  28.5;45
37;  28.5;45
 36.75;  28.5;45
 36.5;  28.5;45
 36.25;  28.5;45
36;  28.5;45
 35.75;  28.5;45
 35.5;  28.5;45
 35.25;  28.5;45
35;  28.5;45
 34.75;  28.5;45
 34.5;  28.5;45
 34.25;  28.5;45
34;  28.5;45
 33.75;  28.5;45
 33.5;  28.5;45
 33.25;  28.75;45
33;  28.5;45
 32.75;  28.5;45
 32.5;  28.5;45
 32.25;  28.5;45
32;  28.5;45
 31.75;  28.75;45
 31.5;  28.5;45
 31.25;  28.5;45
31;  28.5;45
 30.75;  28.75;45
 30.75;  28.75;45
 30.25;29;11
30;29;11
 29.75;29;11
 29.5;29;11
 29.25;  28.75;11
29;  28.5;47
 28.75;  28.5;47
 28.5;  28.5;47
 28.25;  28.5;47
28;  28.5;47
 27.75;  28.75;24
 27.5;  28.5;24
 27.25;  28.5;24
27;  28.5;24
 26.75;  28.5;24
 26.5;  28.5;24
 26.25;  28.75;24
26;  28.5;24
 25.75;  28.5;24
 25.5;  28.75;24
 25.25;  28.75;24
25;  28.5;128
 24.75;  28.5;128
 24.5;  28.5;128
 24.25;  28.5;128
24;  28.5;128
 23.75;  28.5;128
 23.5;  28.5;79
 23.25;  28.5;79
23;  28.5;79
 22.75;  28.5;79
 22.5;  28.5;79
 22.25;  28.5;79
22;  28.5;79
 21.75;  28.5;79
 21.5;  28.5;79
 21.25;  28.5;79
21;  28.5;79
 20.75;  28.5;79
 20.5;  28.5;79
 20.25;  28.75;79
20;  28.5;1
 19.75;  28.5;1
 19.25;  28.5;1
 19.25;  28.5;1
19;  28.75;135
 18.75;  28.75;135
 18.5;  28.5;135
 18.25;  28.75;135
18;  28.5;134
 17.75;  28.5;134
 17.5;  28.5;134
 17.25;  28.5;134
17;  28.5;134
 16.75;  28.5;134
 16.5;  28.5;134
 16.25;  28.5;134
16;  28.5;134
 15.75;  28.75;134
 15.5;  28.75;134
 15.25;  28.75;134
15;29;134
 14.75;29;134
 14.25;  28.5;40
 14.25;  28.5;40
14;  28.5;40
 13.75;  28.5;40
 13.5;  28.5;40
 13.25;  28.5;40
13;  28.75;138
 12.75;  28.5;138
 12.5;  28.5;138
 12.25;  28.75;21
12;  28.75;21
 11.75;  28.75;21
 11.5;  28.5;21
 11.25;  28.5;118
11;  28.5;118
 10.75;  28.5;118
 10.5;  28.5;118
 10.25;  28.5;118
10;  28.5;118
 9.75;  28.5;118
 9.5;  28.5;118
 9.25;  28.5;118
9;  28.5;118
 8.75;  28.5;118
 8.5;  28.5;118
 8.25;  28.5;118
8;  28.5;118
 7.75;  28.5;118
 7.5;  28.5;118
 7.25;  28.5;118
7;  28.5;118
 6.75;29;113
 6.5;  28.5;113
 6.25;  28.75;113
6;  28.5;113
 5.75;  28.5;113
 5.5;  28.5;113
 5.25;  28.5;97
5;  28.5;97
 4.75;  28.5;97
 4.5;  28.5;97
 4.25;  28.5;97
4;  28.5;97
 3.75;  28.5;97
 3.5;  28.5;97
 3.25;  28.5;97
3;  28.5;97
 2.75;  28.5;97
2;29;0
2;29;0
2;29;0
 1.75;29;0
 1.5;29;0
 1.25;29;0
1;29;0
 0.75;29;0
 0.5;29;0
 0.25;29;0
0;29;0
47;  29.25;0
 46.75;  29.25;0
 46.5;  29.25;0
 46.25;  29.25;0
46;  29.25;0
 45.75;  29.25;0
 45.5;  29.25;0
 45.25;  28.75;0
45;  28.75;0
 44.75;  28.75;0
 44.5;  28.75;0
 44.25;  28.75;0
 44.25;  28.75;0
 44.25;  28.75;0
 43.5;29;159
 43.25;29;159
43;29;159
 42.75;  28.75;159
 42.5;29;159
 42.25;  29.25;159
42;  28.75;159
 41.75;  28.75;159
 41.5;  28.75;159
 41.25;  28.75;159
41;  28.75;159
 40.75;  28.75;159
 40.5;  28.75;159
 40.5;  28.75;159
 40.5;  28.75;159
 40.5;  28.75;159
 39.25;  28.75;124
 39.25;  28.75;124
39;  28.75;124
 38.75;29;124
 38.5;  28.75;124
 38.25;  28.75;124
38;  28.75;124
 37.75;  28.75;124
 37.5;  28.75;124
 37.25;  29.25;124
37;  28.75;45
 36.75;  28.75;45
 36.5;  28.75;45
 36.25;  28.75;45
36;  28.75;45
 35.75;  28.75;45
 35.5;  28.75;45
 35.25;  28.75;45
35;  28.75;45
 34.75;  28.75;45
 34.5;  28.75;45
 34.25;  28.75;45
34;  28.75;45
 33.75;  28.75;45
 33.5;  28.75;45
 33.25;  28.75;45
33;  28.75;45
 32.75;  28.75;45
 32.5;  28.75;45
 32.25;  28.75;45
32;  28.75;45
 31.75;  28.75;45
 31.5;  28.75;45
 31.25;  28.75;45
31;  28.75;45
 30.75;  28.75;45
 30.5;  29.25;11
 30.25;29;11
30;29;11
 29.75;29;11
 29.5;29;11
 29.25;  28.75;11
29;29;11
 28.5;  28.75;47
 28.5;  28.75;47
 28.25;  28.75;47
28;  28.75;47
 27.75;  28.75;24
 27.5;  28.75;24
 27.25;  28.75;24
27;  28.75;24
 26.75;  28.75;24
 26.5;  28.75;24
 26.25;  28.75;24
26;  28.75;24
 25.75;  28.75;24
 25.5;  28.75;24
 25.25;  28.75;24
 24.75;  28.75;128
 24.75;  28.75;128
 24.5;  28.75;128
 24.25;  28.75;128
24;  28.75;128
 23.75;  28.75;128
 23.5;  28.75;79
 23.25;  28.75;79
23;  28.75;79
 22.75;  28.75;79
 22.5;  28.75;79
 22.25;  28.75;79
22;  28.75;79
 21.75;  28.75;79
 21.5;  28.75;79
 21.25;  28.75;79
21;  28.75;79
 20.75;  28.75;79
 20.5;  28.75;79
 20.25;  28.75;79
20;29;135
 19.75;  28.75;135
 19.5;  28.75;135
 19.25;  28.75;135
19;  28.75;135
 18.75;  28.75;135
 18.5;  28.75;135
 18.25;  28.75;135
18;  28.75;134
 17.75;  28.75;134
 17.5;  28.75;134
 17.25;  28.75;134
17;  28.75;134
 16.75;  28.75;134
 16.5;  28.75;134
 16.25;29;134
16;  29.25;134
 15.75;  28.75;134
 15.5;  28.75;134
 15.25;  28.75;134
15;  29.25;134
 14.75;  29.25;134
 14.5;29;134
 13.75;  28.75;40
 13.75;  28.75;40
 13.75;  28.75;40
 13.5;  28.75;40
 13.25;  28.75;40
13;  28.75;138
 12.75;  28.75;138
 12.5;  29.25;21
 12.25;  28.75;21
12;  28.75;21
 11.75;  28.75;21
 11.5;29;21
 11.25;  28.75;118
11;  28.75;118
 10.75;  28.75;118
 10.5;  28.75;118
 10.25;  28.75;118
10;  28.75;118
 9.75;  28.75;118
 9.5;  28.75;118
 9.25;  28.75;118
9;  28.75;118
 8.75;  28.75;118
 8.5;  28.75;118
 8.25;  28.75;118
8;  28.75;118
 7.75;  28.75;118
 7.5;  28.75;118
 7.25;  28.75;118
7;  28.75;118
 6.75;29;113
 6.5;  28.75;113
 6.25;  28.75;113
6;  28.75;113
 5.75;  28.75;113
 5.5;  28.75;113
5;29;97
5;  28.75;97
 4.75;  28.75;97
 4.5;  28.75;97
 4.25;  28.75;97
4;  28.75;97
 3.75;  28.75;97
 3.5;  28.75;97
 3.25;  28.75;97
3;  28.75;97
 2.75;  28.75;97
2;  29.25;0
2;  29.25;0
2;  29.25;0
 1.75;  29.25;0
 1.5;  29.25;0
 1.25;  29.25;0
1;  29.25;0
 0.75;  29.25;0
 0.5;  29.25;0
 0.25;  29.25;0
0;  29.25;0
47;  29.5;0
 46.75;  29.5;0
 46.5;  29.5;0
 46.25;  29.5;0
46;  29.5;0
 45.75;  29.5;0
 45.5;  29.5;0
 45.25;29;0
45;29;0
 44.75;29;0
 44.5;29;0
 44.25;29;0
 44.25;29;0
 44.25;29;0
 43.5;29;159
 43.25;29;159
43;29;159
 42.75;29;159
 42.5;29;159
 42.25;  29.25;159
42;29;159
 41.75;29;159
 41.5;29;159
 41.25;29;159
41;29;159
 40.75;29;159
 40.75;29;159
 40.75;29;159
 40.75;29;159
 40.75;29;159
 39.25;29;124
 39.25;29;124
39;29;124
 38.75;29;124
 38.5;29;124
 38.25;  29.25;124
38;29;124
 37.75;29;124
 37.5;29;124
 37.25;  29.25;124
37;29;45
 36.75;29;45
 36.5;29;45
 36.25;29;45
36;29;45
 35.75;29;45
 35.5;29;45
 35.25;29;45
35;29;45
 34.75;29;45
 34.5;29;45
 34.25;29;45
34;29;45
 33.75;29;45
 33.5;29;45
 33.25;29;45
33;29;45
 32.75;29;45
 32.5;29;45
 32.25;29;45
32;29;45
 31.75;29;45
 31.5;29;45
 31.25;29;45
31;29;45
 30.75;29;45
 30.5;  29.25;11
 30.25;29;11
30;29;11
 29.75;29;11
 29.5;29;11
 29.25;29;11
29;29;11
 28.75;29;11
 28.5;  29.25;11
 28.5;  29.25;11
28;  28.75;47
 27.75;29;24
 27.5;29;24
 27.25;29;24
27;29;24
 26.75;29;24
 26.5;  29.25;24
 26.25;29;24
26;29;24
 25.75;29;24
 25.5;29;24
 25.25;  29.25;24
25;  29.5;24
 24.75;29;128
 24.5;29;128
 24.25;29;128
24;  29.25;128
 23.75;29;128
 23.5;29;79
 23.25;29;79
23;29;79
 22.75;29;79
 22.5;29;79
 22.25;29;79
22;29;79
 21.75;29;79
 21.5;29;79
 21.25;29;79
21;29;79
 20.75;29;79
 20.5;29;79
 20.25;29;79
20;29;135
 19.75;29;135
 19.5;29;135
 19.25;29;135
19;29;135
 18.75;29;135
 18.5;29;135
 18.25;29;135
18;  29.5;134
 17.75;29;134
 17.5;29;134
 17.25;29;134
17;29;134
 16.5;29;134
 16.5;29;134
 16.25;29;134
16;  29.25;134
 15.75;  29.25;134
 15.5;29;134
 15.25;29;134
15;  29.25;134
 14.75;  29.25;134
 14.5;29;134
 14.25;  29.5;134
14;29;175
 13.75;  29.25;175
 13.5;  29.25;175
 13.25;  29.5;175
13;  29.75;175
 12.75;  28.75;138
 12.5;  29.25;21
 12.25;29;21
12;29;21
 11.75;29;21
 11.5;29;21
 11.25;29;118
11;29;118
 10.75;29;118
 10.5;29;118
 10.25;29;118
10;29;118
 9.75;29;118
 9.5;29;118
 9.25;29;118
9;29;118
 8.75;29;118
 8.5;29;118
 8.25;29;118
8;29;118
 7.75;29;118
 7.5;29;118
 7.25;29;118
7;29;118
 6.75;29;113
 6.5;29;113
 6.25;29;113
6;  29.25;113
 5.75;29;113
 5.5;29;113
5;29;97
5;29;97
 4.75;29;97
 4.5;29;97
 4.25;29;97
4;29;97
 3.25;29;97
3;29;97
3;29;97
3;29;97
 2.75;29;97
 2.5;30;0
 2.25;  29.75;0
2;  29.5;0
 1.75;  29.5;0
 1.5;  29.5;0
 1.25;  29.5;0
1;  29.5;0
 0.75;  29.5;0
 0.5;  29.5;0
 0.25;  29.5;0
0;  29.5;0
47;  29.75;0
 46.75;  29.75;0
 46.5;  29.75;0
 46.25;  29.75;0
46;  29.75;0
 45.75;  29.75;0
 45.5;  29.75;0
 45.25;  29.25;0
45;  29.25;0
 44.75;  29.25;0
 44.5;  29.25;0
 44.25;  29.25;0
44;  29.5;0
44;  29.5;0
 43.5;  29.25;159
 43.25;  29.25;159
43;  29.25;159
 42.75;  29.25;159
 42.5;  29.25;159
 42.25;  29.25;159
42;  29.25;159
 41.75;  29.25;159
 41.75;  29.25;159
 41.75;  29.25;159
 41.75;  29.25;159
 40.75;29;159
 40.75;29;159
 40.75;29;159
 40.75;29;159
 39.5;  29.25;137
 39.5;  29.25;137
 39.25;  29.5;137
39;  29.25;124
 38.75;  29.25;124
 38.5;  29.25;124
 38.25;  29.25;124
38;  29.25;124
 37.75;  29.25;124
 37.5;  29.25;124
 37.25;  29.25;124
37;  29.25;45
 36.75;  29.25;45
 36.5;  29.25;45
 36.25;  29.25;45
36;  29.25;45
 35.75;  29.25;45
 35.5;  29.25;45
 35.25;  29.25;45
35;  29.25;45
 34.75;  29.25;45
 34.5;  29.25;45
 34.25;  29.25;45
34;  29.25;45
 33.75;  29.25;45
 33.5;  29.25;45
 33.25;  29.25;45
33;  29.25;45
 32.75;  29.25;45
 32.5;  29.25;45
 32.25;  29.25;45
32;  29.25;45
 31.75;  29.25;45
 31.5;  29.25;45
 31.25;  29.25;45
31;  29.25;45
 30.75;  29.75;11
 30.5;  29.25;11
 30.25;  29.25;11
30;  29.25;11
 29.75;  29.25;11
 29.5;  29.25;11
 29.25;  29.25;11
29;  29.25;11
 28.75;  29.25;11
 28.5;  29.25;11
 28.25;  29.5;11
28;  29.75;11
 27.75;  29.25;24
 27.5;  29.5;24
 27.25;  29.25;24
27;  29.25;24
 26.75;  29.25;24
 26.5;  29.25;24
 26.25;  29.25;24
26;  29.5;24
 25.75;  29.25;24
 25.5;  29.25;24
 25.25;  29.25;24
25;  29.5;24
 24.75;  29.25;128
 24.5;  29.25;128
 24.25;  29.25;128
24;  29.25;128
 23.75;  29.25;128
 23.5;  29.25;128
 23.25;  29.25;79
23;  29.25;79
 22.75;  29.25;79
 22.5;  29.25;79
 22.25;  29.25;79
22;  29.25;79
 21.75;  29.25;79
 21.5;  29.25;79
 21.25;  29.25;79
21;  29.25;79
 20.75;  29.25;79
 20.5;  29.25;79
 20.25;  29.5;135
20;  29.25;135
 19.75;  29.25;135
 19.5;  29.25;135
 19.25;  29.25;135
19;  29.25;135
 18.75;  29.25;135
 18.5;  29.25;135
 18.25;  29.25;135
18;  29.5;134
 17.75;  29.25;134
 17.5;  29.25;134
 17.25;  29.25;134
17;  29.25;134
 16.75;  29.5;134
 16.5;  29.25;134
 16.25;  29.25;134
16;  29.25;134
 15.75;  29.25;134
 15.5;  29.25;134
 15.25;  29.25;134
15;  29.25;134
 14.75;  29.25;134
 14.5;  29.25;134
 14.25;  29.5;134
14;  29.25;175
 13.75;  29.25;175
 13.5;  29.25;175
 13.25;  29.5;175
13;  29.75;175
 12.75;  29.5;175
 12.5;  29.25;21
 12.25;  29.25;21
12;  29.25;21
 11.75;  29.25;21
 11.5;  29.25;21
 11.25;  29.5;118
11;  29.25;118
 10.75;  29.25;118
 10.5;  29.25;118
 10.25;  29.25;118
10;  29.25;118
 9.75;  29.25;118
 9.5;  29.25;118
 9.25;  29.25;118
9;  29.25;118
 8.75;  29.5;118
 8.5;  29.25;118
 8.25;  29.25;118
8;  29.25;118
 7.75;  29.25;118
 7.5;  29.25;118
 7.25;  29.25;118
7;  29.25;118
 6.75;  29.25;113
 6.5;  29.25;113
 6.25;  29.25;113
6;  29.25;113
 5.75;  29.25;113
 5.5;  29.25;113
 5.25;  29.5;113
 4.75;  29.25;97
 4.75;  29.25;97
 4.5;  29.25;97
 4.5;  29.25;97
 4.5;  29.25;97
 4.5;  29.25;97
3;29;97
3;29;97
3;29;97
 2.5;30;0
 2.5;30;0
 2.25;  29.75;0
2;  29.75;0
 1.75;  29.75;0
 1.5;  29.75;0
 1.25;  29.75;0
1;  29.75;0
 0.75;  29.75;0
 0.5;  29.75;0
 0.25;  29.75;0
0;  29.75;0
47;30;0
 46.75;30;0
 46.5;30;0
 46.25;30;0
46;30;0
 45.75;30;0
 45.5;30;0
 45.25;  29.5;0
45;  29.5;0
 44.75;  29.5;0
 44.5;  29.5;0
 44.25;  29.5;0
44;  29.5;0
44;  29.5;0
44;  29.5;0
 43.25;  29.5;159
43;  29.5;159
 42.75;  29.5;159
 42.5;  29.75;159
 42.25;  29.5;159
42;  29.5;159
42;  29.5;159
42;  29.5;159
 41.75;  29.25;159
41;30;151
 40.75;30;151
 40.5;30;151
 40.25;  29.75;151
40;  29.5;151
 39.75;30;151
 39.5;  29.5;137
 39.25;  29.5;137
39;  29.75;137
 38.75;  29.5;124
 38.25;  29.5;124
 38.25;  29.5;124
38;  29.5;124
 37.75;  29.5;124
 37.5;  29.5;124
 37.25;  29.5;124
37;  29.5;45
 36.75;  29.5;45
 36.5;  29.5;45
 36.25;  29.5;45
36;  29.5;45
 35.75;  29.5;45
 35.5;  29.5;45
 35.25;  29.5;45
35;  29.5;45
 34.75;  29.5;45
 34.5;  29.5;45
 34.25;  29.5;45
34;  29.5;45
 33.75;  29.5;45
 33.5;  29.5;45
 33.25;  29.5;45
33;  29.5;45
 32.75;  29.5;45
 32.5;  29.5;45
 32.25;  29.5;45
32;  29.5;45
 31.75;  29.75;45
 31.5;  29.5;45
 31.25;  29.5;45
31;30;11
 30.75;  29.75;11
 30.5;  29.5;11
 30.25;  29.5;11
30;  29.5;11
 29.75;  29.5;11
 29.5;  29.5;11
 29.25;  29.5;11
29;  29.5;11
 28.75;  29.5;11
 28.5;  29.5;11
 28.25;  29.5;11
28;  29.75;11
 27.5;  29.5;24
 27.5;  29.5;24
 27.25;  29.5;24
27;  29.5;24
 26.75;  29.5;24
 26.5;  29.5;24
 26.25;  29.5;24
26;  29.5;24
 25.75;  29.5;24
 25.5;  29.5;24
 25.25;  29.5;24
25;  29.5;24
 24.5;  29.5;128
 24.5;  29.5;128
 24.25;  29.5;128
24;  29.5;128
 23.75;  29.5;128
 23.5;  29.5;128
 23.25;  29.5;79
23;  29.5;79
 22.75;  29.5;79
 22.5;  29.5;79
 22.25;  29.5;79
22;  29.5;79
 21.75;  29.5;79
 21.5;  29.5;79
 21.25;  29.5;79
21;  29.5;79
 20.75;  29.5;79
 20.5;  29.5;79
 20.25;  29.5;135
20;  29.5;135
 19.75;  29.5;135
 19.5;  29.5;135
 19.25;  29.5;135
19;  29.5;135
 18.75;  29.5;135
 18.5;  29.5;135
 18.25;  29.5;135
18;  29.5;134
 17.75;  29.5;134
 17.5;  29.5;134
 17.25;  29.5;134
17;  29.75;134
 16.75;  29.5;134
 16.5;  29.5;134
 16.25;  29.75;134
16;  29.5;134
 15.75;  29.5;134
 15.5;  29.5;134
 15.25;  29.5;134
15;  29.5;134
 14.75;  29.75;134
 14.5;  29.5;134
 14.25;  29.5;134
14;  29.75;134
 13.75;  29.75;175
 13.5;  29.5;175
 13.25;  29.5;175
13;  29.75;175
 12.75;  29.5;175
 12.5;  29.5;21
 12.25;  29.5;21
12;  29.5;21
 11.75;  29.5;21
 11.5;  29.5;21
 11.25;  29.5;118
11;  29.5;118
 10.75;  29.5;118
 10.5;  29.5;118
 10.25;  29.5;118
10;  29.5;118
 9.75;  29.5;118
 9.5;  29.5;118
 9.25;  29.5;118
9;  29.5;118
 8.75;  29.5;118
 8.5;  29.75;118
 8.25;  29.5;118
8;  29.5;118
 7.75;  29.5;118
 7.5;  29.5;118
 7.25;  29.5;118
7;  29.5;118
 6.75;30;118
 6.5;  29.5;113
 6.25;  29.5;113
6;  29.5;113
 5.75;  29.5;113
 5.5;  29.5;113
 5.25;  29.5;113
5;  29.5;113
 4.75;  29.75;130
 4.5;  29.75;130
 4.25;  29.75;130
4;  29.75;130
 3.75;  29.75;130
 3.5;  29.75;130
 3.25;30;130
 2.5;30;0
 2.5;30;0
 2.5;30;0
 2.25;30;0
2;30;0
 1.75;30;0
 1.5;30;0
 1.25;30;0
1;30;0
 0.75;30;0
 0.5;30;0
 0.25;30;0
0;30;0
47;  30.25;0
 46.75;  30.25;0
 46.5;  30.25;0
 46.25;  30.25;0
46;  30.25;0
 45.75;  30.25;0
 45.5;  30.25;0
 45.25;  29.75;0
45;  29.75;0
 44.75;  29.75;0
 44.5;  29.75;0
 44.25;  29.75;0
44;30;0
44;30;0
 43.25;  29.75;159
 43.25;  29.75;159
43;  29.75;159
 42.75;  29.75;159
 42.5;  29.75;159
 42.25;  29.75;159
 42.25;  29.75;159
 42.25;  29.75;159
 41.5;30;151
 41.25;30;151
41;30;151
 40.75;30;151
 40.5;30;151
 40.25;  29.75;151
40;  29.75;151
 39.75;30;151
 39.5;  29.75;137
 39.25;  29.75;137
39;  29.75;137
 38.75;  29.75;137
 38.5;30;137
38;  29.75;124
38;  29.75;124
 37.75;  29.75;124
 37.5;  29.75;124
 37.25;  29.75;124
37;  29.75;45
 36.75;  29.75;45
 36.5;  29.75;45
 36.25;  29.75;45
36;  29.75;45
 35.75;  29.75;45
 35.5;  29.75;45
 35.25;  29.75;45
35;  29.75;45
 34.75;  29.75;45
 34.5;  29.75;45
 34.25;  29.75;45
34;  29.75;45
 33.75;  29.75;45
 33.5;  29.75;45
 33.25;  29.75;45
33;  29.75;45
 32.75;  29.75;45
 32.5;  29.75;45
 32.25;  29.75;45
32;  29.75;45
 31.75;  29.75;45
 31.5;  29.75;45
 31.25;  29.75;45
31;30;11
 30.75;  29.75;11
 30.5;  29.75;11
 30.25;30;11
30;  29.75;11
 29.75;  29.75;11
 29.5;  29.75;11
 29.25;  29.75;11
29;  29.75;11
 28.75;  29.75;11
 28.5;  29.75;11
 28.25;  29.75;11
28;  29.75;11
 27.75;  30.25;11
 27.25;30;24
 27.25;  29.75;24
27;  29.75;24
 26.75;  29.75;24
 26.5;  29.75;24
 26.25;  29.75;24
26;  29.75;24
 25.75;  29.75;24
 25.5;  29.75;24
 25.25;  29.75;24
25;  29.75;24
 24.5;  29.75;128
 24.5;  29.75;128
 24.25;  29.75;128
24;  29.75;128
 23.75;  29.75;128
 23.5;  29.75;128
 23.25;  29.75;79
23;  29.75;79
 22.75;  29.75;79
 22.5;  29.75;79
 22.25;  29.75;79
22;  29.75;79
 21.75;  29.75;79
 21.5;  29.75;79
 21.25;  29.75;79
21;  29.75;79
 20.75;  29.75;79
 20.5;  29.75;79
 20.25;30;135
20;  29.75;135
 19.75;  29.75;135
 19.5;  29.75;135
 19.25;  29.75;135
19;  29.75;135
 18.75;  29.75;135
 18.5;  29.75;135
 18.25;  30.25;134
18;  29.75;134
 17.75;  29.75;134
 17.5;  29.75;134
 17.25;  29.75;134
17;  29.75;134
 16.75;30;134
 16.5;  29.75;134
 16.25;  29.75;134
16;  29.75;134
 15.75;  29.75;134
 15.5;  30.25;134
 15.25;  29.75;134
15;  29.75;134
 14.75;  29.75;134
 14.5;  29.75;134
 14.25;  29.75;134
14;  29.75;134
 13.75;  29.75;175
 13.5;  29.75;175
 13.25;  29.75;175
13;  29.75;175
 12.75;  29.75;175
 12.5;  30.25;175
 12.25;  29.75;21
12;  29.75;21
 11.75;  29.75;21
 11.5;  29.75;21
 11.25;30;21
11;  29.75;118
 10.75;  29.75;118
 10.5;  29.75;118
 10.25;  29.75;118
10;  29.75;118
 9.75;  29.75;118
 9.5;  29.75;118
 9.25;  29.75;118
9;  29.75;118
 8.75;  29.75;118
 8.5;  29.75;118
 8.25;  29.75;118
8;  29.75;118
 7.75;  29.75;118
 7.5;  29.75;118
 7.25;  29.75;118
7;  29.75;118
 6.75;30;118
 6.5;  29.75;113
 6.25;  29.75;113
6;  29.75;113
 5.75;  29.75;113
 5.5;  29.75;113
 5.5;  29.75;113
5;30;130
 4.75;  29.75;130
 4.5;  29.75;130
 4.25;  29.75;130
4;  29.75;130
 3.75;  29.75;130
 3.5;  29.75;130
 3.25;30;130
3;  30.25;130
 2.25;  30.25;0
 2.25;  30.25;0
 2.25;  30.25;0
2;  30.25;0
 1.75;  30.25;0
 1.5;  30.25;0
 1.25;  30.25;0
1;  30.25;0
 0.75;  30.25;0
 0.5;  30.25;0
 0.25;  30.25;0
0;  30.25;0
47;  30.5;0
 46.75;  30.5;0
 46.5;  30.5;0
 46.25;  30.5;0
46;  30.5;0
 45.75;  30.5;0
 45.5;  30.5;0
 45.25;30;0
45;30;0
 44.75;30;0
 44.5;30;0
 44.25;30;0
44;30;0
44;30;0
44;30;0
 42.75;30;159
 42.75;30;159
 42.75;30;159
 42.5;30;159
 42.25;30;159
42;  30.5;151
 41.75;30;151
 41.5;30;151
 41.25;30;151
41;30;151
 40.75;30;151
 40.5;30;151
 40.25;30;151
40;30;151
 39.75;30;151
 39.5;30;137
 39.25;30;137
39;30;137
 38.75;30;137
 38.5;30;137
 38.25;30;137
38;30;137
 37.75;30;124
 37.5;30;124
 37.25;30;124
37;30;45
 36.75;30;45
 36.5;30;45
 36.25;30;45
36;30;45
 35.75;30;45
 35.5;30;45
 35.25;30;45
35;30;45
 34.75;30;45
 34.5;  30.25;45
 34.25;30;45
34;30;45
 33.75;30;45
 33.5;30;45
 33.25;30;45
33;30;45
 32.75;30;45
 32.5;30;45
 32.25;30;45
32;30;45
 31.75;  30.25;45
 31.5;30;45
 31.25;30;45
31;30;11
 30.75;30;11
 30.5;30;11
 30.25;30;11
30;30;11
 29.75;30;11
 29.5;30;11
 29.25;30;11
29;30;11
 28.75;30;11
 28.5;30;11
 28.25;30;11
28;30;11
 27.75;  30.25;11
 27.25;30;24
 27.25;30;24
 26.75;  30.5;24
 26.75;30;24
 26.5;30;24
 26.25;30;24
26;  30.25;24
 25.75;30;24
 25.5;30;24
 25.25;30;24
25;30;24
 24.75;  30.25;24
 24.5;30;128
 24.25;30;128
24;30;128
 23.75;30;128
 23.5;30;128
 23.25;  30.25;128
23;30;79
 22.75;30;79
 22.5;30;79
 22.25;30;79
22;30;79
 21.75;30;79
 21.5;30;79
 21.25;30;79
21;30;79
 20.75;30;79
 20.5;30;79
 20.25;30;135
20;30;135
 19.75;30;135
 19.5;30;135
 19.25;30;135
19;30;135
 18.75;30;135
 18.5;  30.25;134
 18.25;  30.5;134
18;30;134
 17.75;30;134
 17.5;  30.25;134
 17.25;30;134
17;30;134
 16.75;30;134
 16.5;30;134
 16.25;30;134
16;30;134
 15.75;30;134
 15.5;  30.25;134
 15.25;30;134
15;30;134
 14.75;30;134
 14.5;30;134
 14.25;30;134
14;30;134
 13.75;30;175
 13.5;30;175
 13.25;30;175
13;30;175
 12.75;30;175
 12.5;  30.25;175
 12.25;30;21
12;30;21
 11.75;30;21
 11.5;30;21
 11.25;30;21
11;30;118
 10.75;30;118
 10.5;30;118
 10.25;30;118
10;30;118
 9.75;30;118
 9.5;30;118
 9.25;30;118
9;30;118
 8.75;30;118
 8.5;30;118
 8.25;30;118
8;30;118
 7.75;30;118
 7.5;30;118
 7.25;30;118
7;30;118
 6.75;30;118
 6.5;30;113
 6.25;30;113
6;30;113
 5.5;30;113
 5.5;30;113
 5.25;  30.25;130
5;30;130
 4.75;30;130
 4.5;30;130
 4.25;30;130
4;30;130
 3.75;30;130
 3.5;30;130
 3.25;30;130
3;  30.25;130
 2.25;  30.5;0
 2.25;  30.5;0
 2.25;  30.5;0
2;  30.5;0
 1.75;  30.5;0
 1.5;  30.5;0
 1.25;  30.5;0
1;  30.5;0
 0.75;  30.5;0
 0.5;  30.5;0
 0.25;  30.5;0
0;  30.5;0
47;  30.75;0
 46.75;  30.75;0
 46.5;  30.75;0
 46.25;  30.75;0
46;  30.75;0
 45.75;  30.75;0
 45.5;  30.75;0
 45.25;  30.25;0
45;  30.25;0
 44.75;  30.25;0
 44.5;  30.25;0
 44.25;  30.25;0
 44.25;  30.25;0
 44.25;  30.25;0
 43.5;  30.25;173
 43.25;  30.25;173
43;  30.25;173
 42.75;  30.5;173
 42.5;  30.75;173
42;  30.75;151
42;  30.5;151
 41.75;  30.25;151
 41.5;  30.25;151
 41.25;  30.25;151
41;  30.25;151
 40.75;  30.25;151
 40.5;  30.25;151
 40.25;  30.25;151
40;  30.25;151
40;  30.75;151
 39.5;  30.25;137
 39.25;  30.25;137
39;  30.25;137
 38.75;  30.25;137
 38.5;  30.25;137
 38.25;  30.25;137
38;  30.25;137
 37.75;  30.25;137
 37.25;  30.25;124
 37.25;  30.25;124
37;  30.25;45
 36.75;  30.25;45
 36.5;  30.25;45
 36.25;  30.25;45
36;  30.25;45
 35.75;  30.25;45
 35.5;  30.25;45
 35.25;  30.25;45
35;  30.25;45
 34.75;  30.25;45
 34.5;  30.25;45
 34.25;  30.25;45
34;  30.25;45
 33.75;  30.25;45
 33.5;  30.25;45
 33.25;  30.25;45
33;  30.25;45
 32.75;  30.25;45
 32.5;  30.25;45
 32.25;  30.25;45
32;  30.25;45
 31.75;  30.25;45
 31.5;  30.25;45
 31.5;  30.25;45
31;  30.25;11
 30.75;  30.25;11
 30.5;  30.25;11
 30.25;  30.25;11
30;  30.25;11
 29.75;  30.25;11
 29.5;  30.25;11
 29.25;  30.25;11
29;  30.25;11
 28.75;  30.25;11
 28.5;  30.25;11
 28.25;  30.25;11
28;  30.25;11
 27.75;  30.25;11
 27.5;  30.5;11
 27.25;  30.75;11
 26.75;  30.5;24
 26.75;  30.25;24
 26.5;  30.25;24
 26.25;  30.25;24
26;  30.25;24
 25.75;  30.25;24
 25.5;  30.25;24
 25.25;  30.25;24
25;  30.5;24
 24.75;  30.25;24
 24.5;  30.25;128
 24.25;  30.25;128
24;  30.25;128
 23.75;  30.25;128
 23.5;  30.25;128
 23.25;  30.25;128
23;  30.25;79
 22.75;  30.25;79
 22.5;  30.25;79
 22.25;  30.25;79
22;  30.25;79
 21.75;  30.25;79
 21.5;  30.25;79
 21.25;  30.25;79
21;  30.25;79
 20.75;  30.25;79
 20.5;  30.25;79
 20.25;  30.25;135
20;  30.25;135
 19.75;  30.25;135
 19.5;  30.25;135
 19.25;  30.25;135
19;  30.25;135
 18.75;  30.25;135
 18.5;  30.25;134
 18.25;  30.5;134
18;  30.5;134
 17.75;  30.25;134
 17.5;  30.25;134
 17.25;  30.25;134
17;  30.25;134
 16.75;  30.25;134
 16.5;  30.5;134
 16.25;  30.25;134
16;  30.25;134
 15.75;  30.5;134
 15.5;  30.25;134
 15.25;  30.25;134
15;  30.5;134
 14.75;  30.25;134
 14.5;  30.25;134
 14.25;  30.25;134
14;  30.25;134
 13.75;  30.5;134
 13.5;  30.25;175
 13.25;  30.25;175
13;  30.25;175
 12.75;  30.25;175
 12.5;  30.25;175
 12.25;  30.75;175
12;  30.25;21
 11.75;  30.25;21
 11.5;  30.25;21
 11.25;  30.25;21
11;  30.25;118
 10.75;  30.25;118
 10.5;  30.25;118
 10.25;  30.25;118
10;  30.25;118
 9.75;  30.25;118
 9.5;  30.25;118
 9.25;  30.25;118
9;  30.25;118
 8.75;  30.25;118
 8.5;  30.25;118
 8.25;  30.25;118
8;  30.25;118
 7.75;  30.5;118
 7.5;  30.25;118
 7.25;  30.25;118
7;  30.25;118
 6.75;  30.25;118
 6.5;  30.25;113
 6.25;  30.25;113
6;  30.25;113
 5.75;  30.5;130
 5.5;  30.25;130
 5.25;  30.25;130
5;  30.25;130
 4.75;  30.25;130
 4.5;  30.25;130
 4.25;  30.25;130
4;  30.25;130
 3.75;  30.25;130
 3.5;  30.25;130
 3.25;  30.25;130
3;  30.25;130
 2.25;  30.75;0
 2.25;  30.75;0
 2.25;  30.75;0
2;  30.75;0
 1.75;  30.75;0
 1.5;  30.75;0
 1.25;  30.75;0
1;  30.75;0
 0.75;  30.75;0
 0.5;  30.75;0
 0.25;  30.75;0
0;  30.75;0
47;31;0
 46.75;31;0
 46.5;31;0
 46.25;31;0
46;31;0
 45.75;31;0
 45.5;31;0
 45.25;  30.5;0
45;  30.5;0
 44.75;  30.5;0
 44.5;  30.5;0
 44.25;  30.5;0
 44.25;  30.5;0
 44.25;  30.5;0
 43.5;  30.5;173
 43.25;  30.5;173
43;  30.5;173
 42.75;  30.5;173
 42.5;  30.75;173
42;  30.75;151
42;  30.5;151
 41.75;  30.5;151
 41.5;  30.5;151
 41.25;  30.5;151
41;  30.5;151
 40.75;  30.5;151
 40.5;  30.5;151
 40.25;  30.5;151
40;  30.5;151
40;  30.75;151
 39.5;  30.5;115
 39.25;  30.5;115
39;  30.5;115
 38.75;31;115
 38.5;31;115
 38.25;  30.75;115
38;  30.75;115
 37.75;  30.75;115
 37.75;  30.75;115
 37.75;  30.75;115
 36.75;  30.5;45
 36.75;  30.5;45
 36.5;  30.5;45
 36.25;  30.5;45
36;  30.5;45
 35.75;  30.5;45
 35.5;  30.5;45
 35.25;  30.5;45
35;  30.5;45
 34.75;  30.5;45
 34.5;  30.5;45
 34.25;  30.5;45
34;  30.5;45
 33.75;  30.5;45
 33.5;  30.5;45
 33.25;  30.5;45
33;  30.5;45
 32.75;  30.5;45
 32.5;  30.5;45
 32.25;  30.5;45
32;  30.5;45
 31.75;  30.5;45
 31.5;  30.5;45
 31.25;  30.75;11
31;  30.5;11
 30.75;  30.5;11
 30.5;  30.5;11
 30.25;  30.5;11
30;  30.5;11
 29.75;  30.5;11
 29.5;  30.5;11
 29.25;  30.5;11
29;  30.5;11
 28.75;  30.5;11
 28.5;  30.5;11
 28.25;  30.5;11
28;  30.5;11
 27.75;  30.5;11
 27.5;  30.5;11
 27.25;  30.75;11
 26.75;  30.5;24
 26.75;  30.5;24
 26.5;  30.5;24
 26.25;  30.5;24
26;  30.5;24
 25.75;  30.5;24
 25.5;  30.5;24
25;  30.5;24
25;  30.5;24
25;  30.5;24
 24.5;  30.5;128
 24.25;  30.5;128
24;  30.5;128
 23.75;  30.5;128
 23.5;  30.5;128
 23.25;  30.5;128
23;  30.5;79
 22.75;  30.5;79
 22.5;  30.5;79
 22.25;  30.5;79
22;  30.5;79
 21.75;  30.5;79
 21.5;  30.5;79
 21.25;  30.5;79
21;  30.5;79
 20.75;  30.5;79
 20.5;  30.5;135
 20.25;  30.5;135
20;  30.5;135
 19.75;  30.5;135
 19.5;  30.5;135
 19.25;  30.5;135
19;  30.5;135
 18.75;  30.5;135
 18.5;  30.75;134
 18.25;  30.5;134
18;  30.5;134
 17.75;  30.5;134
 17.5;  30.5;134
 17.25;  30.5;134
17;  30.5;134
 16.75;  30.5;134
 16.5;  30.5;134
 16.25;31;134
16;  30.5;134
 15.75;  30.5;134
 15.5;  30.5;134
 15.25;  30.75;134
15;  30.5;134
 14.75;  30.5;134
 14.5;  30.5;134
 14.25;  30.5;134
14;  30.5;134
 13.75;  30.5;134
 13.5;  30.5;175
 13.25;  30.5;175
13;  30.5;175
 12.75;  30.5;175
 12.5;  30.5;175
 12.25;  30.75;175
12;  30.5;21
 11.75;  30.5;21
 11.5;  30.5;21
 11.25;31;21
11;31;21
 10.75;  30.5;118
 10.5;  30.5;118
 10.25;  30.5;118
10;  30.5;118
 9.75;  30.5;118
 9.5;  30.5;118
 9.25;  30.5;118
9;  30.5;118
 8.75;  30.5;118
 8.5;  30.5;118
 8.25;  30.5;118
8;  30.5;118
 7.75;  30.5;118
 7.5;  30.5;118
 7.25;  30.5;118
7;  30.5;118
 6.75;  30.5;118
 6.5;  30.25;113
 6.25;  30.25;113
6;  30.5;130
 5.75;  30.5;130
 5.5;  30.5;130
 5.25;  30.5;130
5;  30.5;130
 4.75;  30.5;130
 4.5;  30.5;130
 4.25;  30.5;130
4;  30.5;130
 3.75;  30.5;130
 3.5;  30.5;130
 3.25;  30.75;130
3;  30.5;130
 2.25;31;0
 2.25;31;0
 2.25;31;0
2;31;0
 1.75;31;0
 1.5;31;0
 1.25;31;0
1;31;0
 0.75;31;0
 0.5;31;0
 0.25;31;0
0;31;0
47;  31.25;0
 46.75;  31.25;0
 46.5;  31.25;0
 46.25;  31.25;0
46;  31.25;0
 45.75;  31.25;0
 45.5;  31.25;0
 45.25;  30.75;0
45;  30.75;0
 44.75;  30.75;0
 44.5;  30.75;0
 44.25;  30.75;0
 44.25;  30.75;0
 44.25;  30.75;0
 43.5;  30.75;173
 43.25;  30.75;173
43;  30.75;173
 42.75;  30.75;173
 42.5;  30.75;173
42;  30.75;151
42;  30.75;151
 41.75;  30.75;151
 41.5;  30.75;151
 41.25;  30.75;151
41;  30.75;151
 40.75;  30.75;151
 40.5;  30.75;151
 40.25;  30.75;151
40;  30.75;151
40;  30.75;151
 39.5;31;115
 39.25;31;115
39;  30.75;115
 38.75;31;115
 38.5;31;115
 38.25;  30.75;115
38;  30.75;115
 37.75;  30.75;115
 37.5;  30.75;115
 37.25;31;115
37;31;115
 36.75;  31.25;115
 36.5;  30.75;45
 36.25;  30.75;45
36;  30.75;45
 35.75;  30.75;45
 35.5;  30.75;45
 35.25;  30.75;45
35;  30.75;45
 34.75;  30.75;45
 34.5;  30.75;45
 34.25;  30.75;45
34;  30.75;45
 33.75;  30.75;45
 33.5;  30.75;45
 33.25;  30.75;45
33;  30.75;45
 32.75;  30.75;45
 32.5;  30.75;45
 32.25;  30.75;45
32;  30.75;45
 31.75;  30.75;45
 31.5;  30.75;45
 31.25;  30.75;11
31;  30.75;11
 30.75;  30.75;11
 30.5;  30.75;11
 30.25;  30.75;11
30;  30.75;11
 29.75;  30.75;11
 29.5;  30.75;11
 29.25;  30.75;11
29;  30.75;11
 28.75;  30.75;11
 28.5;  30.75;11
 28.25;  30.75;11
28;  30.75;11
 27.75;  30.75;11
 27.5;  30.75;11
 27.25;  30.75;11
 26.75;  30.75;24
 26.75;  30.75;24
 26.5;  30.75;24
 26.25;  30.75;24
26;  30.75;24
 25.75;  30.75;24
 25.5;  30.75;24
 25.25;31;103
25;  31.25;103
 24.75;  30.75;103
 24.5;31;103
 24.25;  30.75;128
 23.75;  30.75;128
 23.75;  30.75;128
 23.5;  30.75;128
 23.25;  30.75;128
23;  30.75;79
 22.75;  30.75;79
 22.5;  30.75;79
 22.25;  30.75;79
22;  30.75;79
 21.75;  30.75;79
 21.5;  30.75;79
 21.25;  30.75;79
21;  30.75;79
 20.75;  30.75;79
 20.5;  30.75;135
 20.25;  30.75;135
20;  30.75;135
 19.75;  30.75;135
 19.5;  30.75;135
 19.25;  30.75;135
19;  30.75;135
 18.75;  30.75;135
 18.5;  30.75;134
 18.25;  30.75;134
18;  30.75;134
 17.75;31;134
 17.5;  30.75;134
 17.25;  30.75;134
17;  30.75;134
 16.75;  30.75;134
 16.5;31;134
 16.25;31;134
16;  30.75;134
 15.75;  30.75;134
 15.5;  30.75;134
 15.25;  30.75;134
15;  30.75;134
 14.75;  30.75;134
 14.5;  30.75;134
 14.25;  30.75;134
14;  31.25;134
 13.75;  30.75;134
 13.5;31;134
 13.25;  30.75;175
13;  30.75;175
 12.75;  30.75;175
 12.5;  30.75;175
 12.25;  30.75;175
 11.75;  30.75;21
 11.75;  30.75;21
 11.5;  30.75;21
 11.25;31;21
11;31;21
 10.75;  30.75;118
 10.5;  30.75;118
 10.25;  30.75;118
10;  30.75;118
 9.75;  30.75;118
 9.5;  30.75;118
 9.25;  30.75;118
9;  30.75;118
 8.75;  30.75;118
 8.5;  30.75;118
 8.25;  30.75;118
8;  30.75;118
 7.75;  30.75;118
 7.5;  30.75;118
 7.25;  30.75;118
7;  30.75;118
 6.75;  30.75;118
 6.75;  30.75;118
6;  30.75;130
6;  30.75;130
 5.75;  30.75;130
 5.5;  30.75;130
 5.25;  30.75;130
5;  30.75;130
 4.75;  30.75;130
 4.5;  30.75;130
 4.25;  30.75;130
4;  30.75;130
 3.75;  30.75;130
 3.5;  30.75;130
 3.25;  30.75;130
3;  30.75;130
 2.25;  31.25;0
 2.25;  31.25;0
 2.25;  31.25;0
2;  31.25;0
 1.75;  31.25;0
 1.5;  31.25;0
 1.25;  31.25;0
1;  31.25;0
 0.75;  31.25;0
 0.5;  31.25;0
 0.25;  31.25;0
0;  31.25;0
47;  31.5;0
 46.75;  31.5;0
 46.5;  31.5;0
 46.25;  31.5;0
46;  31.5;0
 45.75;  31.5;0
 45.5;  31.5;0
 45.25;31;0
45;31;0
 44.75;31;0
 44.5;31;0
 44.25;31;0
 44.25;31;0
 44.25;31;0
 43.5;31;173
 43.25;31;173
43;31;173
 42.75;31;173
 42.5;31;173
 42.25;  31.5;173
42;31;151
 41.75;31;151
 41.5;31;151
 41.25;31;151
41;31;151
 40.75;31;151
 40.5;31;151
 40.25;31;151
40;  31.5;115
 39.75;  31.25;115
 39.5;31;115
 39.25;31;115
39;31;115
 38.75;31;115
 38.5;31;115
 38.25;31;115
38;31;115
 37.75;31;115
 37.5;31;115
 37.25;31;115
37;31;115
 36.75;  31.25;115
 36.5;  31.5;115
 36.25;31;45
36;31;45
 35.75;31;45
 35.5;31;45
 35.25;31;45
35;31;45
 34.75;31;45
 34.5;31;45
 34.25;31;45
34;31;45
 33.75;31;45
 33.5;31;45
 33.25;31;45
33;31;45
 32.75;31;45
 32.5;31;45
 32.25;31;45
32;31;45
 31.75;31;45
 31.5;31;45
 31.25;31;11
31;31;11
 30.75;31;11
 30.5;31;11
 30.25;31;11
30;31;11
 29.75;31;11
 29.5;31;11
 29.25;31;11
29;31;11
 28.75;31;11
 28.5;31;11
 28.25;31;11
28;31;11
 27.75;31;11
 27.5;31;11
 27.25;31;11
 27.5;  31.25;11
 26.75;  30.75;24
 26.5;  30.75;24
 26.25;  31.25;103
26;  31.25;103
 25.75;  31.25;103
 25.5;  31.25;103
 25.25;31;103
25;  31.25;103
 24.75;31;103
 24.5;31;103
 24.25;  31.25;103
24;  31.25;103
 23.75;  31.25;148
 23.5;  31.25;148
 23.25;31;148
23;  31.5;148
 22.75;31;79
 22.5;31;79
 22.25;31;79
22;31;79
 21.75;31;79
 21.25;  31.25;79
 21.25;31;79
21;31;79
21;31;79
 20.5;31;135
 20.25;31;135
20;31;135
 19.75;31;135
 19.5;31;135
 19.25;31;135
19;31;135
 18.75;31;135
 18.5;31;134
 18.25;31;134
18;31;134
 17.75;31;134
 17.5;  31.25;134
 17.25;31;134
17;  31.25;134
 16.75;31;134
 16.5;31;134
 16.25;31;134
16;31;134
 15.75;  31.25;134
 15.5;31;134
 15.25;  31.25;134
15;31;134
 14.75;  31.5;134
 14.5;31;134
 14.25;  31.5;134
14;  31.25;134
 13.75;31;134
 13.5;31;134
 13.25;31;175
13;31;175
 12.75;31;175
 12.5;31;175
 12.25;31;175
12;  31.25;175
 11.75;31;21
 11.5;31;21
 11.25;31;21
11;31;21
 10.75;31;118
 10.5;31;118
 10.25;31;118
10;31;118
 9.75;31;118
 9.5;31;118
 9.25;31;118
9;31;118
 8.75;31;118
 8.5;31;118
 8.25;31;118
8;31;118
 7.75;31;118
 7.5;31;118
 7.25;31;118
7;31;118
7;31;118
 6.5;31;190
 6.25;31;190
6;31;130
 5.75;31;130
 5.5;31;130
 5.25;31;130
5;31;130
 4.75;31;130
 4.5;31;130
 4.25;31;130
4;31;130
 3.75;31;130
 3.5;31;130
 3.25;31;130
3;31;130
 2.25;  31.5;0
 2.25;  31.5;0
 2.25;  31.5;0
2;  31.5;0
 1.75;  31.5;0
 1.5;  31.5;0
 1.25;  31.5;0
1;  31.5;0
 0.75;  31.5;0
 0.5;  31.5;0
 0.25;  31.5;0
0;  31.5;0
47;  31.75;0
 46.75;  31.75;0
 46.5;  31.75;0
 46.25;  31.75;0
46;  31.75;0
 45.75;  31.75;0
 45.5;  31.75;0
 45.25;  31.25;0
45;  31.25;0
 44.75;  31.25;0
 44.5;  31.25;0
 44.25;  31.25;0
 44.25;  31.25;0
 44.25;  31.25;0
 43.5;  31.5;173
 43.25;  31.25;173
43;  31.25;173
 42.75;  31.25;173
 42.5;  31.25;173
 42.25;  31.5;173
42;  31.25;151
 41.75;  31.25;151
 41.5;  31.25;151
 41.25;  31.25;151
41;  31.25;151
 40.75;  31.5;151
 40.5;  31.25;151
 40.25;  31.25;151
 39.75;  31.25;115
 39.75;  31.25;115
 39.5;  31.25;115
 39.25;  31.25;115
39;  31.25;115
 38.75;  31.25;115
 38.5;  31.25;115
 38.25;  31.25;115
38;  31.25;115
 37.75;  31.25;115
 37.5;  31.25;115
 37.25;  31.25;115
37;  31.25;115
 36.75;  31.25;115
 36.5;  31.5;115
36;  31.25;45
36;  31.25;45
 35.75;  31.25;45
 35.5;  31.25;45
 35.25;  31.25;45
35;  31.25;45
 34.75;  31.25;45
 34.5;  31.25;45
 34.25;  31.25;45
34;  31.25;45
 33.75;  31.25;45
 33.5;  31.25;45
 33.25;  31.25;45
33;  31.25;45
 32.75;  31.25;45
 32.5;  31.25;45
 32.25;  31.25;45
32;  31.25;45
 31.75;  31.25;45
 31.5;  31.25;45
 31.25;  31.25;11
31;  31.25;11
 30.75;  31.25;11
 30.5;  31.25;11
 30.25;  31.25;11
30;  31.25;11
 29.75;  31.25;11
 29.5;  31.25;11
 29.25;  31.25;11
29;  31.25;11
 28.75;  31.25;11
 28.5;  31.25;11
 28.25;  31.25;11
28;  31.25;11
 27.75;  31.25;11
 27.5;  31.25;11
 27.5;  31.25;11
 27.5;  31.25;11
 26.75;  31.75;103
 26.5;  31.5;103
 26.25;  31.25;103
26;  31.25;103
 25.75;  31.25;103
 25.5;  31.25;103
 25.25;  31.25;103
25;  31.25;103
 24.75;  31.25;103
 24.5;  31.25;103
 24.25;  31.25;103
24;  31.25;103
 23.75;  31.25;148
 23.5;  31.25;148
 23.25;  31.25;148
23;  31.5;148
 22.75;  31.25;79
 22.5;  31.25;79
 22.5;  31.25;79
 21.25;  31.25;79
 21.25;  31.25;79
21;  31.25;79
 21.25;  31.5;36
21;  31.5;36
21;  31.5;36
 20.5;  31.25;135
 20.25;  31.25;135
20;  31.25;135
 19.75;  31.25;135
 19.5;  31.25;135
 19.25;  31.25;135
19;  31.25;135
 18.75;  31.25;135
 18.5;  31.25;134
 18.25;  31.25;134
18;  31.25;134
 17.75;  31.25;134
 17.5;  31.25;134
 17.25;  31.5;134
17;  31.25;134
 16.75;  31.5;134
 16.5;  31.25;134
 16.25;  31.25;134
16;  31.5;134
 15.75;  31.25;134
 15.5;  31.25;134
 15.25;  31.25;134
15;  31.25;134
 14.75;  31.75;134
 14.5;  31.25;134
 14.25;  31.5;134
14;  31.25;134
 13.75;  31.25;134
 13.5;  31.25;134
 13.25;  31.5;134
13;  31.25;175
 12.75;  31.25;175
 12.5;  31.25;175
 12.25;  31.5;175
12;  31.25;175
 11.75;  31.5;175
 11.5;  31.25;21
 11.25;  31.25;21
11;  31.25;21
 10.75;  31.25;118
 10.5;  31.25;118
 10.25;  31.25;118
10;  31.25;118
 9.75;  31.25;118
 9.5;  31.25;118
 9.25;  31.25;118
9;  31.25;118
 8.75;  31.25;118
 8.5;  31.25;118
 8.25;  31.25;118
8;  31.25;118
 7.75;  31.25;118
 7.5;  31.25;118
 7.25;  31.25;118
7;  31.25;118
 6.75;  31.75;190
 6.5;  31.25;190
 6.25;  31.25;190
6;  31.25;190
 5.75;  31.75;190
 5.5;  31.25;130
 5.25;  31.25;130
5;  31.25;130
 4.75;  31.25;130
 4.5;  31.25;130
 4.25;  31.25;130
4;  31.25;130
 3.75;  31.25;130
 3.5;  31.25;130
 3.25;  31.25;130
3;  31.25;130
 2.25;  31.75;0
 2.25;  31.75;0
 2.25;  31.75;0
2;  31.75;0
 1.75;  31.75;0
 1.5;  31.75;0
 1.25;  31.75;0
1;  31.75;0
 0.75;  31.75;0
 0.5;  31.75;0
 0.25;  31.75;0
0;  31.75;0
47;32;0
 46.75;32;0
 46.5;32;0
 46.25;32;0
46;32;0
 45.75;32;0
 45.5;32;0
 45.25;  31.5;0
45;  31.5;0
 44.75;  31.5;0
 44.5;  31.5;0
 44.25;  31.5;0
 44.25;  31.5;0
 44.25;  31.5;0
 43.5;  31.5;173
 43.25;  31.5;173
43;  31.5;173
 42.75;  31.5;173
 42.5;  31.5;173
 42.25;  31.5;173
42;  31.5;151
 41.75;  31.5;151
 41.5;  31.5;151
 41.25;  31.5;151
41;  31.5;151
 40.75;  31.5;151
 40.5;  31.5;151
 40.25;  31.5;151
40;  32.25;115
 39.75;  31.5;115
 39.5;  31.75;115
 39.25;  31.5;115
39;  31.5;115
 38.75;  31.5;115
 38.5;32;115
 38.25;  31.75;115
38;  31.5;115
 37.75;  31.5;115
 37.5;  31.5;115
 37.25;  31.75;115
37;  31.5;115
 36.75;  31.5;115
 36.5;  31.5;115
 36.25;  31.75;115
36;  31.5;45
 35.75;  31.5;45
 35.5;  31.5;45
 35.25;  31.5;45
35;  31.5;45
 34.75;  31.5;45
 34.5;  31.5;45
 34.25;  31.5;45
34;  31.5;45
 33.75;  31.5;45
 33.5;  31.5;45
 33.25;  31.5;45
33;  31.5;45
 32.75;  31.5;45
 32.5;  31.5;45
 32.25;  31.5;45
32;  31.5;45
 31.75;  31.5;45
 31.5;  31.5;45
 31.25;  31.5;11
31;  31.5;11
 30.75;  31.5;11
 30.5;  31.5;11
 30.25;  31.5;11
30;  31.5;11
 29.75;  31.5;11
 29.5;  31.5;11
 29.25;  31.5;11
29;  31.5;11
 28.75;  31.5;11
 28.5;  31.5;11
 28.25;  31.5;11
28;  31.5;11
 27.75;  31.5;11
 27.5;  31.5;11
 27.25;  31.75;11
27;  31.75;103
 26.75;  31.75;103
 26.5;  31.5;103
 26.25;  31.5;103
26;  31.5;103
 25.75;  31.5;103
 25.5;  31.5;103
 25.25;  31.5;103
25;  31.5;103
 24.75;  31.5;103
 24.5;  31.5;103
 24.25;  31.5;103
24;  31.5;103
 23.75;  31.5;148
 23.5;  31.5;148
 23.25;  31.5;148
23;  31.5;148
 22.75;  31.5;36
 22.5;  31.75;36
 22.25;  31.5;36
22;  31.5;36
 21.75;  31.5;36
 21.5;  31.5;36
 21.25;  31.5;36
21;  31.5;36
 20.75;  31.5;36
 20.5;  31.75;36
 20.25;  31.5;135
20;  31.5;135
 19.75;  31.5;135
 19.5;  31.5;135
 19.25;  31.5;135
19;  31.5;135
 18.75;  31.75;134
 18.5;  31.5;134
 18.25;  31.5;134
18;  31.5;134
 17.75;  31.75;134
 17.5;  31.5;134
 17.25;  31.5;134
17;  31.5;134
 16.75;  31.5;134
 16.5;  31.5;134
 16.25;  31.5;134
16;  31.5;134
 15.75;  31.5;134
 15.5;  31.5;134
 15.25;  31.5;134
15;  31.5;134
 14.75;  31.75;134
 14.5;  31.75;134
 14.25;  31.5;134
14;  31.5;134
 13.75;  31.5;134
 13.5;  31.5;134
 13.25;  31.5;134
13;  31.5;175
 12.75;  31.5;175
 12.5;  31.5;175
 12.25;  31.5;175
12;  31.5;175
 11.75;  31.5;175
 11.5;  31.5;21
 11.25;  31.75;21
11;  31.75;21
 10.5;  31.5;118
 10.5;  31.5;118
 10.25;  31.5;118
10;  31.5;118
 9.75;  31.5;118
 9.5;  31.5;118
 9.25;  31.5;118
9;  31.5;118
 8.75;  31.5;118
 8.5;  31.5;118
 8.25;  31.5;118
8;  31.5;118
 7.75;  31.5;118
 7.5;  31.5;118
 7.25;  31.5;118
7;  31.5;118
 6.75;  31.75;190
 6.5;  31.5;190
 6.25;  31.5;190
6;  31.5;190
 5.75;  31.75;190
 5.5;32;190
 5.25;  31.5;130
5;  31.5;130
 4.75;  31.5;130
 4.5;  31.5;130
 4.25;  31.5;130
4;  31.75;130
 3.75;  31.5;130
 3.5;  31.5;130
 3.25;  31.75;130
3;  31.75;130
 2.25;32;0
 2.25;32;0
 2.25;32;0
2;32;0
 1.75;32;0
 1.5;32;0
 1.25;32;0
1;32;0
 0.75;32;0
 0.5;32;0
 0.25;32;0
0;32;0
47;  32.25;0
 46.75;  32.25;0
 46.5;  32.25;0
 46.25;  32.25;0
46;  32.25;0
 45.75;  32.25;0
 45.5;  32.25;0
 45.25;  31.75;0
45;  31.75;0
 44.75;  31.75;0
 44.5;  31.75;0
 44.25;  31.75;0
 44.25;  31.75;0
 44.25;  31.75;0
 43.5;  31.75;173
 43.25;  31.75;173
43;  31.75;173
 42.75;  31.75;173
 42.5;  31.75;173
 42.25;  31.75;173
42;  31.75;151
 41.75;  31.75;151
 41.5;  31.75;151
 41.25;  31.75;151
41;  31.75;151
 40.75;  31.75;151
 40.5;  31.75;151
 40.25;  31.75;151
40;  32.25;115
 39.75;32;115
 39.5;  31.75;115
 39.25;  31.75;115
39;  31.75;115
 38.75;  31.75;115
 38.5;32;115
 38.25;  31.75;115
38;  31.75;115
 37.75;  31.75;115
 37.5;  31.75;115
 37.25;  31.75;115
37;  31.75;115
 36.75;  31.75;115
 36.5;  31.75;115
 36.25;  31.75;115
 35.75;  31.75;45
 35.75;  31.75;45
 35.5;  31.75;45
 35.25;  31.75;45
35;  31.75;45
 34.75;  31.75;45
 34.5;  31.75;45
 34.25;  31.75;45
34;  31.75;45
 33.75;  31.75;45
 33.5;  31.75;45
 33.25;  31.75;45
33;  31.75;45
 32.75;  31.75;45
 32.5;  31.75;45
 32.25;  31.75;45
32;  31.75;45
 31.75;  31.75;45
 31.75;  31.75;45
 31.25;  31.75;11
31;  31.75;11
 30.75;  31.75;11
 30.5;  31.75;11
 30.25;  31.75;11
30;  31.75;11
 29.75;  31.75;11
 29.5;  31.75;11
 29.25;  31.75;11
29;  31.75;11
 28.75;  31.75;11
 28.5;  31.75;11
 28.25;  31.75;11
28;  31.75;11
 27.75;32;11
 27.5;  31.75;11
 27.25;  31.75;11
27;  31.75;103
 26.75;  31.75;103
 26.5;  31.75;103
 26.25;  31.75;103
26;  31.75;103
 25.75;  31.75;103
 25.5;  31.75;103
 25.25;  31.75;103
25;  31.75;103
 24.75;  31.75;103
 24.5;  31.75;103
 24.25;  31.75;103
24;  31.75;103
 23.75;  31.75;148
 23.5;  31.75;148
 23.25;  31.75;148
23;  31.75;148
 22.75;  31.75;36
 22.5;  31.75;36
 22.25;  31.75;36
22;  31.75;36
 21.75;  31.75;36
 21.5;  31.75;36
 21.25;  31.75;36
21;  31.75;36
 20.75;  31.75;36
 20.5;  31.75;36
 20.25;32;36
20;  31.75;135
 19.75;  31.75;135
 19.5;  31.75;135
 19.25;  31.75;135
19;  31.75;135
 18.75;  31.75;134
 18.5;  31.75;134
18;32;134
18;  31.75;134
 17.75;  31.75;134
 17.5;  31.75;134
 17.25;  31.75;134
17;  31.75;134
 16.75;32;134
 16.5;32;134
 16.25;  31.75;134
16;  31.75;134
 15.75;  31.75;134
 15.5;  31.75;134
 15.25;  31.75;134
15;  31.75;134
 14.75;  31.75;134
 14.5;  31.75;134
 14.25;  31.75;134
14;  31.75;134
 13.75;  31.75;134
 13.5;  31.75;134
 13.25;  31.75;134
13;  32.25;134
 12.75;  31.75;175
 12.5;  31.75;175
 12.25;  31.75;175
12;  31.75;175
 11.75;  31.75;175
 11.5;32;175
 11.25;  31.75;21
11;  31.75;21
 10.75;32;21
 10.5;  31.75;118
 10.25;  31.75;118
10;  31.75;118
 9.75;  31.75;118
 9.5;  31.75;118
 9.25;  31.75;118
9;  31.75;118
 8.75;  31.75;118
 8.5;  31.75;118
 8.25;  31.75;118
8;  31.75;118
 7.75;  31.75;118
 7.5;  31.75;118
 7.25;  31.75;118
7;  31.75;118
 6.75;  31.75;190
 6.5;  31.75;190
 6.25;  31.75;190
6;  31.75;190
 5.75;  31.75;190
 5.5;32;190
 5.25;32;190
5;  31.75;130
 4.75;  31.75;130
 4.5;  31.75;130
 4.25;  31.75;130
4;  31.75;130
 3.75;  31.75;130
 3.5;  31.75;130
 3.25;  31.75;130
3;  31.75;130
 2.25;  32.25;0
 2.25;  32.25;0
 2.25;  32.25;0
2;  32.25;0
 1.75;  32.25;0
 1.5;  32.25;0
 1.25;  32.25;0
1;  32.25;0
 0.75;  32.25;0
 0.5;  32.25;0
 0.25;  32.25;0
0;  32.25;0
47;  32.5;0
 46.75;  32.5;0
 46.5;  32.5;0
 46.25;  32.5;0
46;  32.5;0
 45.75;  32.5;0
 45.5;  32.5;0
 45.25;32;0
45;32;0
 44.75;32;0
 44.5;32;0
 44.25;32;0
 44.25;32;0
 44.25;32;0
 43.5;32;173
 43.25;32;173
43;32;173
 42.75;32;173
 42.5;32;173
 42.25;32;173
 41.75;32;151
 41.75;32;151
 41.5;32;151
 41.25;32;151
41;32;151
 40.75;32;151
 40.5;32;151
 40.25;  32.25;115
40;  32.25;115
 39.75;32;115
 39.5;32;115
 39.25;32;115
39;32;115
 38.75;32;115
 38.5;32;115
 38.25;  32.25;115
38;32;115
 37.75;  32.25;115
 37.5;  32.25;115
 37.25;32;115
37;32;115
 36.75;32;115
 36.5;32;115
 36.25;32;115
36;  32.25;115
 35.5;32;45
 35.5;32;45
 35.25;32;45
35;32;45
 34.75;32;45
 34.5;32;45
 34.25;32;45
34;32;45
 33.75;32;45
 33.5;32;45
 33.25;32;45
33;32;45
 32.75;32;45
 32.5;32;45
 32.25;32;45
32;32;45
 31.75;32;45
 31.5;  32.75;45
 31.25;32;11
31;32;11
 30.75;32;11
 30.5;32;11
 30.25;  32.25;11
30;32;11
 29.75;32;11
 29.5;32;11
 29.25;32;11
29;32;11
 28.75;32;11
 28.5;32;11
 28.25;32;11
28;32;11
 27.75;32;11
 27.5;32;11
 27.25;  32.25;103
27;32;103
 26.75;32;103
 26.5;32;103
 26.25;32;103
26;32;103
 25.75;32;103
 25.5;32;103
 25.25;32;103
25;32;103
 24.75;32;103
 24.5;32;103
 24.25;32;103
24;32;103
 23.75;32;148
 23.5;32;148
 23.25;32;148
23;32;148
 22.75;32;36
 22.5;32;36
 22.25;32;36
22;32;36
 21.75;32;36
 21.5;32;36
 21.25;32;36
21;32;36
 20.75;32;36
 20.5;32;36
 20.25;32;36
20;  32.25;36
 19.75;32;135
 19.5;32;135
 19.25;32;135
19;32;135
 18.75;  32.25;134
 18.5;32;134
18;32;134
18;32;134
 17.75;32;134
 17.5;32;134
 17.25;32;134
17;32;134
 16.75;32;134
 16.5;32;134
 16.25;  32.25;134
16;32;134
 15.75;32;134
 15.5;32;134
 15.25;32;134
15;32;134
 14.75;32;134
 14.5;  32.25;134
 14.25;32;134
14;32;134
 13.75;32;134
 13.5;32;134
 13.25;32;134
13;  32.25;134
 12.75;32;175
 12.5;32;175
 12.25;32;175
12;  32.25;175
 11.75;32;175
 11.5;32;175
 11.25;32;21
11;  32.25;21
 10.75;32;21
 10.5;32;118
 10.25;32;118
10;32;118
 9.75;32;118
 9.5;32;118
 9.25;32;118
9;32;118
 8.75;32;118
 8.5;32;118
 8.25;32;118
8;32;118
 7.75;32;118
 7.5;32;118
 7.25;32;118
7;  32.5;190
 6.75;32;190
 6.5;32;190
 6.25;32;190
6;32;190
 5.75;32;190
 5.5;32;190
 5.25;32;190
5;  32.25;190
 4.75;  32.25;190
 4.5;32;130
 4.25;32;130
4;32;130
 3.75;  32.25;130
 3.5;32;130
 3.25;32;130
3;  32.25;130
 2.25;  32.5;0
 2.25;  32.5;0
 2.25;  32.5;0
2;  32.5;0
 1.75;  32.5;0
 1.5;  32.5;0
 1.25;  32.5;0
1;  32.5;0
 0.75;  32.5;0
 0.5;  32.5;0
 0.25;  32.5;0
0;  32.5;0
47;  32.75;0
 46.75;  32.75;0
 46.5;  32.75;0
 46.25;  32.75;0
46;  32.75;0
 45.75;  32.75;0
 45.5;  32.75;0
 45.25;  32.25;0
45;  32.25;0
 44.75;  32.25;0
 44.5;  32.25;0
 44.25;  32.25;0
44;  32.75;0
44;  32.75;0
 43.5;  32.25;173
 43.25;  32.25;173
43;  32.25;173
 42.75;  32.25;173
 42.5;  32.25;173
 42.25;  32.25;173
42;  32.75;173
 41.75;  32.25;151
 41.5;  32.25;151
 41.25;  32.25;151
41;  32.25;151
 40.75;  32.75;115
 40.5;  32.5;115
 40.25;  32.25;115
40;  32.25;115
 39.75;  32.25;115
 39.5;  32.25;115
 39.25;  32.25;115
39;  32.5;115
 38.75;  32.5;115
 38.5;  32.25;115
 38.25;  32.25;115
38;  32.25;115
 37.75;  32.25;115
 37.5;  32.25;115
 37.25;  32.25;115
37;  32.5;115
 36.75;  32.25;115
 36.5;  32.25;115
 36.25;  32.25;115
36;  32.25;115
 35.75;  32.5;115
 35.5;  32.75;115
 35.25;  32.25;45
35;  32.25;45
 34.75;  32.25;45
 34.5;  32.25;45
 34.25;  32.25;45
34;  32.25;45
 33.75;  32.25;45
 33.5;  32.25;45
 33.25;  32.25;45
33;  32.25;45
 32.75;  32.25;45
 32.5;  32.25;45
 32.25;  32.25;45
32;  32.25;45
 31.75;  32.25;45
 31.5;  32.75;45
 31.25;  32.25;11
31;  32.25;11
 30.75;  32.25;11
 30.5;  32.25;11
 30.25;  32.25;11
30;  32.25;11
 29.75;  32.25;11
 29.5;  32.25;11
 29.25;  32.25;11
29;  32.25;11
 28.75;  32.25;11
 28.5;  32.25;11
 28.25;  32.25;11
28;  32.25;11
 27.75;  32.25;11
 27.5;  32.25;11
 27.25;  32.25;103
27;  32.25;103
 26.75;  32.25;103
 26.5;  32.25;103
 26.25;  32.25;103
26;  32.25;103
 25.75;  32.25;103
 25.5;  32.25;103
 25.25;  32.25;103
25;  32.25;103
 24.75;  32.25;103
 24.5;  32.25;103
 24.25;  32.75;103
24;  32.25;103
 23.75;  32.25;148
 23.5;  32.25;148
 23.25;  32.25;148
 23.25;  32.25;148
 22.75;  32.25;36
 22.5;  32.25;36
 22.25;  32.25;36
22;  32.25;36
 21.75;  32.25;36
 21.5;  32.25;36
 21.25;  32.25;36
21;  32.25;36
 20.75;  32.25;36
 20.5;  32.25;36
 20.25;  32.25;36
20;  32.25;36
 19.75;  32.75;36
 19.5;  32.25;135
 19.25;  32.25;135
19;  32.75;134
 18.75;  32.25;134
 18.5;  32.25;134
 18.25;  32.5;134
18;  32.25;134
 17.75;  32.25;134
 17.5;  32.25;134
 17.25;  32.25;134
17;  32.5;134
 16.75;  32.25;134
 16.5;  32.25;134
 16.25;  32.25;134
16;  32.25;134
 15.75;  32.25;134
 15.5;  32.25;134
 15.25;  32.25;134
15;  32.25;134
 14.75;  32.25;134
 14.5;  32.25;134
 14.25;  32.25;134
14;  32.25;134
 13.75;  32.25;134
 13.5;  32.25;134
 13.25;  32.25;134
13;  32.25;134
 12.75;  32.25;175
 12.5;  32.25;175
 12.25;  32.25;175
12;  32.25;175
 11.75;  32.25;175
 11.5;  32.25;175
 11.25;  32.25;175
11;  32.25;21
11;  32.25;21
 10.5;  32.25;118
 10.25;  32.25;118
10;  32.25;118
 9.75;  32.25;118
 9.5;  32.25;118
 9.25;  32.25;118
9;  32.25;118
 8.75;  32.25;118
 8.5;  32.25;118
 8.25;  32.25;118
8;  32.25;118
 7.75;  32.25;118
 7.5;  32.25;118
 7.25;  32.25;118
7;  32.5;190
 6.75;  32.25;190
 6.5;  32.25;190
 6.25;  32.25;190
6;  32.25;190
 5.75;  32.25;190
 5.5;  32.25;190
 5.25;  32.25;190
5;  32.25;190
 4.75;  32.25;190
 4.5;  32.5;190
 4.25;  32.25;130
4;  32.25;130
 3.75;  32.25;130
 3.5;  32.25;130
 3.25;  32.25;130
3;  32.25;130
 2.25;  32.75;0
 2.25;  32.75;0
 2.25;  32.75;0
2;  32.75;0
 1.75;  32.75;0
 1.5;  32.75;0
 1.25;  32.75;0
1;  32.75;0
 0.75;  32.75;0
 0.5;  32.75;0
 0.25;  32.75;0
0;  32.75;0
47;33;0
 46.75;33;0
 46.5;33;0
 46.25;33;0
46;33;0
 45.75;33;0
 45.5;33;0
 45.25;  32.5;0
45;  32.5;0
 44.75;  32.5;0
 44.5;  32.5;0
44;  32.75;0
44;  32.75;0
44;  32.75;0
44;  32.75;0
 43.25;  32.5;173
43;  32.5;173
 42.75;  32.5;173
 42.5;  32.5;173
 42.25;  32.5;173
42;33;173
 41.75;  32.5;151
 41.5;  32.5;151
 41.25;  32.5;151
 41.25;  32.5;151
 40.75;  32.75;115
 40.5;  32.5;115
 40.25;  32.5;115
40;  32.5;115
 39.75;  32.5;115
 39.5;  32.75;115
 39.25;  32.5;115
39;  32.5;115
 38.75;  32.5;115
 38.5;  32.75;115
 38.25;  32.5;115
38;  32.5;115
 37.75;  32.5;115
 37.5;  32.5;115
 37.25;  32.5;115
37;  32.5;115
 36.75;  32.5;115
 36.5;  32.5;115
 36.25;  32.5;115
36;  32.5;115
 35.75;  32.5;115
 35.5;  32.75;115
 35.25;  32.75;115
35;33;115
 34.75;  32.5;45
 34.5;  32.5;45
 34.25;  32.5;45
34;  32.5;45
 33.75;  32.5;45
 33.5;  32.5;45
 33.25;  32.5;45
33;  32.5;45
 32.75;  32.5;45
 32.5;  32.5;45
 32.25;  32.5;45
32;  32.5;45
 31.75;  32.5;45
 31.75;  32.75;45
 31.25;  32.5;11
31;  32.5;11
 30.75;  32.5;11
 30.5;  32.5;11
 30.25;  32.5;11
30;  32.5;11
 29.75;  32.5;11
 29.5;  32.5;11
 29.25;  32.5;11
29;  32.5;11
 28.75;  32.5;11
 28.5;  32.5;11
 28.25;  32.5;11
28;  32.5;11
 27.75;  32.5;11
 27.5;  32.5;11
 27.25;33;103
27;  32.5;103
 26.75;  32.5;103
 26.5;  32.5;103
 26.25;  32.5;103
26;  32.5;103
 25.75;  32.5;103
 25.5;  32.5;103
 25.25;  32.5;103
25;  32.5;103
 24.75;  32.5;103
 24.5;  32.5;103
 24.25;33;103
24;  32.5;103
 23.75;  32.5;148
 23.5;  32.5;148
 23.25;  32.5;148
 23.25;  32.5;148
 22.75;  32.5;36
 22.5;  32.5;36
 22.25;  32.5;36
22;  32.5;36
 21.75;  32.5;36
 21.5;  32.5;36
 21.25;  32.5;36
21;  32.5;36
 20.75;  32.5;36
 20.5;  32.5;36
 20.25;  32.5;36
20;  32.5;36
 19.75;  32.75;36
 19.5;  32.25;135
 19.5;  32.25;135
19;  32.75;134
 18.75;  32.5;134
 18.5;  32.5;134
 18.25;  32.5;134
18;  32.5;134
 17.75;  32.5;134
 17.5;  32.5;134
 17.25;  32.75;134
17;  32.5;134
 16.75;  32.75;134
 16.5;  32.5;134
 16.25;  32.5;134
16;  32.5;134
 15.75;  32.5;134
 15.5;  32.5;134
 15.25;  32.5;134
15;33;134
 14.75;  32.5;134
 14.5;  32.5;134
14;  32.5;134
14;  32.5;134
 13.75;  32.5;134
 13.5;  32.5;134
 13.25;  32.5;134
13;  32.5;134
 12.75;  32.75;134
 12.5;  32.5;175
 12.25;  32.5;175
12;  32.5;175
 11.75;  32.5;175
 11.5;  32.5;175
 11.5;  32.5;175
11;  32.5;88
 10.75;  32.75;88
 10.5;  32.5;118
 10.25;  32.5;118
10;  32.5;118
 9.75;  32.5;118
 9.5;  32.5;118
 9.25;  32.5;118
9;  32.5;118
 8.75;  32.5;118
 8.5;  32.5;118
 8.25;  32.5;118
8;  32.5;118
 7.75;  32.5;118
 7.5;  32.5;118
 7.25;  32.5;118
7;  32.5;190
 6.75;  32.5;190
 6.5;  32.5;190
 6.25;  32.5;190
6;  32.5;190
 5.75;  32.5;190
 5.5;  32.5;190
 5.25;  32.5;190
5;  32.5;190
 4.75;  32.5;190
 4.5;  32.5;190
 4.25;  32.75;130
4;  32.5;130
 3.75;  32.5;130
 3.5;  32.75;130
 3.25;  32.5;130
3;  32.5;130
 2.25;33;0
 2.25;33;0
 2.25;33;0
2;33;0
 1.75;33;0
 1.5;33;0
 1.25;33;0
1;33;0
 0.75;33;0
 0.5;33;0
 0.25;33;0
0;33;0
47;  33.25;0
 46.75;  33.25;0
 46.5;  33.25;0
 46.25;  33.25;0
46;  33.25;0
 45.75;  33.25;0
 45.5;  33.25;0
 45.25;  33.25;0
45;  32.75;0
 44.75;  32.75;0
 44.5;  32.75;0
44;  32.75;0
44;  32.75;0
44;  32.75;0
44;  32.75;0
 43.25;  32.75;173
43;  32.75;173
 42.75;  32.75;173
 42.5;  32.75;173
 42.25;  32.75;173
42;33;173
 41.75;  32.75;151
 41.5;  33.25;115
 41.25;  33.25;115
41;  33.25;115
 40.75;  32.75;115
 40.5;  32.75;115
 40.25;  32.75;115
40;  32.75;115
 39.75;  32.75;115
 39.5;  32.75;115
 39.25;  32.75;115
39;  32.75;115
 38.75;  32.75;115
 38.5;  32.75;115
 38.25;  32.75;115
38;  32.75;115
 37.75;  32.75;115
 37.5;  32.75;115
 37.25;  32.75;115
37;  32.75;115
 36.75;  32.75;115
 36.5;  32.75;115
 36.25;  32.75;115
36;  33.25;115
 35.75;  32.75;115
 35.5;  32.75;115
 35.25;  32.75;115
35;33;115
 34.75;  33.25;115
 34.5;  32.75;45
 34.25;  32.75;45
34;  32.75;45
 33.75;  32.75;45
 33.5;  32.75;45
 33.25;  32.75;45
33;  32.75;45
 32.75;  32.75;45
 32.5;  32.75;45
 32.25;  32.75;45
32;  32.75;45
 31.75;  32.75;45
 31.75;  32.75;45
 31.25;  32.75;11
31;  32.75;11
 30.75;  32.75;11
 30.5;  32.75;11
 30.25;  32.75;11
30;  32.75;11
 29.75;  32.75;11
 29.5;  32.75;11
 29.25;  32.75;11
29;  32.75;11
 28.75;  32.75;11
 28.5;  32.75;11
 28.25;  32.75;11
28;  32.75;11
 27.75;  32.75;11
 27.5;  32.75;11
 27.25;33;103
27;  32.75;103
 26.75;  32.75;103
 26.5;  32.75;103
 26.25;  32.75;103
26;  32.75;103
 25.75;  32.75;103
 25.5;  32.75;103
 25.25;  32.75;103
25;  32.75;103
 24.75;  32.75;103
 24.5;  32.75;103
 24.25;33;103
24;  32.75;103
 23.75;  32.75;148
 23.5;  32.75;148
 23.25;  32.75;148
23;  32.75;157
 22.75;  32.75;157
 22.5;  32.75;157
 22.25;  32.75;36
22;  32.75;36
 21.75;  32.75;36
 21.5;  32.75;36
 21.25;  32.75;36
21;  32.75;36
 20.75;33;36
 20.5;  32.75;36
 20.25;  32.75;36
20;  32.75;36
 19.75;  32.75;36
 19.75;  32.75;36
19;33;134
19;  32.75;134
 18.75;  32.75;134
 18.5;  32.75;134
 18.25;  32.75;134
18;  32.75;134
 17.75;  32.75;134
 17.5;  32.75;134
 17.25;  32.75;134
17;  32.75;134
 16.75;  32.75;134
 16.5;  32.75;134
 16.25;  32.75;134
16;  32.75;134
 15.75;  32.75;134
 15.5;  32.75;134
 15.25;  32.75;134
15;33;134
 14.75;  32.75;134
 14.5;  32.75;134
 14.25;33;134
14;33;134
 13.75;  32.75;134
 13.5;  32.75;134
 13.25;  32.75;134
13;  32.75;134
 12.75;  32.75;134
 12.5;  32.75;175
 12.25;  32.75;175
12;  32.75;175
 11.75;  32.75;175
 11.5;  32.75;175
 11.25;  33.25;88
11;  32.75;88
 10.75;  32.75;88
 10.5;33;88
 10.25;33;88
10;  32.75;118
 9.75;  32.75;118
 9.5;  32.75;118
 9.25;  32.75;118
9;  32.75;118
 8.75;  32.75;118
 8.5;  32.75;118
 8.25;  32.75;118
8;  32.75;118
 7.75;  32.75;118
 7.5;  32.75;118
 7.25;  32.75;118
 6.75;33;190
 6.75;  32.75;190
 6.5;  32.75;190
 6.25;  32.75;190
6;  32.75;190
 5.75;  32.75;190
 5.5;  32.75;190
 5.25;  32.75;190
5;  32.75;190
 4.75;  32.75;190
 4.5;  32.75;190
 4.25;  32.75;130
4;  32.75;130
 3.75;  32.75;130
 3.5;  32.75;130
 3.25;  32.75;130
3;  32.75;130
 2.25;  33.25;0
 2.25;  33.25;0
 2.25;  33.25;0
2;  33.25;0
 1.75;  33.25;0
 1.5;  33.25;0
 1.25;  33.25;0
1;  33.25;0
 0.75;  33.25;0
 0.5;  33.25;0
 0.25;  33.25;0
0;  33.25;0
47;  33.5;0
 46.75;  33.5;0
 46.5;  33.5;0
 46.25;  33.5;0
46;  33.5;0
 45.75;  33.5;0
 45.5;  33.5;0
 45.25;  33.25;0
45;33;0
 44.75;33;0
 44.5;33;0
 44.25;33;0
 44.25;33;0
 44.25;33;0
 43.25;  33.25;173
 43.25;33;173
43;33;173
 42.75;33;173
 42.5;33;173
 42.25;33;173
42;33;173
 41.75;  33.25;115
 41.5;  33.25;115
 41.25;  33.25;115
41;  33.25;115
 40.75;33;115
 40.5;33;115
 40.25;  33.25;115
40;33;115
 39.75;33;115
 39.5;  33.25;115
 39.25;33;115
39;33;115
 38.75;33;115
 38.5;  33.25;115
 38.25;  33.25;115
38;33;115
 37.75;33;115
 37.5;33;115
 37.25;33;115
37;33;115
 36.75;  33.25;115
 36.5;33;115
 36.25;33;115
36;  33.25;115
 35.75;  33.5;115
 35.5;33;115
 35.25;33;115
35;33;115
 34.75;  33.25;115
 34.5;33;45
 34.25;33;45
34;33;45
 33.75;33;45
 33.5;  33.25;45
 33.25;  33.25;45
33;33;45
 32.75;33;45
 32.5;33;45
 32.25;33;45
32;33;45
 31.75;33;45
 31.5;  33.25;101
 31.25;  33.25;101
31;33;101
 30.75;33;11
 30.5;33;11
 30.25;33;11
30;33;11
 29.75;33;11
 29.5;33;11
 29.25;33;11
29;33;11
 28.75;33;11
 28.5;33;11
 28.25;33;11
28;33;11
 27.75;33;11
 27.5;  33.25;103
 27.25;33;103
27;33;103
 26.75;33;103
 26.5;33;103
 26.25;33;103
26;33;103
 25.75;33;103
 25.5;33;103
 25.25;33;103
25;33;103
 24.75;33;103
 24.5;33;103
 24.25;33;103
24;33;103
 23.75;33;148
 23.5;33;148
 23.25;33;148
23;33;157
 22.75;33;157
 22.5;33;157
 22.25;33;157
22;  33.25;157
 21.75;33;36
 21.5;33;36
 21.25;33;36
21;33;36
 20.75;33;36
 20.5;33;36
 20.25;33;36
20;33;36
 19.75;33;36
 19.75;33;36
19;33;134
19;33;134
 18.75;33;134
 18.5;33;134
 18.25;  33.5;134
18;33;134
 17.75;33;134
 17.5;33;134
 17.25;33;134
17;33;134
 16.75;33;134
 16.5;33;134
 16.25;33;134
16;33;134
 15.75;33;134
 15.5;33;134
 15.25;33;134
15;33;134
 14.75;33;134
 14.5;33;134
 14.25;33;134
14;33;134
 13.75;33;134
 13.5;  33.25;134
 13.25;33;134
13;33;134
 12.75;33;134
 12.5;  33.5;134
 12.25;  33.25;175
12;33;175
 11.75;33;175
 11.5;33;175
 11.25;  33.25;88
11;33;88
 10.75;33;88
 10.5;33;88
 10.25;33;88
10;  33.25;88
 9.75;  33.25;88
 9.5;33;118
9;33;118
9;33;118
 8.75;33;118
 8.5;33;118
 8.25;33;118
8;33;118
 7.75;33;118
 7.5;33;118
 7.5;33;118
 6.25;33;190
 6.25;33;190
6;33;190
6;33;190
6;33;190
 5.75;33;190
 5.5;33;190
 5.25;33;190
5;33;190
 4.75;33;190
 4.5;33;190
 4.25;  33.25;130
4;33;130
 3.75;33;130
 3.5;33;130
 3.25;33;130
3;33;130
 2.25;  33.5;0
 2.25;  33.5;0
 2.25;  33.5;0
2;  33.5;0
 1.75;  33.5;0
 1.5;  33.5;0
 1.25;  33.5;0
1;  33.5;0
 0.75;  33.5;0
 0.5;  33.5;0
 0.25;  33.5;0
0;  33.5;0
47;  33.75;0
 46.75;  33.75;0
 46.5;  33.75;0
 46.25;  33.75;0
46;  33.75;0
 45.75;  33.75;0
 45.5;  33.75;0
 45.5;  33.75;0
45;  33.25;0
 44.75;  33.25;0
 44.5;  33.25;0
 44.25;  33.25;0
44;  33.5;0
44;  33.5;0
 43.25;  33.25;173
 43.25;  33.25;173
43;  33.25;173
 42.75;  33.25;173
 42.5;  33.25;173
 42.25;  33.25;173
42;  33.75;115
 41.75;  33.25;115
 41.5;  33.25;115
 41.25;  33.25;115
41;  33.25;115
 40.75;  33.25;115
 40.5;  33.25;115
 40.25;  33.25;115
40;34;115
 39.75;  33.5;115
 39.5;  33.25;115
 39.25;  33.25;115
39;  33.5;115
 38.75;  33.25;115
 38.5;  33.25;115
 38.25;  33.25;115
38;  33.5;115
 37.75;  33.25;115
 37.5;  33.5;115
 37.25;  33.25;115
37;  33.25;115
 36.75;  33.25;115
 36.5;  33.25;115
 36.25;  33.25;115
36;  33.25;115
 35.75;  33.5;115
 35.5;  33.25;115
 35.25;  33.25;115
35;  33.25;115
 34.75;  33.25;115
 34.5;  33.5;115
 34.25;  33.75;115
34;  33.25;45
 33.75;  33.25;45
 33.5;  33.25;45
 33.25;  33.25;45
33;  33.25;45
 32.75;  33.25;45
 32.5;  33.25;45
 32.25;  33.25;45
32;  33.25;45
 31.75;  33.5;101
 31.5;  33.25;101
 31.25;  33.25;101
31;  33.5;101
 30.75;  33.5;101
 30.5;  33.5;101
 30.25;  33.25;11
30;  33.25;11
 29.75;  33.25;11
 29.5;  33.25;11
 29.25;  33.25;11
29;  33.25;11
 28.75;  33.25;11
 28.5;  33.25;11
 28.25;  33.25;11
28;  33.25;11
 27.75;  33.25;11
 27.5;  33.25;103
 27.25;  33.25;103
27;  33.25;103
 26.75;  33.25;103
 26.5;  33.25;103
 26.25;  33.25;103
26;  33.25;103
 25.75;  33.25;103
 25.5;  33.25;103
 25.25;  33.25;103
25;  33.25;103
 24.75;  33.25;103
 24.5;  33.25;103
 24.25;  33.5;103
24;  33.25;103
 23.75;  33.25;148
 23.5;  33.25;148
 23.25;  33.25;148
 22.75;  33.25;157
 22.75;  33.25;157
 22.5;  33.5;157
 22.25;  33.25;157
22;  33.25;157
 21.75;  33.25;157
 21.5;  33.25;36
 21.25;  33.25;36
21;  33.25;36
 20.75;  33.5;36
 20.5;  33.25;36
 20.25;  33.25;36
20;  33.25;36
20;  33.25;36
20;  33.25;36
19;  33.25;134
19;  33.25;134
 18.75;  33.25;134
 18.5;  33.25;134
 18.25;  33.5;134
18;  33.25;134
 17.75;  33.25;134
 17.5;  33.25;134
 17.25;  33.25;134
17;  33.25;134
 16.75;  33.25;134
 16.5;  33.5;134
 16.25;  33.25;134
16;  33.25;134
 15.75;  33.25;134
 15.5;  33.25;134
 15.25;  33.25;134
15;  33.25;134
 14.75;  33.25;134
 14.5;  33.25;134
 14.25;  33.75;134
14;  33.25;134
 13.75;  33.25;134
 13.5;  33.25;134
 13.25;  33.25;134
13;  33.5;134
 12.75;  33.25;134
 12.5;  33.5;134
 12.25;  33.25;175
12;  33.5;175
12;  33.5;175
 11.5;  33.5;88
 11.25;  33.25;88
11;  33.25;88
 10.75;  33.25;88
 10.5;  33.25;88
 10.25;  33.25;88
10;  33.25;88
 9.75;  33.25;88
 9.5;  33.25;88
 9.25;  33.5;88
 8.75;  33.25;118
 8.75;  33.25;118
 8.5;  33.25;118
 8.25;  33.25;118
8;  33.25;118
8;  33.25;118
 7.5;  33.5;133
 7.25;  33.5;133
7;  33.75;133
 6.75;  33.5;133
 6.5;  33.75;133
 6.25;  33.5;133
6;  33.75;133
 5.25;  33.25;190
 5.25;  33.25;190
 5.25;  33.25;190
5;  33.25;190
 4.75;  33.25;190
 4.5;  33.25;190
 4.25;  33.25;130
4;  33.25;130
 3.75;  33.25;130
 3.5;  33.25;130
 3.25;  33.25;130
3;  33.25;130
 2.25;  33.75;0
 2.25;  33.75;0
 2.25;  33.75;0
2;  33.75;0
 1.75;  33.75;0
 1.5;  33.75;0
 1.25;  33.75;0
1;  33.75;0
 0.75;  33.75;0
 0.5;  33.75;0
 0.25;  33.75;0
0;  33.75;0
47;34;0
 46.75;34;0
 46.5;34;0
 46.25;34;0
46;34;0
 45.75;34;0
 45.5;34;0
 45.5;34;0
45;  33.5;0
 44.75;  33.5;0
 44.5;  33.5;0
 44.25;  33.5;0
44;  33.5;0
44;  33.5;0
44;  33.5;0
 43.25;  33.5;173
43;  33.5;173
 42.75;  33.5;173
 42.5;  33.5;173
 42.25;  33.75;115
42;  33.75;115
 41.75;  33.75;115
 41.5;  33.5;115
 41.25;34;115
41;  33.5;115
 40.75;  33.5;115
 40.5;  33.5;115
 40.25;  33.5;115
40;34;115
 39.75;  33.5;115
 39.5;  33.5;115
 39.25;  33.5;115
39;  33.5;115
 38.75;  33.5;115
 38.5;  33.5;115
 38.25;  33.5;115
38;  33.5;115
 37.75;  33.75;115
 37.5;  33.5;115
 37.25;  33.5;115
37;  33.5;115
 36.75;  33.5;115
 36.5;  33.5;115
 36.25;  33.5;115
36;  33.5;115
 35.75;  33.5;115
 35.5;  33.5;115
 35.25;  33.5;115
35;  33.5;115
 34.75;  33.5;115
 34.5;  33.5;115
 34.25;  33.75;115
34;34;115
 33.75;  33.5;45
 33.5;  33.5;45
 33.25;  33.5;45
33;  33.5;45
 32.75;  33.5;45
 32.5;  33.5;45
 32.25;34;101
32;34;101
 31.75;  33.5;101
 31.5;  33.5;101
 31.25;  33.5;101
31;  33.5;101
 30.75;  33.5;101
 30.5;  33.5;101
 30.25;  33.5;11
30;  33.5;11
 29.75;  33.5;11
 29.5;  33.5;11
 29.25;  33.5;11
29;  33.5;11
 28.75;  33.5;11
 28.5;  33.5;11
 28.25;  33.5;11
28;  33.5;11
 27.75;  33.75;103
 27.5;  33.5;103
 27.25;  33.5;103
27;  33.5;103
 26.75;  33.5;103
 26.5;  33.5;103
 26.25;  33.5;103
26;  33.5;103
 25.75;  33.5;103
 25.5;  33.5;103
 25.25;  33.5;103
25;  33.5;103
 24.75;  33.5;103
 24.5;  33.5;103
 24.25;  33.5;103
24;  33.5;103
 23.75;  33.5;148
 23.5;  33.5;148
 23.5;  33.75;148
23;  33.75;120
 22.5;  33.5;157
 22.5;  33.5;157
 22.25;  33.5;157
22;  33.5;157
 21.75;  33.5;157
 21.5;  33.5;157
 21.25;  33.5;36
21;  33.5;36
 20.75;  33.5;36
 20.5;  33.5;36
 20.25;  33.5;36
20;  33.5;36
20;  33.5;36
20;  33.5;36
19;  33.5;134
19;  33.5;134
 18.75;  33.5;134
 18.5;  33.5;134
 18.25;  33.5;134
18;  33.5;134
 17.75;  33.5;134
 17.5;  33.5;134
 17.25;  33.75;134
17;  33.5;134
 16.75;  33.75;134
 16.5;  33.5;134
 16.25;  33.5;134
16;  33.5;134
 15.75;  33.5;134
 15.5;  33.5;134
 15.25;  33.5;134
15;  33.75;134
 14.75;  33.5;134
 14.5;  33.75;134
 14.25;  33.75;134
14;  33.75;134
 13.75;  33.75;134
 13.5;  33.5;134
 13.25;  33.5;134
13;  33.5;134
 12.75;  33.5;134
 12.5;  33.5;134
 12.25;  33.5;175
12;  33.5;175
 11.75;  33.75;88
 11.5;  33.5;88
 11.25;  33.5;88
11;  33.5;88
 10.75;  33.5;88
 10.5;  33.5;88
 10.25;  33.5;88
10;  33.5;88
 9.75;  33.5;88
 9.5;  33.5;88
 9.25;  33.5;88
9;  33.5;88
 8.75;  33.75;88
 8.5;  33.75;88
 8.25;  34.25;88
8;34;133
 7.75;34;133
 7.5;  33.5;133
 7.25;  33.5;133
7;  33.75;133
 6.75;  33.5;133
 6.5;  33.75;133
 6.25;  33.5;133
6;  33.75;133
 5.75;34;133
 5.5;  33.75;133
 5.25;  33.75;133
5;  33.75;133
 4.75;34;133
 4.5;  33.75;133
 4.25;  33.5;130
4;  33.5;130
 3.75;  33.5;130
 3.5;  33.5;130
 3.25;  33.5;130
3;  33.5;130
 2.25;34;0
 2.25;34;0
 2.25;34;0
2;34;0
 1.75;34;0
 1.5;34;0
 1.25;34;0
1;34;0
 0.75;34;0
 0.5;34;0
 0.25;34;0
0;34;0
47;  34.25;0
 46.75;  34.25;0
 46.5;  34.25;0
 46.25;  34.25;0
46;  34.25;0
 45.75;  34.25;0
 45.5;  34.25;0
 45.5;  34.25;0
45;  33.75;0
 44.75;  33.75;0
 44.5;  33.75;0
 44.25;  33.75;0
44;  33.75;0
44;  33.75;0
44;  33.75;0
 43.25;  33.75;173
43;  33.75;173
 42.75;  33.75;173
 42.5;  33.75;173
 42.25;  33.75;115
42;  33.75;115
 41.75;  33.75;115
 41.5;  33.75;115
 41.25;34;115
41;34;115
 40.75;  33.75;115
 40.5;  33.75;115
 40.25;  33.75;115
40;34;115
 39.75;  33.75;115
 39.5;  33.75;115
 39.25;  33.75;115
39;  33.75;115
 38.75;  33.75;115
 38.5;34;115
 38.25;  33.75;115
38;34;115
 37.75;  33.75;115
 37.5;  33.75;115
 37.25;  33.75;115
37;  33.75;115
 36.75;34;115
 36.5;  33.75;115
 36.25;  33.75;115
36;  33.75;115
 35.75;  33.75;115
 35.5;  33.75;115
 35.25;  33.75;115
35;  33.75;115
 34.75;  33.75;115
 34.5;  33.75;115
 34.25;  33.75;115
34;34;115
 33.75;  34.25;115
 33.5;  33.75;45
 33.25;  33.75;45
33;  33.75;45
 32.75;  33.75;45
 32.5;  33.75;45
 32.25;34;101
32;34;101
 31.75;  33.75;101
 31.5;  33.75;101
 31.25;  33.75;101
31;  33.75;101
 30.75;  33.75;101
 30.5;  33.75;101
 30.25;  33.75;101
30;  33.75;11
 29.75;  33.75;11
 29.5;  33.75;11
 29.25;  33.75;11
29;  33.75;11
 28.75;  33.75;11
 28.5;  33.75;11
 28.25;  33.75;11
 28.25;  33.75;11
 27.75;  33.75;103
 27.5;  33.75;103
 27.25;  33.75;103
27;  33.75;103
 26.75;  33.75;103
 26.5;  33.75;103
 26.25;  33.75;103
26;  33.75;103
 25.75;  33.75;103
 25.5;  33.75;103
 25.25;  33.75;103
25;  33.75;103
 24.75;  33.75;103
 24.5;  33.75;103
 24.25;  33.75;103
 24.25;  33.75;103
 23.75;34;65
 23.5;  33.75;148
 23.5;  33.75;148
23;  33.75;120
 22.75;34;120
 22.5;34;120
 22.25;  33.75;157
22;  33.75;157
 21.75;34;157
 21.5;  33.75;157
 21.25;  33.75;157
21;  33.75;157
 20.75;  33.75;36
 20.5;  33.75;36
 20.25;34;32
20;34;32
 19.75;34;32
 19.5;34;32
 19.25;34;32
19;  34.25;32
 18.75;  33.75;134
 18.5;  33.75;134
 18.25;  33.75;134
18;  33.75;134
 17.75;  33.75;134
 17.5;  33.75;134
 17.25;  33.75;134
17;  33.75;134
 16.75;  33.75;134
 16.5;34;134
 16.25;34;134
16;  33.75;134
 15.75;  33.75;134
 15.5;  33.75;134
 15.25;  33.75;134
15;  33.75;134
 14.75;  33.75;134
 14.5;  33.75;134
 14.25;  33.75;134
14;  33.75;134
 13.75;  33.75;134
 13.5;  33.75;134
 13.25;  33.75;134
13;  33.75;134
 12.75;  33.75;134
 12.5;  33.75;134
 12.25;34;88
12;  33.75;88
 11.75;  33.75;88
 11.5;  33.75;88
 11.25;  33.75;88
11;  33.75;88
 10.75;  33.75;88
 10.5;  33.75;88
 10.25;  33.75;88
10;  33.75;88
 9.75;  33.75;88
 9.5;  33.75;88
 9.25;  33.75;88
9;  33.75;88
 8.75;  33.75;88
 8.5;  33.75;88
 8.25;  34.25;88
8;34;133
 7.75;34;133
 7.5;  34.5;133
 7.25;34;133
7;  33.75;133
 6.75;  33.75;133
 6.5;  33.75;133
 6.25;  33.75;133
6;  33.75;133
 5.75;34;133
 5.5;  33.75;133
 5.25;  33.75;133
5;  33.75;133
 4.75;34;133
 4.5;  33.75;133
 4.25;34;133
4;  33.75;130
 3.75;  33.75;130
 3.5;  33.75;130
 3.25;  33.75;130
3;  33.75;130
 2.5;  34.5;0
 2.5;  34.5;0
 2.25;  34.25;0
2;  34.25;0
 1.75;  34.25;0
 1.5;  34.25;0
 1.25;  34.25;0
1;  34.25;0
 0.75;  34.25;0
 0.5;  34.25;0
 0.25;  34.25;0
0;  34.25;0
47;  34.5;0
 46.75;  34.5;0
 46.5;  34.5;0
 46.25;  34.5;0
46;  34.5;0
 45.75;  34.5;0
 45.5;  34.5;0
 45.25;34;0
45;34;0
 44.75;34;0
 44.5;34;0
 44.25;34;0
 44.25;34;0
 44.25;34;0
 43.25;34;173
 43.25;34;173
43;34;173
 42.75;34;173
 42.5;  34.5;115
 42.25;34;115
42;34;115
 41.75;34;115
 41.5;34;115
 41.25;34;115
41;34;115
 40.75;  34.5;115
 40.5;34;115
 40.25;34;115
40;34;115
 39.75;34;115
 39.5;  34.25;115
 39.25;  34.25;115
39;34;115
 38.75;34;115
 38.5;34;115
 38.25;34;115
38;34;115
 37.75;34;115
 37.5;34;115
 37.25;34;115
37;34;115
 36.75;34;115
 36.5;34;115
 36.25;34;115
36;34;115
 35.75;34;115
 35.5;34;115
 35.25;34;115
35;34;115
 34.75;34;115
 34.5;  34.25;115
 34.25;34;115
34;34;115
 33.75;  34.25;115
 33.5;34;45
 33.25;  34.25;45
33;34;45
 32.75;  34.5;101
 32.5;34;101
 32.25;34;101
32;34;101
 31.75;34;101
 31.5;34;101
 31.25;  34.25;101
31;34;101
 30.75;34;101
 30.5;34;101
 30.25;34;101
30;34;11
 29.75;34;11
 29.5;34;11
 29.25;34;11
29;34;11
 28.75;34;11
 28.5;34;11
 28.25;34;11
28;  34.25;103
 27.75;34;103
 27.5;34;103
 27.25;34;103
27;34;103
 26.75;34;103
 26.5;34;103
 26.25;34;103
26;34;103
 25.75;34;103
 25.5;34;103
 25.25;34;103
25;34;103
 24.75;34;103
 24.5;34;103
 24.25;  34.25;65
24;34;65
 23.75;34;65
 23.5;34;65
 23.25;  34.5;65
23;34;120
 22.75;34;120
 22.5;34;120
 22.25;34;120
22;  34.5;120
 21.75;34;157
 21.5;34;157
 21.25;34;157
21;34;157
 20.75;  34.25;32
 20.5;  34.25;32
 20.25;34;32
20;34;32
 19.75;34;32
 19.5;34;32
 19.25;34;32
19;  34.25;32
 18.5;34;134
 18.5;34;134
 18.25;34;134
18;34;134
 17.75;  34.25;134
 17.5;34;134
 17.25;34;134
17;34;134
 16.75;34;134
 16.5;34;134
 16.25;34;134
16;34;134
 15.75;34;134
 15.5;34;134
 15.25;34;134
15;34;134
 14.75;34;134
 14.5;34;134
 14.25;34;134
14;34;134
 13.75;34;134
 13.5;  34.25;134
 13.25;34;134
13;34;134
 12.75;34;134
 12.5;  34.25;88
 12.25;34;88
12;  34.25;88
 11.75;34;88
 11.5;34;88
 11.25;34;88
11;34;88
 10.75;34;88
 10.5;34;88
 10.25;34;88
10;34;88
 9.75;34;88
 9.5;34;88
 9.25;34;88
9;34;88
 8.75;34;88
 8.5;34;88
 8.25;  34.25;88
8;34;133
 7.75;34;133
 7.5;  34.5;133
 7.25;34;133
7;34;133
 6.75;34;133
 6.5;  34.25;133
 6.25;  34.5;133
6;34;133
 5.75;34;133
 5.5;34;133
 5.25;34;133
5;  34.5;133
 4.75;34;133
 4.5;34;133
 4.25;34;133
 3.75;  34.25;130
 3.75;34;130
 3.5;34;130
 3.25;34;130
 2.5;  34.5;0
 2.5;  34.5;0
 2.5;  34.5;0
 2.25;  34.5;0
2;  34.5;0
 1.75;  34.5;0
 1.5;  34.5;0
 1.25;  34.5;0
1;  34.5;0
 0.75;  34.5;0
 0.5;  34.5;0
 0.25;  34.5;0
0;  34.5;0
47;  34.75;0
 46.75;  34.75;0
 46.5;  34.75;0
 46.25;  34.75;0
46;  34.75;0
 45.75;  34.75;0
 45.5;  34.75;0
 45.25;  34.25;0
45;  34.25;0
 44.75;  34.25;0
 44.5;  34.25;0
 44.25;  34.25;0
44;  34.5;0
44;  34.5;0
 43.25;  34.25;173
 43.25;  34.25;173
43;  34.25;173
 42.75;  34.25;173
 42.5;  34.5;115
 42.25;  34.25;115
42;  34.25;115
 41.75;  34.25;115
 41.5;  34.25;115
 41.25;  34.25;115
41;  34.75;115
 40.75;  34.5;115
 40.5;  34.25;115
 40.25;  34.25;115
40;  34.25;115
 39.75;  34.25;115
 39.5;  34.25;115
 39.25;  34.25;115
39;  34.25;115
 38.75;  34.25;115
 38.5;  34.25;115
 38.25;  34.25;115
38;  34.25;115
 37.75;  34.25;115
 37.5;  34.25;115
 37.25;  34.25;115
37;  34.25;115
 36.75;  34.25;115
 36.5;  34.5;115
 36.25;  34.5;115
36;  34.25;115
 35.75;  34.25;115
 35.5;  34.25;115
 35.25;  34.25;115
35;  34.5;115
 34.75;  34.25;115
 34.5;  34.25;115
 34.25;  34.25;115
34;  34.25;115
 33.75;  34.25;115
 33.25;  34.25;45
 33.25;  34.25;45
 33.25;  34.25;45
 32.75;  34.5;101
 32.5;  34.25;101
 32.25;  34.25;101
32;  34.25;101
 31.75;  34.25;101
 31.5;  34.25;101
 31.25;  34.25;101
31;  34.25;101
 30.75;  34.25;101
 30.5;  34.25;101
 30.25;  34.25;101
30;  34.25;11
 29.75;  34.25;11
 29.5;  34.25;11
 29.25;  34.25;11
29;  34.25;11
 28.75;  34.25;11
 28.5;  34.25;11
 28.25;  34.25;11
28;  34.25;103
 27.75;  34.25;103
 27.5;  34.25;103
 27.25;  34.25;103
27;  34.25;103
 26.75;  34.25;103
 26.5;  34.25;103
 26.25;  34.25;103
26;  34.25;103
 25.75;  34.25;103
 25.5;  34.25;103
 25.25;  34.25;103
 25.25;  34.25;103
 24.75;  34.5;65
 24.5;  34.5;65
 24.25;  34.25;65
24;  34.25;65
 23.75;  34.25;65
 23.5;  34.25;65
 23.25;  34.5;65
23;  34.25;120
 22.75;  34.25;120
 22.5;  34.25;120
 22.25;  34.25;120
22;  34.5;120
 21.75;  34.25;120
 21.5;  34.25;120
 21.25;  34.25;157
21;  34.5;32
 20.75;  34.25;32
 20.5;  34.25;32
 20.25;  34.25;32
20;  34.25;32
 19.75;  34.25;32
 19.5;  34.25;32
 19.25;  34.25;32
19;  34.25;32
 18.75;  34.5;32
 18.5;  34.25;134
 18.25;  34.25;134
18;  34.25;134
 17.75;  34.25;134
 17.5;  34.25;134
 17.25;  34.25;134
17;  34.25;134
 16.75;  34.25;134
 16.5;  34.25;134
 16.25;  34.25;134
16;  34.25;134
 15.75;  34.25;134
 15.5;  34.25;134
 15.25;  34.25;134
15;  34.25;134
 14.75;  34.25;134
 14.5;  34.25;134
 14.25;  34.25;134
14;  34.25;134
 13.75;  34.25;134
 13.5;  34.25;134
13;  34.25;134
13;  34.25;134
 12.75;  34.5;88
 12.5;  34.25;88
 12.25;  34.25;88
12;  34.25;88
 11.75;  34.25;88
 11.5;  34.25;88
 11.25;  34.25;88
11;  34.25;88
 10.75;  34.25;88
 10.5;  34.25;88
 10.25;  34.25;88
10;  34.25;88
 9.75;  34.25;88
 9.5;  34.25;88
 9.25;  34.25;88
9;  34.25;88
 8.75;  34.25;88
 8.5;  34.25;88
 8.25;  34.25;88
8;  34.25;133
 7.75;  34.25;133
 7.5;  34.5;133
 7.25;  34.25;133
7;  34.25;133
 6.75;  34.25;133
 6.5;  34.25;133
 6.25;  34.5;133
6;  34.75;133
 5.75;  34.75;133
 5.5;  34.5;133
 5.25;  34.5;133
5;  34.5;133
 4.75;  34.25;133
 4.5;  34.5;133
 4.25;  34.25;133
 3.75;  34.25;130
 3.75;  34.25;130
 3.5;  34.25;130
 3.5;  34.25;130
 2.75;35;0
 2.75;35;0
 2.5;  34.75;0
 2.25;  34.75;0
2;  34.75;0
 1.75;  34.75;0
 1.5;  34.75;0
 1.25;  34.75;0
1;  34.75;0
 0.75;  34.75;0
 0.5;  34.75;0
 0.25;  34.75;0
0;  34.75;0
47;35;0
 46.75;35;0
 46.5;35;0
 46.25;35;0
46;35;0
 45.75;35;0
 45.5;35;0
 45.25;  34.5;0
45;  34.5;0
 44.75;  34.5;0
 44.25;  34.75;0
 44.25;  34.75;0
44;  34.5;0
44;  34.5;0
44;  34.5;0
 43.25;  34.5;173
43;  34.5;173
 42.75;  34.5;173
 42.5;  34.5;115
 42.25;  34.5;115
42;  34.5;115
 41.75;  34.5;115
 41.5;  34.5;115
 41.25;  34.5;115
41;  34.75;115
 40.75;  34.5;115
 40.5;  34.75;115
 40.25;  34.5;115
40;  34.5;115
 39.75;  34.5;115
 39.5;  34.5;115
 39.25;  34.5;115
39;  34.75;115
 38.75;  34.5;115
 38.5;  34.75;115
 38.25;  34.5;115
38;  34.5;115
 37.75;  34.5;115
 37.5;  34.75;115
 37.25;  34.5;115
37;  34.5;115
 36.75;  34.5;115
 36.5;  34.5;115
 36.25;  34.5;115
36;  34.75;115
 35.75;  34.5;115
 35.5;  34.5;115
 35.25;  34.5;115
35;  34.5;115
 34.75;  34.5;115
 34.5;  34.5;115
 34.25;  34.75;115
34;  34.5;115
 33.75;  34.5;115
 33.5;  34.5;87
 33.25;  34.75;87
33;35;87
 32.75;  34.5;101
 32.5;  34.5;101
 32.25;  34.75;101
32;  34.5;101
 31.75;  34.5;101
 31.5;  34.5;101
 31.25;  34.5;101
31;  34.5;101
 30.75;  34.5;101
 30.5;  34.5;101
 30.25;  34.5;101
30;  34.5;11
 29.75;  34.5;11
 29.5;  34.5;11
 29.25;  34.5;11
29;  34.5;11
 28.75;  34.5;11
 28.5;  34.5;11
 28.25;35;103
28;  34.5;103
 27.75;  34.5;103
 27.5;  34.5;103
 27.25;  34.5;103
27;  34.75;103
 26.75;  34.5;103
 26.5;  34.5;103
 26.25;  34.5;103
26;  34.5;103
 25.75;35;65
 25.5;  34.75;65
 25.25;  34.75;65
25;  34.5;65
 24.75;  34.5;65
 24.5;  34.5;65
 24.25;  34.5;65
24;  34.5;65
 23.75;  34.5;65
 23.5;  34.5;65
 23.25;  34.5;65
23;  34.5;120
 22.75;  34.5;120
 22.5;  34.5;120
 22.25;  34.5;120
22;  34.5;120
 21.75;  34.5;120
 21.5;  34.5;120
 21.25;  34.75;32
21;  34.5;32
 20.75;  34.5;32
 20.5;  34.5;32
 20.25;  34.5;32
20;  34.5;32
 19.75;  34.5;32
 19.5;  34.5;32
 19.25;  34.5;32
19;  34.5;32
 18.75;  34.5;32
 18.5;  34.5;134
 18.25;  34.5;134
18;  34.75;134
 17.75;  34.75;134
 17.5;  34.5;134
 17.25;  34.5;134
17;  34.5;134
 16.25;  34.5;134
 16.25;  34.5;134
 16.25;  34.5;134
 15.5;  34.5;134
 15.25;  34.5;134
 15.25;  34.5;134
 15.25;  34.5;134
15;  34.5;134
 14.75;  34.5;134
 14.5;  34.5;134
 14.25;  34.5;134
14;  34.5;134
 13.75;  34.5;134
 13.5;  34.75;134
 13.5;  34.75;134
13;  34.25;134
 12.75;  34.5;88
 12.5;  34.5;88
 12.25;  34.5;88
12;  34.5;88
 11.75;  34.5;88
 11.5;  34.5;88
 11.25;  34.5;88
11;  34.5;88
 10.75;  34.5;88
 10.5;  34.5;88
 10.25;  34.5;88
10;  34.5;88
 9.75;  34.5;88
 9.5;  34.5;88
 9.25;  34.5;88
9;  34.5;88
 8.75;  34.5;88
 8.5;  34.5;88
 8.25;  34.5;88
8;  34.75;88
 7.75;35;88
 7.5;  34.5;133
 7.25;  34.5;133
7;  34.5;133
 6.75;35;133
 6.5;  34.5;133
 6.25;  34.5;133
6;  34.75;133
 5.75;  34.75;133
 5.5;  34.5;133
 5.25;  34.5;133
5;  34.5;133
 4.5;  34.5;133
 4.5;  34.5;133
 4.5;  34.5;133
 4.5;  34.5;133
 3.75;  34.25;130
 3.5;  34.25;130
 2.75;35;0
 2.75;35;0
 2.75;35;0
 2.5;35;0
 2.25;35;0
2;35;0
 1.75;35;0
 1.5;35;0
 1.25;35;0
1;35;0
 0.75;35;0
 0.5;35;0
 0.25;35;0
0;35;0
47;  35.25;0
 46.75;  35.25;0
 46.5;  35.25;0
 46.25;  35.25;0
46;  35.25;0
 45.75;  35.25;0
 45.5;  35.25;0
 45.25;  34.75;0
45;  34.75;0
 44.75;  34.75;0
 44.25;  34.75;0
 44.25;  34.75;0
44;  34.75;0
44;  34.75;0
44;  34.75;0
 43.25;  34.75;173
43;  34.75;173
43;35;173
 42.25;  34.75;115
 42.25;  34.75;115
42;  34.75;115
 41.75;  34.75;115
 41.5;  34.75;115
 41.25;  34.75;115
41;  34.75;115
 40.75;  34.75;115
 40.5;  34.75;115
 40.25;  34.75;115
40;35;115
 39.75;  34.75;115
 39.5;  34.75;115
 39.25;  34.75;115
39;  34.75;115
 38.75;  34.75;115
 38.5;  34.75;115
 38.25;  34.75;115
38;  34.75;115
 37.75;  34.75;115
 37.5;  34.75;115
 37.25;35;115
37;  34.75;115
 36.75;  34.75;115
 36.5;  34.75;115
 36.25;  34.75;115
36;  34.75;115
 35.75;  34.75;115
 35.5;  34.75;115
 35.25;  34.75;115
35;  34.75;115
 34.75;35;115
 34.5;  34.75;115
 34.25;  34.75;115
34;  34.75;115
 33.75;  34.75;115
 33.5;  34.75;87
 33.25;  34.75;87
33;  35.25;101
 32.75;  34.75;101
 32.5;  34.75;101
 32.25;  34.75;101
32;  34.75;101
 31.75;  34.75;101
 31.5;  34.75;101
 31.25;  34.75;101
31;  34.75;101
 30.75;  34.75;101
 30.5;  34.75;101
 30.25;  34.75;101
30;35;101
 29.75;  34.75;11
 29.5;  34.75;11
 29.25;  34.75;11
29;  34.75;11
 28.75;  34.75;11
 28.5;  34.75;11
 28.25;35;103
28;  34.75;103
 27.75;  34.75;103
 27.5;  34.75;103
 27.25;  34.75;103
27;  34.75;103
 26.75;  34.75;103
 26.5;  34.75;103
 26.25;  34.75;103
26;  34.75;103
 25.75;35;65
 25.5;  34.75;65
 25.25;  34.75;65
25;  34.75;65
 24.75;  34.75;65
 24.5;  34.75;65
 24.25;  34.75;65
24;  34.75;65
 23.75;  34.75;65
 23.5;  34.75;65
 23.25;  34.75;65
23;  34.75;120
 22.75;35;120
 22.5;  34.75;120
 22.25;  34.75;120
22;  34.75;120
 21.75;  34.75;120
 21.5;35;32
 21.25;  34.75;32
21;  34.75;32
 20.75;  34.75;32
 20.5;  34.75;32
 20.25;  34.75;32
20;  34.75;32
 19.75;  34.75;32
 19.5;  34.75;32
 19.25;  34.75;32
19;  34.75;32
 18.75;  34.75;32
 18.5;35;32
 18.25;35;32
18;  34.75;134
 17.75;  34.75;134
 17.25;  34.75;134
 17.25;  34.75;134
17;  34.75;134
 16.75;35;184
 16.5;  34.75;184
 16.25;  34.75;184
16;35;184
 15.75;35;184
 15.5;35;184
 15.25;35;184
15;35;184
 14.75;35;184
 14.5;35;184
 14.25;35;184
 13.75;  34.75;134
 13.75;  34.75;134
 13.5;  34.75;134
 13.25;  35.25;64
13;  34.75;64
 12.75;  34.75;88
 12.5;  34.75;88
 12.25;  34.75;88
12;  34.75;88
 11.75;35;88
 11.5;  34.75;88
 11.25;  34.75;88
11;  34.75;88
 10.75;  34.75;88
 10.5;  34.75;88
 10.25;  34.75;88
10;  34.75;88
 9.75;  34.75;88
 9.5;  34.75;88
 9.25;  34.75;88
9;  34.75;88
 8.75;  34.75;88
 8.5;  34.75;88
 8.25;  34.75;88
8;  34.75;88
 7.75;35;88
 7.5;  34.75;133
 7.25;  34.75;133
7;35;133
 6.75;35;133
 6.5;  34.75;133
 6.25;  34.75;133
6;  34.75;133
 5.75;  34.75;133
 5.5;  34.75;133
 5.25;  34.75;133
5;  34.75;133
 4.5;  34.75;133
 4.5;  34.75;133
 4.25;35;110
4;35;110
 3.75;35;110
 3.5;35;110
 2.75;  35.25;0
 2.75;  35.25;0
 2.75;  35.25;0
 2.5;  35.25;0
 2.25;  35.25;0
2;  35.25;0
 1.75;  35.25;0
 1.5;  35.25;0
 1.25;  35.25;0
1;  35.25;0
 0.75;  35.25;0
 0.5;  35.25;0
 0.25;  35.25;0
0;  35.25;0
47;  35.5;0
 46.75;  35.5;0
 46.5;  35.5;0
 46.25;  35.5;0
46;  35.5;0
 45.75;  35.5;0
 45.5;  35.5;0
 45.25;35;0
45;35;0
 44.75;35;0
 44.5;35;0
 44.25;35;0
44;35;0
44;35;0
44;35;0
 43.25;35;173
43;35;173
43;35;173
 42.25;35;115
 42.25;35;115
42;35;115
 41.75;35;115
 41.5;  35.5;115
 41.25;35;115
41;35;115
 40.75;35;115
 40.5;35;115
 40.25;35;115
40;35;115
 39.75;35;115
 39.5;35;115
 39.25;  35.25;115
39;35;115
 38.75;35;115
 38.5;35;115
 38.25;35;115
38;35;115
 37.75;35;115
 37.5;35;115
 37.25;35;115
37;35;115
 36.75;35;115
 36.5;35;115
 36.25;35;115
36;35;115
 35.75;35;115
 35.5;35;115
 35.25;35;115
35;35;115
 34.75;35;115
 34.5;35;115
 34.25;35;115
34;35;115
 33.75;  35.5;87
 33.5;35;87
 33.25;35;87
33;  35.25;101
 32.75;35;101
 32.5;35;101
 32.25;35;101
32;  35.25;101
 31.75;35;101
 31.5;35;101
 31.25;35;101
31;35;101
 30.75;35;101
 30.5;35;101
 30.25;35;101
30;35;101
 29.75;  35.25;101
 29.5;35;11
 29.25;35;11
29;35;11
29;35;11
 28.5;  34.75;11
 28.25;35;103
28;35;103
 27.75;35;103
 27.5;35;103
 27.25;35;103
27;35;103
 26.75;35;103
 26.5;35;103
 26.25;  35.25;65
26;35;65
 25.75;35;65
 25.5;35;65
 25.25;35;65
25;35;65
 24.75;35;65
 24.5;35;65
 24.25;35;65
24;35;65
 23.75;35;65
 23.5;35;65
 23.25;35;65
23;35;120
 22.75;35;120
 22.5;35;120
 22.25;35;120
22;35;120
 21.75;  35.25;32
 21.5;35;32
 21.25;35;32
21;35;32
 20.75;35;32
 20.5;35;32
 20.25;35;32
20;35;32
 19.75;35;32
 19.5;35;32
 19.25;35;32
19;35;32
 18.75;35;32
 18.5;35;32
 18.25;35;32
18;  34.75;134
 17.75;  34.75;134
 17.25;  34.75;134
 17.25;  34.75;134
17;  34.75;134
 16.75;35;184
 16.5;35;184
 16.25;  35.25;184
16;35;184
 15.75;35;184
 15.5;35;184
 15.25;35;184
15;35;184
 14.75;35;184
 14.5;35;184
 14.25;35;184
14;35;184
 13.75;  35.5;64
 13.5;  35.25;64
 13.25;  35.25;64
13;35;64
 12.75;  35.5;64
 12.5;35;88
 12.25;35;88
12;35;88
 11.75;35;88
 11.5;35;88
 11.25;35;88
11;35;88
 10.75;35;88
 10.5;35;88
 10.25;35;88
10;35;88
 9.75;35;88
 9.5;35;88
 9.25;35;88
9;35;88
 8.75;35;88
 8.5;35;88
 8.25;35;88
8;35;88
 7.75;35;88
 7.5;  35.5;88
 7.25;35;133
7;35;133
 6.75;35;133
 6.5;35;133
 6.25;35;133
6;35;133
 5.75;35;133
 5.25;35;133
 5.25;35;133
 5.25;35;133
 4.75;  35.5;110
 4.5;  35.25;110
 4.25;35;110
4;35;110
 3.75;35;110
 3.5;35;110
 2.75;  35.5;0
 2.75;  35.5;0
 2.75;  35.5;0
 2.5;  35.5;0
 2.25;  35.5;0
2;  35.5;0
 1.75;  35.5;0
 1.5;  35.5;0
 1.25;  35.5;0
1;  35.5;0
 0.75;  35.5;0
 0.5;  35.5;0
 0.25;  35.5;0
0;  35.5;0
47;  35.75;0
 46.75;  35.75;0
 46.5;  35.75;0
 46.25;  35.75;0
46;  35.75;0
 45.75;  35.75;0
 45.5;  35.75;0
 45.25;  35.25;0
45;  35.25;0
 44.75;  35.25;0
 44.5;  35.25;0
 44.25;  35.25;0
44;  35.25;0
44;  35.25;0
44;  35.25;0
 43.25;  35.25;173
 43.25;  35.25;173
 43.25;  35.25;173
 42.25;35;115
 42.25;35;115
 41.75;  35.25;115
 41.75;  35.25;115
 41.5;  35.5;115
 41.25;  35.25;115
41;  35.25;115
 40.75;  35.25;115
 40.5;  35.25;115
 40.25;  35.25;115
40;  35.25;115
 39.75;  35.25;115
 39.5;  35.5;115
 39.25;  35.25;115
39;  35.25;115
 38.75;  35.25;115
 38.5;  35.5;115
 38.25;  35.75;115
38;  35.5;115
 37.75;  35.25;115
 37.5;  35.25;115
 37.25;  35.25;115
37;  35.5;115
 36.75;  35.25;115
 36.5;  35.25;115
 36.25;  35.25;115
36;  35.25;115
 35.75;  35.25;115
 35.5;  35.5;115
 35.25;  35.25;115
35;  35.25;115
 34.75;  35.75;115
 34.5;  35.25;115
 34.25;  35.25;115
34;  35.25;115
 33.75;  35.5;87
 33.5;  35.25;87
 33.25;  35.25;87
33;  35.25;101
 32.75;  35.25;101
 32.5;  35.25;101
 32.25;  35.25;101
32;  35.25;101
 31.75;  35.25;101
 31.5;  35.25;101
 31.25;  35.25;101
31;  35.25;101
 30.75;  35.25;101
 30.5;  35.25;101
 30.25;  35.25;101
30;  35.25;101
 29.75;  35.25;101
 29.5;  35.5;101
 29.25;  35.25;11
29;  35.5;4
 28.75;  35.75;4
 28.5;  35.5;4
 28.25;  35.5;4
28;  35.25;103
 27.75;  35.25;103
 27.5;  35.25;103
 27.25;  35.25;103
27;  35.25;103
 26.75;  35.5;103
 26.5;  35.5;65
 26.25;  35.25;65
26;  35.25;65
 25.75;  35.25;65
 25.5;  35.25;65
 25.25;  35.25;65
25;  35.25;65
 24.75;  35.25;65
 24.5;  35.25;65
 24.25;  35.25;65
24;  35.25;65
 23.75;  35.25;65
 23.5;  35.25;65
 23.25;  35.25;65
 22.75;  35.25;120
 22.75;  35.25;120
 22.5;  35.25;120
 22.25;  35.25;120
22;  35.25;120
 21.75;  35.25;32
 21.5;  35.25;32
 21.25;  35.25;32
21;  35.25;32
 20.75;  35.25;32
 20.5;  35.25;32
 20.25;  35.25;32
20;  35.25;32
 19.75;  35.25;32
 19.5;  35.25;32
 19.25;  35.25;32
19;  35.25;32
 18.75;  35.25;32
 18.5;  35.25;32
 18.25;  35.25;32
 18.25;  35.25;32
 17.75;  35.5;123
 17.25;  34.75;134
 17.25;  34.75;134
 16.75;  35.25;184
 16.75;  35.25;184
 16.5;  35.25;184
 16.25;  35.25;184
16;  35.25;184
 15.75;  35.25;184
 15.5;  35.25;184
 15.25;  35.25;184
15;  35.25;184
 14.75;  35.25;184
 14.5;  35.25;184
 14.25;  35.25;184
14;  35.25;184
 13.75;  35.75;64
 13.5;  35.25;64
 13.25;  35.25;64
13;  35.25;64
 12.75;  35.5;64
 12.5;  35.25;88
 12.25;  35.25;88
12;  35.25;88
 11.75;  35.25;88
 11.5;  35.25;88
 11.25;  35.25;88
11;  35.25;88
 10.75;  35.25;88
 10.5;  35.25;88
 10.25;  35.25;88
10;  35.25;88
 9.75;  35.25;88
 9.5;  35.25;88
 9.25;  35.25;88
9;  35.25;88
 8.75;  35.25;88
 8.5;  35.25;88
 8.25;  35.25;88
8;  35.25;88
 7.75;  35.25;88
 7.5;  35.5;88
 7.25;  35.25;133
7;  35.25;133
 6.75;  35.25;133
 6.5;  35.5;133
 6.25;  35.25;133
 6.25;  35.25;133
 5.75;  35.75;110
 5.5;  35.75;110
 5.25;  35.75;110
5;  35.75;110
 4.75;  35.5;110
 4.5;  35.25;110
 4.25;  35.25;110
4;  35.25;110
 3.75;  35.25;110
 3.5;  35.5;110
 3.5;  35.5;110
 2.5;  35.75;0
 2.5;  35.75;0
 2.5;  35.75;0
 2.25;  35.75;0
2;  35.75;0
 1.75;  35.75;0
 1.5;  35.75;0
 1.25;  35.75;0
1;  35.75;0
 0.75;  35.75;0
 0.5;  35.75;0
 0.25;  35.75;0
0;  35.75;0
47;36;0
 46.75;36;0
 46.5;36;0
 46.25;36;0
46;36;0
 45.75;36;0
 45.5;36;0
 45.25;  35.5;0
45;  35.5;0
 44.75;  35.5;0
 44.5;  35.5;0
 44.25;  35.5;0
44;  35.5;0
44;  35.5;0
44;  35.5;0
 43.25;  35.75;66
43;  35.75;66
 42.75;  35.75;66
 42.5;  35.75;66
 41.75;  35.5;115
 41.75;  35.5;115
 41.75;  35.5;115
 41.5;  35.5;115
 41.25;  35.5;115
41;  35.5;115
 40.75;  35.75;115
 40.5;  35.5;115
 40.25;  35.5;115
 39.75;  35.5;115
 39.75;  35.5;115
 39.5;  35.5;115
 39.25;  35.5;115
39;  35.5;115
 38.75;  35.5;115
 38.5;  35.5;115
 38.25;  35.75;115
38;  35.5;115
 37.75;  35.75;115
 37.5;  35.5;115
 37.25;  35.5;115
37;  35.5;115
 36.75;  35.5;115
 36.5;  35.5;115
 36.25;  35.5;115
36;  35.5;115
 35.75;  35.5;115
 35.5;  35.5;115
 35.25;  35.75;115
35;  35.5;115
 34.75;  35.75;115
 34.5;  35.5;115
 34.25;  35.75;115
34;36;87
 33.75;  35.5;87
 33.5;  35.5;87
 33.25;  35.5;87
33;  35.75;101
 32.75;  35.5;101
 32.5;  35.5;101
 32.25;  35.5;101
32;  35.5;101
 31.75;  35.5;101
 31.5;  35.5;101
 31.25;  35.5;101
31;  35.5;101
 30.75;  35.5;101
 30.5;  35.5;101
 30.25;  35.5;101
30;  35.5;101
 29.75;  35.5;101
 29.5;  35.5;101
 29.25;  36.25;4
29;  35.5;4
 28.75;  35.75;4
 28.5;  35.5;4
 28.25;  35.5;4
28;  35.75;4
 27.75;  35.5;103
 27.5;  35.5;103
 27.25;  35.5;103
27;  35.5;103
 26.75;  35.5;103
 26.5;  35.5;65
 26.25;  35.5;65
26;  35.5;65
 25.75;  35.5;65
 25.5;  35.5;65
 25.25;  35.5;65
25;  35.5;65
 24.75;  35.5;65
 24.5;  35.5;65
 24.25;  35.5;65
24;  35.5;65
 23.75;  35.5;65
 23.5;  35.5;65
 23.25;  35.5;65
23;  35.75;65
 22.75;  35.5;120
 22.5;36;32
 22.25;  35.75;32
22;  35.75;32
 21.75;  35.5;32
 21.5;  35.5;32
 21.25;  35.5;32
21;  35.5;32
 20.75;  35.5;32
 20.5;  35.5;32
 20.25;  35.5;32
20;  35.5;32
 19.75;  35.5;32
 19.5;  35.5;32
 19.25;  35.5;32
19;  35.5;32
 18.75;  35.75;123
 18.5;  35.5;123
 18.25;  35.75;123
18;  35.5;123
 17.75;  35.5;123
 17.75;  35.5;123
 17.75;  35.5;123
 16.75;  35.75;184
 16.75;  35.75;184
 16.5;  35.5;184
 16.25;  35.5;184
16;  35.5;184
 15.75;  35.5;184
 15.5;  35.5;184
 15.25;  35.5;184
15;  35.5;184
 14.75;  35.5;184
 14.5;  35.5;184
 14.25;  35.5;184
14;  35.75;64
 13.75;36;64
 13.5;  35.5;64
 13.25;  35.5;64
13;  35.5;64
 12.75;  35.5;64
 12.5;  35.5;88
 12.25;  35.5;88
12;  35.5;88
 11.75;  35.75;88
 11.5;  35.5;88
 11.25;  35.5;88
11;  35.5;88
 10.75;  35.5;88
 10.5;  35.5;88
 10.25;  35.5;88
10;  35.5;88
 9.75;  35.5;88
 9.5;  35.5;88
 9.25;  35.5;88
9;  35.5;88
 8.75;  35.5;88
 8.5;  35.5;88
 8.25;  35.5;88
8;  35.5;88
 7.75;  35.5;88
 7.5;  35.5;88
 7.25;  35.5;133
7;  35.5;133
 6.75;  35.5;133
 6.5;  35.5;133
 6.5;  35.5;133
6;  35.75;110
 5.75;  35.75;110
 5.5;  35.75;110
 5.25;  35.75;110
5;  35.75;110
 4.75;  35.5;110
 4.5;  35.5;110
 4.25;  35.5;110
4;  35.5;110
 3.75;  35.5;110
 3.5;  35.5;110
 3.5;  35.5;110
 2.5;36;0
 2.5;36;0
 2.5;36;0
 2.25;36;0
2;36;0
 1.75;36;0
 1.5;36;0
 1.25;36;0
1;36;0
 0.75;36;0
 0.5;36;0
 0.25;36;0
0;36;0
47;  36.25;0
 46.75;  36.25;0
 46.5;  36.25;0
 46.25;  36.25;0
46;  36.25;0
 45.75;  36.25;0
 45.5;  36.25;0
 45.25;  35.75;0
45;  35.75;0
 44.75;  35.75;0
 44.5;  35.75;0
 44.25;  35.75;0
44;  35.75;0
44;  35.75;0
44;  35.75;0
 43.25;  35.75;66
43;  35.75;66
 42.75;  35.75;66
 42.5;  35.75;66
 42.25;  36.5;66
 41.5;  35.75;115
 41.5;  35.75;115
 41.5;  35.75;115
41;36;115
41;  35.75;115
 40.75;  35.75;115
 40.5;  35.75;115
 40.25;  35.75;115
40;  36.25;66
 39.75;36;66
 39.5;  36.25;66
39;  35.75;115
39;  35.75;115
 38.75;  35.75;115
 38.5;  35.75;115
 38.25;  35.75;115
38;  35.75;115
 37.75;  35.75;115
 37.5;  35.75;115
 37.25;  35.75;115
37;  35.75;115
 36.75;36;115
 36.5;  35.75;115
 36.25;36;115
36;  35.75;115
 35.75;  35.75;115
 35.5;  35.75;115
 35.25;  35.75;115
35;  35.75;115
 34.75;  35.75;115
 34.5;  35.75;115
 34.25;  35.75;115
34;36;87
 33.75;  35.75;87
 33.5;  35.75;87
 33.25;  35.75;87
33;  35.75;101
 32.75;  35.75;101
 32.5;  35.75;101
 32.25;  35.75;101
32;  35.75;101
 31.75;  35.75;101
 31.5;  35.75;101
 31.25;  35.75;101
31;  35.75;101
 30.75;  35.75;101
 30.5;  35.75;101
 30.25;  35.75;101
30;  35.75;101
 29.75;  35.75;101
 29.5;  35.75;101
 29.25;  36.25;4
29;  35.75;4
 28.75;  35.75;4
 28.5;  35.75;4
 28.25;  35.75;4
28;  35.75;4
 27.75;36;4
 27.5;  35.75;103
 27.25;  35.75;103
27;  35.75;103
 26.75;  35.75;103
 26.5;  35.75;65
 26.25;  35.75;65
26;  35.75;65
 25.75;  35.75;65
 25.5;  35.75;65
 25.25;  35.75;65
25;  35.75;65
 24.75;  35.75;65
 24.5;  35.75;65
 24.25;  35.75;65
24;  35.75;65
 23.75;  35.75;65
 23.5;  35.75;65
 23.25;  35.75;65
23;  35.75;65
 22.75;  35.5;120
 22.5;36;32
 22.25;  35.75;32
22;  35.75;32
 21.75;  35.75;32
 21.5;  35.75;32
 21.25;  35.75;32
21;  35.75;32
 20.75;  35.75;32
 20.5;  35.75;32
 20.25;  35.75;32
20;  35.75;32
 19.75;  35.75;32
 19.5;  36.25;123
 19.25;36;123
19;36;123
 18.75;  35.75;123
 18.5;  35.75;123
 18.25;  35.75;123
18;  35.75;123
 17.75;  35.75;123
 17.75;  35.75;123
 17.75;  35.75;123
 16.75;  35.75;184
 16.75;  35.75;184
 16.5;  35.75;184
 16.25;  35.75;184
16;  35.75;184
 15.75;  35.75;184
 15.5;36;184
 15.25;  35.75;184
15;  35.75;184
 14.75;  35.75;184
 14.5;  35.75;184
 14.25;36;64
14;  35.75;64
 13.75;36;64
 13.5;  35.75;64
 13.25;  35.75;64
13;  35.75;64
 12.75;  35.75;64
 12.5;36;64
 12.25;  35.75;88
12;  35.75;88
 11.75;  35.75;88
 11.5;  35.75;88
 11.25;  35.75;88
11;  35.75;88
 10.75;  35.75;88
 10.5;  35.75;88
 10.25;  35.75;88
10;  35.75;88
 9.75;  35.75;88
 9.5;  35.75;88
 9.25;  35.75;88
9;  35.75;88
 8.75;  35.75;88
 8.5;  35.75;88
 8.25;  35.75;88
8;  35.75;88
 7.75;  35.75;88
 7.5;  35.75;88
 7.25;  35.75;133
7;  35.75;133
7;  35.75;133
 6.5;36;110
 6.25;36;110
6;  35.75;110
 5.75;  35.75;110
 5.5;  35.75;110
 5.25;  35.75;110
5;  35.75;110
 4.75;  35.75;110
 4.5;  35.75;110
 4.25;  35.75;110
 3.75;  35.75;110
 3.75;  35.75;110
 3.5;  35.75;110
 3.5;  35.75;110
 2.5;  36.25;0
 2.5;  36.25;0
 2.5;  36.25;0
 2.25;  36.25;0
2;  36.25;0
 1.75;  36.25;0
 1.5;  36.25;0
 1.25;  36.25;0
1;  36.25;0
 0.75;  36.25;0
 0.5;  36.25;0
 0.25;  36.25;0
0;  36.25;0
47;  36.5;0
 46.75;  36.5;0
 46.5;  36.5;0
 46.25;  36.5;0
46;  36.5;0
 45.75;  36.5;0
 45.5;  36.5;0
 45.25;  36.5;0
45;36;0
 44.75;36;0
 44.5;36;0
 44.25;36;0
44;36;0
44;36;0
44;36;0
 43.25;36;66
43;36;66
 42.75;36;66
 42.5;36;66
 42.25;  36.5;66
 41.75;  36.5;66
 41.75;  36.5;66
 41.5;  35.75;115
41;36;115
41;  35.75;115
 40.75;  36.5;66
 40.5;  36.5;66
 40.25;  36.25;66
40;  36.25;66
 39.75;36;66
 39.5;  36.25;66
 39.25;  36.5;66
 38.75;  36.25;66
 38.75;  36.25;66
 38.5;36;115
 38.25;36;115
38;36;115
 37.75;36;115
 37.5;36;115
 37.25;36;115
37;  36.25;115
 36.75;36;115
 36.5;36;115
 36.25;36;115
36;36;115
 35.75;36;115
 35.5;36;115
 35.25;  36.25;115
35;36;115
 34.75;36;115
 34.5;36;115
 34.25;  36.25;87
34;36;87
 33.75;36;87
 33.5;36;87
 33.25;36;87
33;36;101
 32.75;36;101
 32.5;36;101
 32.25;36;101
32;36;101
 31.75;36;101
 31.5;36;101
 31.25;36;101
31;36;101
 30.75;36;101
 30.5;36;101
 30.25;36;101
30;36;101
 29.75;36;101
 29.5;36;101
 29.25;  36.25;4
29;36;4
 28.75;36;4
 28.5;36;4
 28.25;36;4
28;36;4
 27.75;36;4
 27.5;  36.25;4
 27.25;  36.5;4
27;36;103
 26.75;36;103
 26.5;36;65
 26.25;36;65
26;36;65
 25.75;36;65
 25.5;36;65
 25.25;36;65
25;36;65
 24.75;36;65
 24.5;36;65
 24.25;36;65
24;36;65
 23.75;36;65
 23.5;36;65
 23.25;36;65
23;36;65
23;36;65
 22.5;36;32
 22.25;36;32
22;36;32
 21.75;36;32
 21.5;36;32
 21.25;36;32
21;36;32
 20.75;36;32
 20.5;36;32
 20.5;36;32
20;  36.5;123
 19.75;  36.25;123
 19.5;  36.25;123
 19.25;36;123
19;36;123
 18.75;36;123
 18.5;36;123
 18.25;36;123
18;36;123
 17.75;36;123
 17.75;36;123
 17.75;  35.75;123
 16.75;  35.75;184
 16.75;  35.75;184
 16.25;36;184
 16.25;36;184
16;36;184
 15.75;36;184
 15.5;36;184
 15.25;36;184
15;36;184
 14.75;36;184
 14.75;36;184
 14.25;36;64
14;36;64
 13.75;36;64
 13.5;36;64
 13.25;36;64
13;36;64
 12.75;36;64
 12.5;36;64
 12.25;36;88
12;36;88
 11.75;36;88
 11.5;36;88
 11.25;36;88
11;36;88
 10.75;36;88
 10.5;36;88
 10.25;36;88
10;36;88
 9.75;36;88
 9.5;36;88
 9.25;36;88
9;36;88
 8.75;36;88
 8.5;36;88
 8.25;36;88
8;36;88
 7.75;36;88
 7.5;36;88
 7.25;  35.75;133
7;  36.5;110
 6.75;  36.5;110
 6.5;36;110
 6.25;36;110
6;36;110
 5.75;36;110
 5.5;36;110
 5.25;  36.25;110
5;36;110
 4.75;36;110
 4.5;36;110
 4.25;36;110
4;  36.5;53
 3.75;  36.25;53
 3.5;36;53
 3.25;36;53
 2.5;  36.5;0
 2.5;  36.5;0
 2.5;  36.5;0
 2.25;  36.5;0
2;  36.5;0
 1.75;  36.5;0
 1.5;  36.5;0
 1.25;  36.5;0
1;  36.5;0
 0.75;  36.5;0
 0.5;  36.5;0
 0.25;  36.5;0
0;  36.5;0
47;  36.75;0
 46.75;  36.75;0
 46.5;  36.75;0
 46.25;  36.75;0
46;  36.75;0
 45.75;  36.75;0
 45.5;  36.75;0
 45.25;  36.5;0
45;  36.25;0
 44.75;  36.25;0
 44.5;  36.25;0
 44.25;  36.25;0
 44.25;  36.25;0
 44.25;  36.25;0
 43.25;  36.5;66
 43.25;  36.25;66
43;  36.25;66
 42.75;  36.25;66
 42.5;  36.5;66
 42.25;  36.5;66
42;37;66
 41.75;  36.5;66
 41.5;37;66
 41.25;  36.75;66
41;  36.75;66
 40.75;  36.5;66
 40.5;  36.5;66
 40.25;  36.25;66
40;  36.25;66
 39.75;  36.5;66
 39.5;  36.25;66
 39.25;  36.5;66
39;  36.75;66
 38.75;  36.25;66
 38.75;  36.5;66
 38.25;  36.25;115
 37.75;  36.5;115
 37.75;  36.25;115
 37.5;  36.25;115
 37.25;  36.25;115
37;  36.25;115
 36.75;  36.25;115
 36.5;  36.25;115
 36.25;  36.25;115
36;  36.25;115
 35.75;  36.25;115
 35.5;  36.25;115
 35.25;  36.25;115
35;  36.25;115
 34.75;  36.25;115
 34.5;  36.75;87
 34.25;  36.25;87
34;  36.25;87
 33.75;  36.25;87
 33.5;  36.25;87
 33.25;  36.25;87
 32.75;  36.5;101
 32.75;  36.25;101
 32.5;  36.25;101
 32.25;  36.25;101
32;  36.25;101
 31.75;  36.25;101
 31.5;  36.25;101
 31.25;  36.25;101
31;  36.25;101
 30.75;  36.25;101
 30.5;  36.25;101
 30.25;  36.25;101
30;  36.25;101
 29.75;  36.25;101
 29.5;  36.5;4
 29.25;  36.25;4
29;  36.25;4
 28.75;  36.25;4
 28.5;  36.25;4
 28.25;  36.25;4
28;  36.5;4
 27.75;  36.25;4
 27.5;  36.25;4
 27.25;  36.5;4
27;  36.5;4
 26.75;  36.25;103
 26.5;  36.25;65
 26.25;  36.25;65
26;  36.25;65
 25.75;  36.25;65
 25.5;  36.25;65
 25.25;  36.25;65
25;  36.25;65
 24.75;  36.25;65
 24.5;  36.25;65
 24.25;  36.25;65
24;  36.25;65
 23.75;  36.25;65
 23.5;  36.25;65
 23.25;  36.25;65
23;  36.25;65
 22.5;  36.75;32
 22.5;  36.25;32
 22.25;  36.25;32
22;  36.25;32
 21.75;  36.25;32
 21.5;  36.25;32
 21.25;  36.25;32
21;  36.25;32
 20.75;  36.5;123
 20.5;  36.75;123
 20.25;  36.5;123
20;  36.5;123
 19.75;  36.25;123
 19.5;  36.25;123
 19.25;  36.25;123
19;  36.25;123
 18.75;  36.25;123
 18.5;  36.25;123
 18.25;  36.25;123
18;  36.25;123
 17.75;  36.25;123
 17.75;  36.25;123
 17.25;37;106
17;  36.75;106
 16.75;  36.25;106
 16.5;  36.5;106
 16.25;  36.25;106
16;  36.5;106
 15.5;  36.25;184
 15.5;  36.25;184
 15.25;  36.25;184
15;  36.25;184
 14.75;  36.25;184
 14.75;  36.25;184
 14.25;  36.25;64
14;  36.25;64
 13.75;  36.25;64
 13.5;  36.25;64
 13.25;  36.25;64
13;  36.25;64
 12.75;  36.25;64
 12.5;  36.25;64
 12.25;  36.25;88
12;  36.25;88
 11.75;  36.25;88
 11.5;  36.25;88
 11.25;  36.25;88
11;  36.25;88
 10.75;  36.25;88
 10.5;  36.25;88
 10.25;  36.25;88
10;  36.25;88
 9.75;  36.25;88
 9.5;  36.25;88
 9.25;  36.25;88
9;  36.25;88
 8.75;  36.25;88
 8.5;  36.25;88
 8.25;  36.25;88
8;  36.25;88
 7.75;  36.25;88
 7.5;  36.25;88
 7.25;37;110
7;  36.5;110
 6.75;  36.5;110
 6.5;  36.25;110
 6.25;  36.25;110
6;  36.25;110
 5.75;  36.25;110
 5.5;  36.25;110
 5.25;  36.25;110
5;  36.25;110
 4.75;  36.25;110
 4.5;  36.25;110
 4.25;  36.75;53
4;  36.5;53
 3.75;  36.25;53
 3.5;  36.25;53
 3.25;  36.25;53
 2.5;  36.75;0
 2.5;  36.75;0
 2.5;  36.75;0
 2.25;  36.75;0
2;  36.75;0
 1.75;  36.75;0
 1.5;  36.75;0
 1.25;  36.75;0
1;  36.75;0
 0.75;  36.75;0
 0.5;  36.75;0
 0.25;  36.75;0
0;  36.75;0
47;37;0
 46.75;37;0
 46.5;37;0
 46.25;37;0
46;37;0
 45.75;37;0
 45.5;37;0
 45.5;37;0
45;  36.5;0
 44.75;  36.5;0
 44.5;  36.5;0
 44.25;  36.5;0
 44.25;  36.5;0
 44.25;  36.5;0
 43.25;  36.5;66
 43.25;  36.5;66
43;  36.5;66
 42.75;  36.5;66
 42.5;  36.5;66
 42.25;  36.5;66
42;37;66
 41.75;  36.5;66
 41.5;37;66
 41.25;  36.75;66
41;  36.75;66
 40.75;  36.5;66
 40.5;  36.5;66
 40.25;37;66
40;  36.5;66
 39.75;  36.5;66
 39.5;  36.5;66
 39.25;  36.5;66
39;37;66
 38.75;  36.5;66
 38.75;  36.5;66
 38.25;  36.75;66
 37.75;  36.5;115
 37.75;  36.5;115
 37.5;  36.5;115
 37.25;  36.5;115
37;  36.5;115
 36.75;  36.5;115
 36.5;  36.5;115
 36.25;  36.75;115
36;  36.5;115
 35.75;  36.75;115
 35.5;  36.5;115
 35.25;  36.5;115
35;  36.5;115
 34.75;  36.75;87
 34.5;  36.75;87
 34.25;  36.5;87
34;  36.5;87
 33.75;  36.5;87
 33.5;  36.5;87
 33.25;  36.5;87
 32.75;  36.5;101
 32.75;  36.5;101
 32.5;  36.5;101
 32.25;  36.5;101
32;  36.5;101
 31.75;  36.5;101
 31.5;  36.5;101
 31.25;  36.5;101
31;  36.5;101
 30.75;  36.5;101
 30.5;  36.5;101
 30.25;  36.5;101
30;  36.5;101
 29.75;  36.5;101
 29.5;  36.5;4
 29.25;  36.5;4
29;  36.5;4
 28.75;  36.5;4
 28.5;  36.5;4
 28.25;  36.5;4
28;  36.5;4
 27.75;  36.5;4
 27.5;  36.5;4
 27.25;  36.5;4
27;  36.5;4
 26.75;  36.5;4
 26.5;37;4
 26.25;  36.5;65
26;  36.5;65
 25.75;  36.5;65
 25.5;  36.5;65
 25.25;  36.5;65
25;  36.5;65
 24.75;  36.5;65
 24.5;  36.5;65
 24.25;  36.5;65
24;  36.5;65
 23.75;  36.5;65
 23.5;  36.5;65
 23.25;  36.5;65
23;  36.5;65
 22.5;  36.75;32
 22.5;  36.5;32
 22.25;  36.5;32
22;  36.5;32
 21.75;  36.5;32
 21.75;  36.5;32
 21.25;  36.75;123
21;  36.5;123
 20.75;  36.5;123
 20.5;  36.75;123
 20.25;  36.5;123
20;  36.5;123
 19.75;  36.5;123
 19.5;  36.5;123
 19.25;  36.5;123
19;  36.5;123
 18.75;  36.5;123
 18.5;  36.5;123
 18.25;  36.5;123
18;  36.5;123
 17.75;  36.5;123
 17.75;  36.5;123
 17.25;37;106
17;  36.75;106
 16.75;  36.5;106
 16.5;  36.5;106
 16.25;  36.5;106
16;  36.5;106
 15.75;  36.5;106
 15.5;  36.75;106
 15.25;  36.5;106
15;  36.5;106
 14.75;  36.25;184
 14.25;  36.75;64
 14.25;  36.5;64
14;  36.5;64
 13.75;  36.5;64
 13.5;  36.5;64
 13.25;  36.5;64
13;  36.5;64
 12.75;  36.5;64
 12.5;  36.5;64
 12.25;  36.5;64
12;  36.5;88
 11.75;  36.5;88
 11.5;  36.5;88
 11.25;  36.5;88
11;  36.5;88
 10.75;  36.5;88
 10.5;  36.5;88
 10.25;  36.5;88
10;  36.5;88
 9.75;  36.5;88
 9.5;  36.5;88
 9.25;  36.5;88
9;  36.5;88
 8.75;  36.5;88
 8.5;  36.5;88
 8.25;  36.5;88
8;  36.5;88
 7.75;  36.5;88
 7.5;  36.5;88
 7.25;37;110
7;  36.5;110
 6.75;  36.5;110
 6.5;  36.5;110
 6.25;  36.5;110
6;  36.5;110
 5.75;  36.5;110
 5.5;  36.5;110
 5.25;  36.5;110
5;  36.5;110
 4.75;  36.5;110
 4.5;  36.75;53
 4.25;  36.75;53
4;  36.5;53
 3.75;  36.5;53
 3.5;  36.5;53
 3.25;  36.5;53
 2.5;37;0
 2.5;37;0
 2.5;37;0
 2.25;37;0
2;37;0
 1.75;37;0
 1.5;37;0
 1.25;37;0
1;37;0
 0.75;37;0
 0.5;37;0
 0.25;37;0
0;37;0
47;  37.25;0
 46.75;  37.25;0
 46.5;  37.25;0
 46.25;  37.25;0
46;  37.25;0
 45.75;  37.25;0
 45.5;  37.25;0
 45.5;  37.25;0
45;  36.75;0
 44.75;  36.75;0
 44.5;  36.75;0
 44.25;  36.75;0
44;  37.5;0
44;  37.5;0
 43.25;  36.75;66
 43.25;  36.75;66
43;  36.75;66
 42.75;  36.75;66
 42.5;  36.75;66
 42.25;37;66
42;37;66
 41.75;  36.75;66
 41.5;37;66
 41.25;  36.75;66
41;  36.75;66
 40.75;  36.75;66
 40.5;  36.75;66
 40.25;37;66
40;  36.75;66
 39.75;  36.75;66
 39.5;  37.25;66
 39.25;  36.75;66
39;37;66
 38.75;  36.75;66
 38.5;  37.25;66
 38.25;37;66
38;37;66
 37.75;  37.25;66
 37.25;  36.75;115
 37.25;  36.75;115
37;37;115
 36.75;37;115
 36.5;  36.75;115
 36.25;  36.75;115
36;  36.75;115
 35.75;  36.75;115
 35.5;  36.75;115
 35.5;  36.75;115
35;  37.25;87
 34.75;  36.75;87
 34.5;  36.75;87
 34.25;  36.75;87
 34.25;  36.75;87
 33.75;37;20
 33.5;37;20
 33.25;37;20
 32.75;  36.75;101
 32.75;  36.75;101
 32.5;  36.75;101
 32.25;  36.75;101
32;  36.75;101
 31.75;  36.75;101
 31.5;  36.75;101
 31.25;  36.75;101
31;37;101
 30.75;  36.75;101
 30.5;  36.75;101
 30.25;  36.75;101
30;  36.75;101
 29.75;37;4
 29.5;37;4
 29.25;  36.75;4
29;  36.75;4
 28.75;  36.75;4
 28.5;  36.75;4
 28.25;  36.75;4
28;  36.75;4
 27.75;  36.75;4
 27.5;  36.75;4
 27.25;  36.75;4
27;  36.75;4
 26.75;  36.75;4
 26.5;  37.25;4
 26.25;  36.75;65
26;  36.75;65
 25.75;  36.75;65
 25.5;  36.75;65
 25.25;  36.75;65
25;  36.75;65
 24.75;  36.75;65
 24.5;  36.75;65
 24.25;  36.75;65
24;  36.75;65
 23.75;  36.75;65
 23.5;  36.75;65
23;  36.75;65
23;  36.75;65
 22.5;  36.75;32
 22.5;  36.75;32
 22.25;  36.75;32
 22.25;  36.75;32
 21.75;  36.75;123
 21.5;  36.75;123
 21.25;  36.75;123
21;  36.75;123
 20.75;  36.75;123
 20.5;  36.75;123
 20.25;  36.75;123
20;  36.75;123
 19.75;  36.75;123
 19.5;  36.75;123
 19.25;  36.75;123
19;  36.75;123
 18.75;  36.75;123
 18.5;  36.75;123
 18.25;  36.75;123
18;37;123
18;37;123
 17.25;37;106
 17.25;37;106
17;  36.75;106
 16.75;  36.75;106
 16.5;  36.75;106
 16.25;  36.75;106
16;  36.75;106
 15.75;  36.75;106
 15.5;  36.75;106
 15.25;37;106
15;  36.75;106
 14.75;37;154
 14.25;  36.75;64
 14.25;  36.75;64
14;  36.75;64
 13.75;  36.75;64
 13.5;  36.75;64
 13.25;  36.75;64
13;  36.75;64
 12.75;  36.75;64
 12.5;  36.75;64
 12.25;  36.75;64
12;  36.75;88
 11.75;  36.75;88
 11.5;  36.75;88
 11.25;  36.75;88
11;  36.75;88
 10.75;  36.75;88
 10.5;  36.75;88
 10.25;  36.75;88
10;  36.75;88
 9.75;  36.75;88
 9.5;  36.75;88
 9.25;  36.75;88
9;  36.75;88
 8.75;  36.75;88
 8.5;  36.75;88
 8.25;  36.75;88
8;  36.75;88
 7.75;  36.75;88
 7.5;  36.75;88
 7.25;37;110
7;  36.75;110
 6.75;  36.75;110
 6.5;  36.75;110
 6.25;37;110
6;37;110
 5.75;37;110
 5.5;  36.75;110
 5.25;  36.75;110
 5.25;  36.75;110
 4.75;  37.25;53
 4.5;  36.75;53
 4.25;  36.75;53
4;  36.75;53
 3.75;  36.75;53
 3.5;  36.75;53
 3.25;  36.75;53
 2.5;  37.25;0
 2.5;  37.25;0
 2.5;  37.25;0
 2.25;  37.25;0
2;  37.25;0
 1.75;  37.25;0
 1.5;  37.25;0
 1.25;  37.25;0
1;  37.25;0
 0.75;  37.25;0
 0.5;  37.25;0
 0.25;  37.25;0
0;  37.25;0
47;  37.5;0
 46.75;  37.5;0
 46.5;  37.5;0
 46.25;  37.5;0
46;  37.5;0
 45.75;  37.5;0
 45.5;  37.5;0
 45.25;  37.5;0
45;37;0
 44.75;37;0
 44.5;37;0
 44.25;  37.25;0
44;  37.5;0
44;  37.5;0
44;  37.5;0
 43.25;37;66
43;  37.25;66
 42.75;37;66
 42.5;  37.25;66
 42.25;37;66
42;37;66
 41.75;37;66
 41.5;37;66
 41.25;37;66
41;37;66
 40.75;37;66
 40.5;  37.25;66
 40.25;37;66
40;37;66
 39.75;  37.25;66
 39.5;  37.25;66
 39.25;37;66
39;37;66
 38.75;  37.25;66
 38.5;  37.5;66
 38.25;37;66
38;37;66
 37.75;  37.25;66
 37.25;37;115
 37.25;37;115
37;37;115
 36.75;37;115
 36.5;37;115
 36.25;37;115
36;37;115
 35.75;  37.25;115
 35.5;  37.25;115
35;  37.25;87
35;  37.25;87
 34.5;37;87
 34.5;37;87
 34.25;37;87
34;  37.25;20
 33.75;37;20
 33.5;37;20
 33.25;37;20
33;37;20
 32.75;  37.25;20
 32.5;37;101
 32.25;37;101
32;37;101
 31.75;37;101
 31.5;37;101
 31.25;37;101
31;37;101
 30.75;37;101
 30.5;37;101
 30.25;37;101
30;37;101
 29.75;37;4
 29.5;37;4
 29.25;37;4
29;37;4
 28.75;37;4
 28.5;37;4
 28.25;37;4
28;37;4
 27.75;37;4
 27.5;37;4
 27.25;37;4
27;37;4
 26.75;37;4
 26.5;  37.25;4
 26.25;37;65
26;37;65
 25.75;37;65
 25.5;37;65
 25.25;37;65
25;37;65
 24.75;37;65
 24.5;37;65
 24.25;37;65
24;37;65
 23.75;37;65
 23.5;  37.25;26
 23.25;  37.25;26
23;  37.25;26
 22.5;  36.75;32
 22.5;  36.75;32
 22.25;  36.75;32
 21.75;  37.25;123
 21.75;  37.25;123
 21.5;37;123
 21.25;37;123
21;37;123
 20.75;37;123
 20.5;37;123
 20.25;37;123
20;37;123
 19.75;37;123
 19.5;37;123
 19.25;37;123
19;37;123
 18.75;37;123
 18.25;37;123
 18.25;37;123
18;37;123
18;37;123
 17.25;37;106
 17.25;37;106
17;37;106
 16.75;37;106
 16.5;37;106
 16.25;37;106
16;37;106
 15.75;37;106
 15.5;37;106
 15.25;37;106
15;  37.25;154
 14.75;37;154
 14.5;  37.25;154
 14.25;37;64
14;37;64
 13.75;37;64
 13.5;37;64
 13.25;37;64
13;37;64
 12.75;37;64
 12.5;37;64
 12.25;37;64
12;  37.25;64
 11.75;37;88
 11.5;37;88
 11.25;37;88
11;37;88
 10.75;  37.25;88
 10.5;37;88
 10.25;37;88
10;37;88
 9.75;37;88
 9.5;37;88
 9.25;37;88
9;37;88
 8.75;37;88
 8.5;37;88
 8.25;37;88
8;37;88
 7.75;37;88
 7.5;37;88
 7.25;37;110
7;37;110
 6.75;37;110
 6.5;37;110
 6.25;37;110
6;37;110
 5.75;37;110
 5.5;37;110
 5.25;37;110
5;37;53
 4.75;  37.25;53
 4.5;37;53
 4.25;37;53
4;37;53
 3.75;37;53
 3.5;37;53
 3.25;37;53
 2.5;  37.5;0
 2.5;  37.5;0
 2.5;  37.5;0
 2.25;  37.5;0
2;  37.5;0
 1.75;  37.5;0
 1.5;  37.5;0
 1.25;  37.5;0
1;  37.5;0
 0.75;  37.5;0
 0.5;  37.5;0
 0.25;  37.5;0
0;  37.5;0
47;  37.75;0
 46.75;  37.75;0
 46.5;  37.75;0
 46.25;  37.75;0
46;  37.75;0
 45.75;  37.75;0
 45.5;  37.75;0
 45.25;  37.75;0
45;  37.25;0
 44.75;  37.25;0
 44.5;  37.25;0
44;  37.5;0
44;  37.5;0
44;  37.5;0
44;  37.5;0
 43.25;  37.25;66
43;  37.25;66
 42.75;  37.25;66
 42.5;  37.25;66
 42.25;  37.25;66
42;  37.25;66
 41.75;  37.25;66
 41.5;  37.25;66
 41.25;  37.75;66
41;  37.5;66
 40.75;  37.25;66
 40.5;  37.25;66
 40.25;  37.5;66
40;  37.25;66
 39.75;  37.25;66
 39.5;  37.25;66
 39.25;  37.25;66
39;  37.5;66
 38.75;  37.25;66
 38.5;  37.5;66
 38.25;  37.5;66
38;  37.5;66
 37.75;  37.25;66
 37.5;  37.75;66
 37.25;  37.25;115
37;  37.25;115
 36.75;  37.25;115
 36.5;  37.5;115
 36.25;  37.25;115
36;  37.25;115
 35.75;  37.25;115
 35.5;  37.25;115
35;  37.25;87
35;  37.25;87
 34.75;  37.5;20
 34.5;  37.25;20
 34.25;  37.25;20
34;  37.25;20
 33.75;  37.25;20
 33.5;  37.25;20
 33.25;  37.25;20
33;  37.25;20
 32.75;  37.25;20
 32.5;  37.25;101
 32.25;  37.25;101
32;  37.25;101
 31.75;  37.25;101
 31.5;  37.25;101
 31.25;  37.25;101
31;  37.25;101
 30.75;  37.25;101
 30.5;  37.25;101
 30.25;  37.75;4
30;  37.25;4
 29.75;  37.25;4
 29.5;  37.25;4
 29.25;  37.25;4
29;  37.25;4
 28.75;  37.25;4
 28.5;  37.25;4
 28.25;  37.25;4
28;  37.25;4
 27.75;  37.25;4
 27.5;  37.25;4
 27.25;  37.25;4
27;  37.25;4
 26.75;  37.25;4
 26.5;  37.25;4
 25.75;  37.25;65
26;  37.5;26
 25.75;  37.5;26
 25.5;  37.5;26
 25.25;  37.5;26
 25.25;  37.5;26
 24.75;  37.5;26
 24.5;  37.5;26
 24.25;  37.5;26
24;  37.25;26
 23.75;  37.25;26
 23.5;  37.25;26
 23.25;  37.25;26
23;  37.25;26
 22.75;  37.5;80
 22.5;  37.25;80
 22.25;  37.5;80
22;  37.5;80
 21.75;  37.25;123
 21.5;  37.25;123
 21.25;  37.25;123
21;  37.25;123
 20.75;  37.25;123
 20.5;  37.25;123
 20.25;  37.25;123
20;  37.25;123
 19.75;  37.25;123
 19.5;  37.25;123
 19.25;  37.25;123
19;  37.25;123
 18.75;  37.25;123
 18.5;  37.75;82
 18.25;  37.5;82
18;  37.5;82
 17.75;  37.5;82
 17.5;  37.25;82
 17.25;  37.25;82
17;  37.5;82
 16.75;  37.25;106
 16.5;  37.25;106
 16.25;  37.25;106
16;  37.25;106
 15.75;  37.25;106
 15.5;  37.25;106
 15.5;  37.25;106
15;  37.25;154
 14.75;  37.25;154
 14.5;  37.25;154
 14.25;  37.25;64
14;  37.25;64
 13.75;  37.25;64
 13.5;  37.25;64
 13.25;  37.25;64
13;  37.25;64
 12.75;  37.25;64
 12.5;  37.25;64
 12.25;  37.25;64
12;  37.25;64
 11.75;  37.25;88
 11.5;  37.25;88
 11.25;  37.25;88
11;  37.25;88
 10.75;  37.25;88
 10.5;  37.25;88
 10.25;  37.25;88
10;  37.25;88
 9.75;  37.25;88
 9.5;  37.25;88
 9.25;  37.25;88
9;  37.25;88
 8.75;  37.25;88
 8.5;  37.25;88
 8.25;  37.25;88
8;  37.25;88
 7.75;  37.25;88
 7.5;  37.25;88
 7.25;  37.25;110
7;  37.25;110
 6.75;  37.5;110
 6.5;  37.25;110
 6.25;  37.25;110
6;  37.25;110
 5.75;  37.25;110
 5.5;  37.5;53
 5.25;  37.5;53
5;  37.5;53
 4.75;  37.25;53
 4.5;  37.25;53
 4.25;  37.25;53
4;  37.25;53
 3.75;  37.25;53
 3.5;  37.25;53
 3.25;  37.25;53
 2.5;  37.75;0
 2.5;  37.75;0
 2.5;  37.75;0
 2.25;  37.75;0
2;  37.75;0
 1.75;  37.75;0
 1.5;  37.75;0
 1.25;  37.75;0
1;  37.75;0
 0.75;  37.75;0
 0.5;  37.75;0
 0.25;  37.75;0
0;  37.75;0
47;38;0
 46.75;38;0
 46.5;38;0
 46.25;38;0
46;38;0
 45.75;38;0
 45.5;38;0
 45.5;38;0
45;  37.5;0
 44.75;  37.5;0
 44.5;  37.5;0
44;  37.5;0
44;  37.5;0
44;  37.5;0
44;  37.5;0
 43.25;  37.75;66
43;  37.5;66
 42.75;  37.75;66
 42.5;  37.5;66
 42.25;  37.5;66
42;  37.5;66
 41.75;  37.5;66
 41.5;  37.5;66
 41.25;  37.75;66
41;  37.5;66
 40.75;  37.5;66
 40.5;  37.75;66
 40.25;  37.5;66
40;38;66
 39.75;  37.5;66
 39.5;  37.5;66
 39.25;  37.75;66
39;  37.5;66
 38.75;  37.5;66
 38.5;  37.5;66
 38.25;  37.5;66
38;  37.5;66
 37.75;  37.75;66
 37.5;  38.25;66
 37.25;38;66
 36.75;  37.5;115
 36.75;  37.5;115
 36.5;  37.5;115
 36.25;  37.5;115
36;  37.5;115
36;  37.5;115
 35.5;  38.25;20
 35.25;  37.75;20
35;  37.5;20
 34.75;  37.5;20
 34.5;  37.5;20
 34.25;  37.5;20
34;  37.5;20
 33.75;  37.5;20
 33.5;  37.5;20
 33.25;  37.5;20
33;  37.5;20
 32.75;  37.5;20
 32.5;  37.5;20
 32.25;  37.75;20
32;  37.5;101
 31.75;  37.5;101
 31.5;  37.5;101
 31.25;  37.5;101
31;  37.5;101
31;  37.5;101
31;  37.5;101
 30.25;  37.75;4
30;  37.5;4
 29.75;  37.5;4
 29.5;  37.5;4
 29.25;  37.5;4
29;  37.5;4
 28.75;  37.5;4
 28.5;  37.5;4
 28.25;  37.5;4
28;  37.5;4
 27.75;  37.5;4
 27.5;  37.5;4
 27.25;  37.75;4
27;  37.5;4
 26.75;  37.5;4
 26.5;  37.5;4
 26.25;  37.5;26
26;  37.5;26
 25.75;  37.5;26
 25.5;  37.5;26
 25.25;  37.5;26
25;  37.75;26
 24.75;  37.5;26
 24.5;  37.5;26
 24.25;  37.5;26
24;  37.5;26
 23.75;  37.5;26
 23.5;  37.5;26
 23.25;  37.5;26
23;  37.5;26
 22.75;  37.5;80
 22.5;  37.5;80
 22.25;  37.5;80
22;  37.5;80
 21.75;  37.5;80
 21.5;  37.75;80
 21.25;  37.5;123
21;  37.5;123
 20.75;  37.5;123
 20.5;  37.5;123
 20.25;  37.5;123
20;  37.5;123
 19.75;  37.5;123
 19.5;  37.5;123
 19.25;  37.75;123
19;  37.5;123
 18.75;38;82
 18.5;  37.75;82
 18.25;  37.5;82
18;  37.5;82
 17.75;  37.5;82
 17.5;  37.5;82
 17.25;  37.75;82
17;  37.5;82
 16.75;  37.75;82
 16.5;  37.75;82
 16.25;  37.5;82
16;  37.75;82
 15.75;  37.5;82
 15.5;  37.5;82
 15.25;  37.75;82
15;  37.75;82
 14.75;  37.5;154
 14.5;  37.5;154
 14.25;  37.75;154
14;  37.5;64
 13.75;  37.5;64
 13.5;  37.5;64
 13.25;  37.5;64
13;  37.5;64
 12.75;  37.5;64
 12.5;  37.5;64
 12.25;  37.5;64
12;  37.5;64
 11.75;  37.5;88
 11.5;  37.5;88
 11.25;  37.5;88
11;  37.5;88
 10.75;  37.5;88
 10.5;  37.5;88
 10.25;  37.5;88
10;  37.5;88
 9.75;  37.5;88
 9.5;  37.5;88
 9.25;  37.5;88
9;  37.5;88
 8.75;  37.5;88
 8.5;  37.5;88
 8.25;  37.5;88
8;  37.5;88
 7.75;  37.5;88
 7.5;38;110
 7.25;  37.5;110
7;  37.5;110
 6.75;  37.5;110
 6.5;  37.5;110
 6.25;  37.5;110
6;  37.5;110
 5.75;  37.75;53
 5.5;  37.5;53
 5.25;  37.5;53
5;  37.5;53
 4.75;  37.5;53
 4.5;  37.5;53
 4.25;  37.5;53
4;  37.5;53
 3.75;  37.5;53
 3.5;  37.5;53
 3.25;  37.5;53
 2.5;38;0
 2.5;38;0
 2.5;38;0
 2.25;38;0
2;38;0
 1.75;38;0
 1.5;38;0
 1.25;38;0
1;38;0
 0.75;38;0
 0.5;38;0
 0.25;38;0
0;38;0
47;  38.25;0
 46.75;  38.25;0
 46.5;  38.25;0
 46.25;  38.25;0
46;  38.25;0
 45.75;  38.25;0
 45.5;  38.25;0
 45.25;  38.25;0
45;  37.75;0
 44.75;  37.75;0
 44.5;  37.75;0
 44.25;  37.75;0
44;  37.75;0
44;  37.75;0
44;  37.75;0
 43.25;  37.75;66
 42.75;  37.75;66
 42.75;  37.75;66
 42.5;  37.75;66
 42.25;  37.75;66
42;  37.75;66
 41.75;  37.75;66
 41.5;  37.75;66
 41.25;  37.75;66
41;  37.75;66
 40.75;  37.75;66
 40.5;  37.75;66
 40.25;  37.75;66
40;38;66
 39.75;  37.75;66
 39.5;  37.75;66
 39.25;  37.75;66
39;  37.75;66
 38.75;38;66
 38.5;  37.75;66
 38.25;38;66
38;38;66
 37.75;  37.75;66
 37.5;  38.25;66
 37.25;38;66
 36.5;38;115
 36.5;38;115
 36.5;38;115
 36.25;  37.75;115
 36.25;  37.75;115
 35.5;  38.25;20
 35.5;  38.25;20
 35.25;  37.75;20
35;  37.75;20
 34.75;  37.75;20
 34.5;  37.75;20
 34.25;  37.75;20
34;  37.75;20
 33.75;  37.75;20
 33.5;  37.75;20
 33.25;  37.75;20
33;  37.75;20
 32.75;  37.75;20
 32.5;  37.75;20
 32.25;  37.75;20
32;  37.75;20
 31.75;38;20
 31.5;38;20
 31.5;38;20
31;38;20
 30.75;38;20
 30.75;38;20
 30.25;  37.75;4
30;  37.75;4
 29.75;  37.75;4
 29.5;  37.75;4
 29.25;  37.75;4
29;  37.75;4
 28.75;  37.75;4
 28.5;  37.75;4
 28.25;  37.75;4
28;  37.75;4
 27.75;  37.75;4
 27.5;  37.75;4
 27.25;  37.75;4
27;  37.75;4
 26.75;  37.75;4
 26.5;  37.75;4
 26.25;  37.75;26
26;  37.75;26
 25.75;  37.75;26
 25.5;  37.75;26
 25.25;  37.75;26
25;  37.75;26
 24.75;  37.75;26
 24.5;  37.75;26
 24.25;  37.75;26
24;  37.75;26
 23.75;  37.75;26
 23.5;  37.75;26
 23.25;  37.75;26
23;  37.75;26
 22.75;  37.75;80
 22.5;  37.75;80
 22.25;  37.75;80
22;  37.75;80
 21.75;  37.75;80
 21.5;  37.75;80
 21.25;38;80
 20.75;  37.75;123
 20.75;  37.75;123
 20.5;  37.75;123
 20.25;38;123
20;  37.75;123
 19.75;  37.75;123
 19.5;  37.75;123
 19.25;  37.75;123
19;  37.75;123
 18.75;38;82
 18.5;  37.75;82
 18.25;  37.75;82
18;  37.75;82
 17.75;  37.75;82
 17.5;  37.75;82
 17.25;  37.75;82
17;  37.75;82
 16.75;  37.75;82
 16.5;  37.75;82
 16.25;  37.75;82
16;  37.75;82
 15.75;  37.75;82
 15.5;  37.75;82
 15.25;  37.75;82
15;  37.75;82
 14.75;  37.75;154
 14.5;  37.75;154
 14.25;  37.75;154
14;  37.75;64
 13.75;  37.75;64
 13.5;  37.75;64
 13.25;  37.75;64
13;  37.75;64
 12.75;  37.75;64
 12.5;  37.75;64
 12.25;  37.75;64
12;  37.75;64
 11.75;38;64
 11.5;  37.75;88
 11.25;  37.75;88
11;  37.75;88
 10.75;  37.75;88
 10.5;  37.75;88
 10.25;  37.75;88
10;  37.75;88
 9.75;  37.75;88
 9.5;  37.75;88
 9.25;  37.75;88
9;  37.75;88
 8.75;  37.75;88
 8.5;  37.75;88
 8.25;  37.75;88
8;  37.75;88
 7.75;  37.75;88
 7.5;38;110
 7.25;  37.75;110
7;38;110
 6.75;  37.75;110
 6.5;  37.75;110
 6.25;  37.75;110
6;38;53
 5.75;  37.75;53
 5.5;  37.75;53
 5.25;  37.75;53
5;  37.75;53
 4.75;  37.75;53
 4.5;  37.75;53
 4.25;  37.75;53
4;  37.75;53
 3.75;  37.75;53
 3.5;  37.75;53
 3.25;  38.25;53
 2.5;  38.25;0
 2.5;  38.25;0
 2.5;  38.25;0
 2.25;  38.25;0
2;  38.25;0
 1.75;  38.25;0
 1.5;  38.25;0
 1.25;  38.25;0
1;  38.25;0
 0.75;  38.25;0
 0.5;  38.25;0
 0.25;  38.25;0
0;  38.25;0
47;  38.5;0
 46.75;  38.5;0
 46.5;  38.5;0
 46.25;  38.5;0
46;  38.5;0
 45.75;  38.5;0
 45.5;  38.5;0
 45.25;  38.5;0
45;38;0
 44.75;38;0
 44.5;38;0
 44.25;38;0
44;38;0
 43.75;  38.25;0
 43.75;  38.25;0
 42.5;38;66
 42.5;38;66
 42.5;38;66
 42.25;  38.25;66
 42.25;  38.25;66
42;38;66
 41.75;38;66
 41.5;38;66
 41.25;38;66
41;38;66
 40.75;  38.5;66
 40.5;38;66
 40.25;38;66
40;38;66
 39.75;38;66
 39.5;38;66
 39.25;38;66
39;38;66
 38.75;38;66
 38.5;38;66
 38.25;38;66
38;38;66
 37.75;38;66
 37.5;  38.5;66
 37.25;38;66
 37.25;38;66
 36.5;38;115
 36.5;38;115
 36.25;38;115
36;  38.25;161
 35.75;  38.5;161
 35.5;  38.25;20
 35.25;38;20
35;38;20
 34.75;38;20
 34.5;38;20
 34.25;38;20
34;38;20
 33.75;38;20
 33.5;38;20
 33.25;38;20
33;38;20
 32.75;38;20
 32.5;38;20
 32.25;38;20
32;38;20
 31.75;38;20
 31.5;38;20
 31.25;38;20
31;38;20
 30.75;38;20
 30.5;38;20
 30.25;38;4
30;38;4
 29.75;38;4
 29.5;38;4
 29.25;38;4
29;38;4
 28.75;38;4
 28.5;38;4
 28.25;38;4
28;38;4
 27.75;38;4
 27.5;38;4
 27.25;38;4
27;38;4
 26.75;38;4
 26.5;38;4
 26.25;38;26
26;38;26
 25.75;38;26
 25.5;38;26
 25.25;38;26
25;38;26
 24.75;38;26
 24.5;38;26
 24.25;38;26
24;38;26
 23.75;38;26
 23.5;38;26
 23.25;38;26
23;  38.25;80
 22.75;  38.25;80
 22.5;38;80
 22.25;38;80
22;38;80
 21.75;38;80
 21.5;38;80
 21.25;38;80
21;38;80
 20.75;  38.25;80
 20.25;38;123
 20.25;38;123
 19.75;38;123
 19.75;38;123
 19.5;38;123
 19.25;38;123
19;38;82
 18.75;38;82
 18.5;38;82
 18.25;38;82
18;38;82
 17.75;38;82
 17.5;38;82
 17.25;38;82
17;38;82
 16.75;38;82
 16.5;38;82
 16.25;38;82
16;38;82
 15.75;38;82
 15.5;38;82
 15.25;38;82
15;38;82
 14.75;38;154
 14.5;38;154
 14.25;38;154
14;38;64
 13.75;38;64
 13.5;38;64
 13.25;38;64
13;38;64
 12.75;38;64
 12.5;38;64
 12.25;38;64
12;38;64
 11.75;38;64
 11.5;38;88
 11.25;38;88
11;38;88
 10.75;38;88
 10.5;38;88
 10.25;38;88
10;38;88
 9.75;38;88
 9.5;38;88
 9.25;38;88
9;38;88
 8.75;38;88
 8.5;38;88
 8.25;38;88
8;38;88
 7.75;38;88
 7.5;38;110
 7.25;38;110
7;38;110
 6.75;38;110
 6.5;38;110
 6.25;  38.25;53
6;38;53
 5.75;38;53
 5.5;38;53
 5.25;  38.25;53
5;38;53
 4.75;38;53
 4.5;38;53
 4.25;38;53
4;38;53
 3.75;38;53
 3.5;38;53
 3.25;  38.5;53
 2.5;  38.5;0
 2.5;  38.5;0
 2.5;  38.5;0
 2.25;  38.5;0
2;  38.5;0
 1.75;  38.5;0
 1.5;  38.5;0
 1.25;  38.5;0
1;  38.5;0
 0.75;  38.5;0
 0.5;  38.5;0
 0.25;  38.5;0
0;  38.5;0
47;  38.75;0
 46.75;  38.75;0
 46.5;  38.75;0
 46.25;  38.75;0
46;  38.75;0
 45.75;  38.75;0
 45.5;  38.75;0
 45.25;  38.75;0
45;  38.25;0
 44.75;  38.25;0
 44.5;  38.25;0
 44.25;  38.25;0
44;  38.25;0
 43.75;  38.25;0
 43.75;  38.25;0
 43.75;  38.25;0
 42.5;38;66
 42.75;  38.25;22
 42.5;  38.5;22
 42.25;  38.25;66
42;  38.25;66
 41.75;  38.25;66
 41.5;  38.5;66
 41.25;  38.25;66
41;  38.5;66
 40.75;  38.5;66
 40.5;  38.25;66
 40.25;  38.25;66
40;  38.25;66
 39.75;  38.25;66
 39.5;  38.25;66
 39.25;  38.5;66
39;  38.25;66
 38.75;  38.25;66
 38.5;  38.25;66
 38.25;  38.25;66
38;  38.5;66
 37.75;  38.5;66
 37.5;  38.5;66
 37.25;  38.5;55
37;  38.25;55
 36.75;  38.5;55
 36.5;  38.5;161
 36.25;  38.5;161
36;  38.25;161
 35.75;  38.5;161
 35.5;  38.25;20
 35.25;  38.25;20
35;  38.25;20
 34.75;  38.25;20
 34.5;  38.25;20
 34.25;  38.25;20
34;  38.25;20
 33.75;  38.25;20
 33.5;  38.25;20
 33.25;  38.25;20
33;  38.25;20
 32.75;  38.25;20
 32.5;  38.25;20
 32.25;  38.25;20
32;  38.25;20
 31.75;  38.25;20
 31.5;  38.25;20
 31.25;  38.25;20
31;  38.25;20
 30.75;  38.25;20
 30.5;  38.25;20
 30.25;  38.25;4
30;  38.25;4
 29.75;  38.25;4
 29.5;  38.25;4
 29.25;  38.25;4
29;  38.25;4
 28.75;  38.25;4
 28.5;  38.5;4
 28.25;  38.25;4
28;  38.25;4
 27.75;  38.25;4
 27.5;  38.25;4
 27.25;  38.25;4
27;  38.25;4
 26.75;  38.25;4
 26.75;  38.25;4
 26.25;  38.25;26
26;  38.25;26
 25.75;  38.25;26
 25.5;  38.25;26
 25.25;  38.25;26
25;  38.25;26
 24.75;  38.25;26
 24.5;  38.25;26
 24.25;  38.25;26
24;  38.25;26
 23.75;  38.25;26
 23.5;  38.25;26
 23.25;  38.25;26
23;  38.25;80
 22.75;  38.25;80
 22.5;  38.25;80
 22.25;  38.25;80
22;  38.25;80
 21.75;  38.25;80
 21.5;  38.25;80
 21.25;  38.25;80
21;  38.25;80
 20.75;  38.25;80
 20.5;  38.5;80
 20.25;  38.25;80
20;  38.25;80
 19.75;  38.5;80
 19.5;  38.75;80
 19.25;  38.25;82
19;  38.25;82
 18.75;  38.25;82
 18.5;  38.25;82
 18.25;  38.25;82
18;  38.25;82
 17.75;  38.25;82
 17.5;  38.25;82
 17.25;  38.25;82
17;  38.25;82
 16.75;  38.25;82
 16.5;  38.25;82
 16.25;  38.25;82
16;  38.25;82
 15.75;  38.25;82
 15.5;  38.25;82
 15.25;  38.25;82
15;  38.25;82
 14.75;  38.5;82
 14.5;  38.25;154
 14.25;  38.25;154
14;  38.5;154
 13.75;  38.25;64
 13.5;  38.25;64
 13.25;  38.25;64
13;  38.25;64
 12.75;  38.25;64
 12.5;  38.25;64
 12.25;  38.25;64
12;  38.25;64
 11.75;  38.25;64
 11.5;  38.75;64
 11.25;  38.25;88
11;  38.25;88
 10.75;  38.25;88
 10.5;  38.25;88
 10.25;  38.25;88
10;  38.25;88
 9.75;  38.25;88
 9.5;  38.25;88
 9.25;  38.25;88
9;  38.25;88
 8.75;  38.25;88
 8.5;  38.25;88
 8.25;  38.25;88
8;  38.25;88
 7.75;  38.25;88
 7.5;  38.25;110
 7.25;  38.5;110
7;  38.25;110
 6.75;  38.25;110
 6.5;  38.5;53
 6.25;  38.25;53
6;  38.25;53
 5.75;  38.25;53
 5.5;  38.25;53
 5.25;  38.25;53
5;  38.25;53
 4.75;  38.25;53
 4.5;  38.25;53
 4.25;  38.25;53
4;  38.25;53
 3.75;  38.25;53
 3.5;  38.25;53
 3.25;  38.5;53
 2.5;  38.75;0
 2.5;  38.75;0
 2.5;  38.75;0
 2.25;  38.75;0
2;  38.75;0
 1.75;  38.75;0
 1.5;  38.75;0
 1.25;  38.75;0
1;  38.75;0
 0.75;  38.75;0
 0.5;  38.75;0
 0.25;  38.75;0
0;  38.75;0
47;39;0
 46.75;39;0
 46.5;39;0
 46.25;39;0
46;39;0
 45.75;39;0
 45.5;39;0
 45.25;39;0
45;  38.5;0
 44.75;  38.5;0
 44.5;  38.5;0
 44.25;  38.5;0
44;  38.5;0
 43.75;  38.5;0
 43.75;  38.5;0
 43.75;  38.5;0
 42.75;  38.5;22
 42.75;  38.5;22
 42.5;  38.5;22
 42.25;  38.5;22
42;  38.5;66
 41.5;  38.5;66
 41.5;  38.5;66
 41.25;  38.5;66
41;  38.5;66
 40.75;  38.5;66
 40.5;  38.5;66
 40.25;  38.5;66
40;  38.5;66
 39.75;  38.5;66
 39.5;  38.5;66
 39.25;  38.5;66
39;  38.75;66
 38.75;  38.75;66
 38.5;  38.5;66
 38.25;  38.75;66
38;  38.5;66
 37.75;  38.5;66
 37.5;  38.5;66
 37.25;  38.5;55
37;  38.5;55
 36.75;  38.5;55
 36.5;  38.5;161
 36.25;  38.5;161
36;  38.5;161
 35.75;  38.5;161
 35.5;  38.75;20
 35.25;  38.5;20
35;  38.5;20
 34.75;  38.5;20
 34.5;  38.5;20
 34.25;  38.5;20
34;  38.5;20
 33.75;  38.5;20
 33.5;  38.5;20
 33.25;  38.5;20
33;  38.5;20
 32.75;  38.5;20
 32.5;  38.5;20
 32.25;  38.5;20
32;  38.5;20
 31.75;  38.5;20
 31.5;  38.5;20
 31.25;  38.5;20
31;  38.5;20
 30.75;  38.5;20
 30.5;  38.5;20
 30.25;  38.5;4
30;  38.5;4
 29.75;  38.5;4
 29.5;  38.5;4
 29.25;  38.5;4
29;  38.5;4
 28.75;  38.5;4
 28.5;  38.5;4
 28.25;  38.5;4
28;  38.5;4
 27.75;  38.5;4
 27.5;  38.5;4
 27.25;  38.5;4
27;  38.75;4
 26.75;  38.5;4
 26.75;  38.5;4
 26.25;  38.5;26
26;  38.5;26
 25.75;  38.5;26
 25.5;  38.5;26
 25.25;  38.5;26
25;  38.5;26
 24.75;  38.5;26
 24.5;  38.5;26
 24.25;  38.5;26
24;  38.5;26
 23.75;  38.5;26
 23.5;  38.5;26
23;  38.75;80
23;  38.5;80
 22.75;  38.5;80
 22.5;  38.5;80
 22.25;  38.5;80
22;  38.75;80
 21.75;  38.5;80
 21.5;  38.5;80
 21.25;  38.5;80
21;  38.5;80
 20.75;  38.5;80
 20.5;  38.5;80
 20.25;  38.5;80
20;  38.5;80
 19.75;  38.5;80
 19.5;39;80
 19.25;  38.5;82
19;  38.5;82
 18.75;  38.5;82
 18.5;  38.5;82
 18.25;  38.5;82
18;  38.5;82
 17.75;  38.5;82
 17.5;  38.5;82
 17.25;  38.5;82
17;  38.5;82
 16.75;  38.5;82
 16.5;  38.5;82
 16.25;  38.5;82
16;  38.5;82
 15.75;  38.5;82
 15.5;  38.5;82
 15.25;  38.5;82
15;  38.5;82
 14.75;  38.5;82
 14.25;  38.5;154
 14.25;  38.5;154
14;  38.5;154
 13.75;  38.5;64
 13.5;  38.5;64
 13.25;  38.5;64
13;  38.5;64
 12.75;  38.5;64
 12.5;  38.5;64
 12.25;  38.5;64
12;  38.5;64
 11.75;  38.5;64
 11.5;39;64
 11.25;  38.5;88
11;  38.5;88
 10.75;  38.5;88
 10.5;  38.5;88
 10.25;  38.5;88
10;  38.5;88
 9.75;  38.5;88
 9.5;  38.5;88
 9.25;  38.5;88
9;  38.5;88
 8.75;  38.5;88
 8.5;  38.5;88
 8.25;  38.5;88
8;  38.5;88
8;  38.5;88
 7.5;  38.5;110
 7.25;  38.5;110
7;  38.75;53
 6.75;39;53
 6.5;  38.5;53
 6.25;  38.5;53
6;  38.5;53
 5.75;  38.5;53
 5.5;  38.5;53
 5.25;  38.5;53
5;  38.5;53
 4.75;  38.5;53
 4.5;  38.5;53
 4.25;  38.5;53
4;  38.5;53
 3.75;  38.5;53
 3.5;  38.5;53
 3.25;  38.5;53
 2.75;  39.25;0
 2.75;  39.25;0
 2.5;39;0
 2.25;39;0
2;39;0
 1.75;39;0
 1.5;39;0
 1.25;39;0
1;39;0
 0.75;39;0
 0.5;39;0
 0.25;39;0
0;39;0
47;  39.25;0
 46.75;  39.25;0
 46.5;  39.25;0
 46.25;  39.25;0
46;  39.25;0
 45.75;  39.25;0
 45.5;  39.25;0
 45.25;  39.25;0
45;  38.75;0
 44.75;  38.75;0
 44.5;  38.75;0
 44.25;  38.75;0
44;  38.75;0
 43.75;  38.75;0
 43.75;  38.75;0
 43.75;  38.75;0
 42.75;  38.75;22
 42.75;  38.75;22
 42.5;  38.75;22
 42.25;  38.75;22
42;  38.75;22
 41.75;39;22
 41.5;39;22
 41.25;  38.75;66
41;39;66
 40.75;  39.25;66
 40.5;39;66
 40.25;  38.75;66
40;  39.25;66
 39.75;  38.75;66
 39.5;  38.75;66
 39.25;  38.75;66
39;  38.75;66
 38.75;  38.75;66
 38.5;  38.75;66
 38.25;  38.75;66
38;  38.75;66
 37.75;  39.25;55
 37.5;  38.75;55
 37.25;  38.75;55
37;  38.75;55
 36.75;  38.75;55
 36.5;  38.75;161
 36.25;  38.75;161
36;  38.75;161
 35.75;  38.75;161
 35.5;  38.75;20
 35.25;  38.75;20
35;  38.75;20
 34.75;  38.75;20
 34.5;  38.75;20
 34.25;  38.75;20
34;  38.75;20
 33.75;  38.75;20
 33.5;  38.75;20
 33.25;  38.75;20
33;  38.75;20
 32.75;  38.75;20
 32.5;  38.75;20
 32.25;  38.75;20
32;  38.75;20
 31.75;  38.75;20
 31.5;  38.75;20
 31.25;  38.75;20
31;  38.75;20
 30.75;  38.75;20
 30.5;  38.75;20
 30.25;  38.75;4
30;  38.75;4
 29.75;  38.75;4
 29.5;  38.75;4
 29.25;  38.75;4
29;  38.75;4
 28.75;  38.75;4
 28.5;  38.75;4
 28.25;  38.75;4
28;  38.75;4
 27.75;  38.75;4
 27.5;  38.75;4
 27.25;  38.75;4
27;  38.75;4
 26.75;  38.75;4
 26.5;39;26
 26.25;  38.75;26
26;  38.75;26
 25.75;  38.75;26
 25.5;  38.75;26
 25.25;  38.75;26
25;  38.75;26
 24.75;  38.75;26
 24.5;  38.75;26
 24.25;  38.75;26
24;  38.75;26
 23.75;  38.75;26
 23.5;  38.75;26
23;  38.75;80
23;  38.75;80
 22.75;  38.75;80
 22.5;  38.75;80
 22.25;  38.75;80
22;  38.75;80
 21.75;  38.75;80
 21.5;  38.75;80
 21.25;  38.75;80
21;  38.75;80
 20.75;  38.75;80
 20.5;  38.75;80
 20.25;  38.75;80
20;  38.75;80
 19.75;  38.75;80
 19.5;39;80
 19.25;  38.75;82
19;  38.75;82
 18.75;  38.75;82
 18.5;  38.75;82
 18.25;  38.75;82
18;  38.75;82
 17.75;  38.75;82
 17.5;  38.75;82
 17.25;  38.75;82
17;  38.75;82
 16.75;  38.75;82
 16.5;  38.75;82
 16.25;  38.75;82
16;  38.75;82
 15.75;  38.75;82
 15.5;  38.75;82
 15.25;  38.75;82
15;  38.75;82
 14.75;  38.75;82
 14.5;  38.75;98
 14.25;  39.25;98
14;  38.75;154
 13.75;  38.75;64
 13.5;  38.75;64
 13.25;  38.75;64
13;  38.75;64
 12.75;  38.75;64
 12.5;  38.75;64
 12.25;  38.75;64
12;  38.75;64
 11.75;  38.75;64
 11.5;39;64
 11.25;  38.75;88
11;  38.75;88
 10.75;  38.75;88
 10.5;  38.75;88
 10.25;  38.75;88
10;  38.75;88
 9.75;  38.75;88
 9.5;  38.75;88
 9.25;  38.75;88
9;  38.75;88
 8.75;  38.75;88
 8.5;  38.75;88
 8.25;  38.75;88
8;  38.75;88
 7.5;  38.75;110
 7.5;  38.75;110
 7.25;  39.25;53
7;  38.75;53
 6.75;39;53
 6.5;  38.75;53
 6.25;  38.75;53
6;  38.75;53
 5.75;  38.75;53
 5.5;  38.75;53
 5.25;  38.75;53
5;  38.75;53
 4.75;  38.75;53
 4.5;  38.75;53
 4.25;  38.75;53
4;  38.75;53
 3.75;  38.75;53
 3.5;  38.75;53
 2.75;  39.25;0
 2.75;  39.25;0
 2.75;  39.25;0
 2.5;  39.25;0
 2.25;  39.25;0
2;  39.25;0
 1.75;  39.25;0
 1.5;  39.25;0
 1.25;  39.25;0
1;  39.25;0
 0.75;  39.25;0
 0.5;  39.25;0
 0.25;  39.25;0
0;  39.25;0
47;  39.5;0
 46.75;  39.5;0
 46.5;  39.5;0
 46.25;  39.5;0
46;  39.5;0
 45.75;  39.5;0
 45.5;  39.5;0
 45.25;  39.5;0
45;39;0
 44.75;39;0
 44.5;39;0
 44.25;39;0
44;39;0
 43.75;39;0
 43.75;39;0
 43.75;39;0
 42.75;39;22
 42.75;39;22
 42.5;39;22
 42.25;39;22
42;39;22
 41.75;39;22
 41.5;39;22
 41.25;  39.5;22
41;39;66
 40.75;  39.25;66
 40.5;39;66
 40.25;39;66
40;  39.25;66
 39.75;39;66
 39.5;  39.5;66
 39.25;39;66
39;39;66
 38.75;  39.25;66
 38.5;39;66
 38.25;39;66
38;  39.25;55
 37.75;  39.25;55
 37.5;39;55
 37.25;39;55
37;39;55
37;39;55
 36.5;  39.25;161
 36.25;  39.25;161
36;39;161
 35.75;39;161
 35.5;39;20
 35.25;39;20
35;39;20
 34.75;39;20
 34.5;39;20
 34.25;39;20
34;39;20
 33.75;39;20
 33.5;39;20
 33.25;39;20
33;39;20
 32.75;39;20
 32.5;39;20
 32.25;39;20
32;39;20
 31.75;39;20
 31.5;39;20
 31.25;39;20
31;39;20
 30.75;39;20
 30.5;39;20
 30.25;39;4
30;39;4
 29.75;39;4
 29.5;39;4
 29.25;39;4
29;39;4
 28.75;39;4
 28.5;39;4
 28.25;39;4
28;39;4
 27.75;39;4
 27.5;39;4
 27.25;39;4
27;39;4
 26.75;39;4
 26.5;39;26
 26.25;39;26
26;39;26
 25.75;39;26
 25.5;39;26
 25.25;39;26
25;39;26
 24.75;39;26
 24.5;39;26
 24.25;39;26
24;39;26
24;39;26
24;39;26
 23.25;  39.25;80
23;39;80
 22.75;39;80
 22.5;39;80
 22.25;39;80
22;39;80
 21.75;  39.25;80
 21.5;39;80
 21.25;39;80
21;39;80
 20.75;39;80
 20.5;39;80
 20.25;39;80
20;39;80
 19.75;39;80
 19.5;39;80
 19.25;39;82
19;39;82
 18.75;39;82
 18.5;39;82
 18.25;39;82
18;39;82
 17.75;39;82
 17.5;39;82
 17.25;39;82
17;39;82
 16.75;39;82
 16.5;39;82
 16.25;39;82
16;39;82
 15.75;39;82
 15.5;39;82
 15.25;39;82
15;39;82
 14.75;39;82
 14.5;39;98
 14.25;  39.25;98
14;39;154
 13.75;  39.25;154
 13.5;39;64
 13.25;39;64
13;39;64
 12.75;39;64
 12.5;39;64
 12.25;39;64
12;39;64
 11.75;39;64
 11.5;39;64
 11.25;39;88
11;39;88
 10.75;39;88
 10.5;39;88
 10.25;39;88
10;39;88
 9.75;39;88
 9.5;39;88
 9.25;39;88
9;39;88
 8.75;39;88
 8.5;39;88
 8.25;39;88
8;39;88
 7.75;  39.5;53
 7.5;  39.5;53
 7.25;  39.25;53
7;39;53
 6.75;39;53
 6.5;39;53
 6.25;39;53
6;39;53
 5.75;39;53
 5.5;39;53
 5.25;39;53
5;39;53
 4.75;39;53
 4.5;39;53
 4.25;39;53
4;39;53
 3.75;39;53
 3.5;39;53
 2.75;  39.5;0
 2.75;  39.5;0
 2.75;  39.5;0
 2.5;  39.5;0
 2.25;  39.5;0
2;  39.5;0
 1.75;  39.5;0
 1.5;  39.5;0
 1.25;  39.5;0
1;  39.5;0
 0.75;  39.5;0
 0.5;  39.5;0
 0.25;  39.5;0
0;  39.5;0
47;  39.75;0
 46.75;  39.75;0
 46.5;  39.75;0
 46.25;  39.75;0
46;  39.75;0
 45.75;  39.75;0
 45.5;  39.75;0
 45.25;  39.75;0
45;  39.25;0
 44.75;  39.25;0
 44.5;  39.25;0
 44.25;  39.25;0
44;  39.25;0
 43.75;  39.25;0
 43.75;  39.25;0
 43.75;  39.25;0
43;40;22
 42.75;  39.25;22
 42.5;  39.25;22
 42.25;  39.25;22
42;  39.25;22
 41.75;  39.25;22
 41.5;  39.25;22
 41.25;  39.5;22
41;  39.5;22
 40.75;  39.25;66
 40.5;  39.25;66
 40.25;  39.25;66
40;  39.25;66
 39.75;  39.25;66
 39.5;  39.5;66
 39.25;  39.25;66
39;  39.25;66
 38.75;  39.25;66
 38.5;  39.25;66
 38.25;  39.5;55
38;  39.25;55
 37.75;  39.25;55
 37.5;  39.25;55
 37.25;  39.25;55
 37.25;  39.25;55
 36.5;  39.25;161
 36.5;  39.25;161
 36.25;  39.25;161
36;  39.25;161
 35.75;  39.25;161
 35.5;  39.25;20
 35.25;  39.25;20
35;  39.25;20
 34.75;  39.25;20
 34.5;  39.25;20
 34.25;  39.25;20
34;  39.25;20
 33.75;  39.25;20
 33.5;  39.25;20
 33.25;  39.25;20
33;  39.25;20
 32.75;  39.25;20
 32.5;  39.25;20
 32.25;  39.25;20
32;  39.25;20
 31.75;  39.25;20
 31.5;  39.25;20
 31.25;  39.25;20
31;  39.25;20
 30.75;  39.25;20
 30.5;  39.25;20
 30.25;  39.5;20
30;  39.25;4
 29.75;  39.25;4
 29.5;  39.25;4
 29.25;  39.25;4
29;  39.25;4
 28.75;  39.25;4
 28.5;  39.25;4
 28.25;  39.25;4
28;  39.25;4
 27.75;  39.25;4
 27.5;  39.25;4
 27.25;  39.25;4
27;  39.25;4
 26.75;  39.25;4
 26.5;  39.25;26
 26.25;  39.25;26
26;  39.25;26
 25.75;  39.25;26
 25.5;  39.25;26
 25.25;  39.25;26
25;  39.25;26
 24.75;  39.25;26
 24.5;  39.25;26
 24.25;  39.25;26
24;  39.25;26
24;  39.25;26
24;  39.25;26
 23.25;  39.25;80
23;  39.25;80
 22.75;  39.25;80
 22.5;  39.25;80
 22.25;  39.25;80
22;  39.25;80
 21.75;  39.25;80
 21.5;  39.25;80
 21.25;  39.25;80
21;  39.25;80
 20.75;  39.25;80
 20.5;  39.25;80
 20.25;  39.25;80
20;  39.25;80
 19.75;  39.25;80
 19.5;  39.25;80
 19.25;  39.25;82
19;  39.25;82
 18.75;  39.25;82
 18.5;  39.25;82
 18.25;  39.25;82
18;  39.25;82
 17.75;  39.25;82
 17.5;  39.25;82
 17.25;  39.25;82
17;  39.25;82
 16.75;  39.25;82
 16.5;  39.25;82
 16.25;  39.25;82
16;  39.25;82
 15.75;  39.25;82
 15.5;  39.25;82
 15.25;  39.25;82
15;  39.25;82
 14.75;  39.25;82
 14.5;  39.25;98
 14.25;  39.25;98
14;  39.25;154
 13.75;  39.25;154
 13.5;  39.25;64
 13.25;  39.25;64
13;  39.25;64
 12.75;  39.25;64
 12.5;  39.25;64
 12.25;  39.25;64
12;  39.25;64
 11.75;  39.25;64
 11.5;  39.25;64
 11.25;  39.5;64
11;  39.25;88
 10.75;  39.25;88
 10.5;  39.25;88
 10.25;  39.25;88
10;  39.25;88
 9.75;  39.25;88
 9.5;  39.25;88
 9.25;  39.25;88
9;  39.25;88
 8.75;  39.25;88
 8.5;  39.25;88
 8.25;  39.25;88
8;  39.25;88
 7.75;  39.5;53
 7.5;  39.5;53
 7.25;  39.25;53
7;  39.25;53
 6.75;  39.25;53
 6.5;  39.25;53
 6.25;  39.25;53
6;  39.25;53
 5.75;  39.25;53
 5.5;  39.25;53
 5.25;  39.25;53
5;  39.25;53
 4.75;  39.25;53
 4.5;  39.25;53
 4.25;  39.25;53
4;  39.25;53
 3.75;  39.5;53
 3.5;  39.25;53
 3.5;  39.25;53
 2.5;  39.75;0
 2.5;  39.75;0
 2.5;  39.75;0
 2.25;  39.75;0
2;  39.75;0
 1.75;  39.75;0
 1.5;  39.75;0
 1.25;  39.75;0
1;  39.75;0
 0.75;  39.75;0
 0.5;  39.75;0
 0.25;  39.75;0
0;  39.75;0
47;40;0
 46.75;40;0
 46.5;40;0
 46.25;40;0
46;40;0
 45.75;40;0
 45.5;40;0
 45.25;40;0
45;  39.5;0
 44.75;  39.5;0
 44.5;  39.5;0
 44.25;  39.5;0
44;  39.5;0
 43.75;  39.5;0
 43.75;  39.5;0
 43.75;  39.5;0
43;40;22
 42.75;  39.5;22
 42.5;  39.5;22
 42.25;  39.5;22
42;  39.5;22
 41.75;  39.5;22
 41.5;  39.5;22
 41.25;  39.5;22
41;  39.5;22
 40.75;  39.5;22
 40.5;  39.5;22
 40.25;  39.5;66
40;  39.5;66
 39.75;  39.5;66
 39.5;  39.5;66
 39.25;  39.5;66
39;  39.5;66
 38.75;  39.5;66
 38.5;  39.75;55
 38.25;  39.5;55
38;  39.5;55
 37.75;  39.5;55
 37.5;  39.5;55
 37.5;  39.5;55
 37.5;  39.5;55
 36.25;  39.75;161
 36.25;  39.75;161
 36.25;  39.5;161
36;  39.5;161
 35.75;  39.5;161
 35.5;  39.5;20
 35.25;  39.5;20
35;  39.5;20
 34.75;  39.5;20
 34.5;  39.5;20
 34.25;  39.5;20
34;  39.5;20
 33.75;  39.5;20
 33.5;  39.5;20
 33.25;  39.5;20
 32.75;  39.5;20
 32.75;  39.5;20
 32.25;  39.5;20
 32.25;  39.5;20
32;  39.5;149
 31.75;  39.5;149
 31.5;  39.75;149
 31.25;  39.5;149
31;  39.5;149
 30.75;  39.75;20
 30.5;  39.5;20
 30.25;  39.5;20
30;  39.5;4
 29.75;  39.5;4
 29.5;  39.5;4
 29.25;  39.5;4
29;  39.5;4
 28.75;  39.5;4
 28.5;  39.5;4
 28.25;  39.5;4
28;  39.5;4
 27.75;  39.5;4
 27.5;  39.5;4
 27.25;  39.5;4
27;  39.5;4
 26.75;  39.5;4
 26.5;  39.5;26
 26.25;  39.5;26
26;  39.5;26
 25.75;  39.5;26
 25.5;  39.5;26
 25.25;  39.5;26
25;  39.5;26
 24.75;  39.5;26
 24.5;  39.5;26
 24.25;  39.5;26
24;  39.5;26
24;  39.5;26
 23.25;  39.5;80
 23.25;  39.5;80
23;  39.5;80
 22.75;  39.5;80
 22.5;  39.5;80
 22.25;  39.5;80
22;  39.5;80
 21.75;  39.5;80
 21.5;  39.5;80
 21.25;  39.5;80
21;  39.5;80
 20.75;  39.5;80
 20.5;  39.5;80
 20.25;  39.5;80
20;  39.5;80
 19.75;  39.5;80
 19.5;  39.5;80
 19.25;  39.5;82
19;  39.5;82
 18.75;  39.5;82
 18.5;  39.5;82
 18.25;  39.5;82
18;  39.5;82
 17.75;  39.5;82
 17.5;  39.5;82
 17.25;  39.5;82
17;  39.5;82
 16.75;  39.5;82
 16.5;  39.5;82
 16.25;  39.5;82
16;  39.5;82
 15.75;  39.5;82
 15.5;  39.5;82
 15.25;  39.5;82
15;  39.5;82
 14.75;  39.5;82
 14.5;  39.5;98
 14.25;  39.5;98
14;  39.5;98
 13.75;  39.5;154
 13.5;  39.75;64
 13.25;  39.5;64
13;  39.5;64
 12.75;  39.5;64
 12.5;  39.5;64
 12.25;  39.5;64
12;  39.5;64
 11.75;  39.5;64
 11.5;  39.5;64
 11.25;  39.5;64
11;  39.5;88
 10.75;  39.5;88
 10.5;  39.5;88
 10.25;  39.5;88
10;  39.5;88
 9.75;  39.5;88
 9.5;  39.5;88
 9.25;  39.5;88
9;  39.5;88
 8.75;  39.5;88
 8.5;  39.5;88
 8.25;  39.5;88
8;  39.5;88
 7.75;  39.5;53
 7.5;  39.5;53
 7.25;  39.5;53
7;  39.5;53
 6.75;  39.5;53
 6.5;  39.5;53
 6.25;  39.5;53
6;  39.5;53
 5.75;  39.5;53
 5.5;  39.5;53
 5.25;  39.5;53
5;  39.5;53
 4.75;  39.5;53
 4.5;  39.5;53
 4.25;  39.5;53
4;  39.5;53
 3.75;  39.5;53
 3.5;  39.5;53
 3.5;  39.5;53
 2.5;40;0
 2.5;40;0
 2.5;40;0
 2.25;40;0
2;40;0
 1.75;40;0
 1.5;40;0
 1.25;40;0
1;40;0
 0.75;40;0
 0.5;40;0
 0.25;40;0
0;40;0
47;  40.25;0
 46.75;  40.25;0
 46.5;  40.25;0
 46.25;  40.25;0
46;  40.25;0
 45.75;  40.25;0
 45.5;  40.25;0
 45.25;  40.25;0
45;  39.75;0
 44.75;  39.75;0
 44.5;  39.75;0
 44.25;  39.75;0
44;  39.75;0
 43.75;  39.75;0
 43.75;  39.75;0
 43.75;  39.75;0
43;40;22
 42.75;  39.75;22
 42.5;  39.75;22
 42.25;  39.75;22
42;  39.75;22
 41.75;  39.75;22
 41.5;  39.75;22
 41.25;  39.75;22
41;  39.75;22
 40.75;  39.75;22
 40.5;  39.75;22
 40.25;  39.75;22
40;40;22
 39.5;  39.75;66
 39.5;  39.75;66
 39.25;  39.75;66
39;40;66
 38.75;  39.75;66
 38.5;  39.75;55
 38.25;  39.75;55
38;  39.75;55
38;  39.75;55
38;  39.75;55
38;  39.75;55
37;  40.25;48
 36.25;  39.75;161
 36.25;  39.75;161
 36.25;  39.75;161
36;40;161
 35.5;40;20
 35.5;  39.75;20
 35.25;  39.75;20
35;  39.75;20
 34.75;  39.75;20
 34.5;  39.75;20
 34.25;  39.75;20
34;40;149
 33.75;40;149
 33.5;40;149
 33.25;  39.75;149
33;  39.75;149
 32.75;  39.75;149
 32.5;  39.75;149
 32.25;  39.75;149
32;  39.75;149
 31.75;  39.75;149
 31.5;  39.75;149
 31.25;  39.75;149
31;  40.25;20
 30.75;  39.75;20
 30.5;  39.75;20
 30.25;  39.75;20
30;40;20
 29.75;  39.75;4
 29.5;  39.75;4
 29.25;  39.75;4
29;  39.75;4
 28.75;  39.75;4
 28.5;  39.75;4
 28.25;  39.75;4
28;  39.75;4
 27.75;  39.75;4
 27.5;  39.75;4
 27.25;  39.75;4
27;  39.75;4
 26.75;  39.75;4
 26.5;  39.75;26
 26.25;  39.75;26
26;  39.75;26
 25.75;  39.75;26
 25.5;  39.75;26
 25.25;  39.75;26
25;  39.75;26
 24.75;  39.75;26
 24.5;  39.75;26
 24.25;  39.75;26
 24.25;  39.75;26
 24.25;  39.75;26
 23.25;  39.75;80
 23.25;  39.75;80
23;  39.75;80
 22.75;  39.75;80
 22.5;  39.75;80
 22.25;  39.75;80
22;  39.75;80
 21.75;  39.75;80
 21.5;  39.75;80
 21.25;  39.75;80
21;  40.25;80
 20.75;  39.75;80
 20.5;  39.75;80
 20.25;  39.75;80
20;  39.75;80
 19.75;  39.75;80
 19.5;  39.75;80
 19.25;  39.75;82
19;  39.75;82
 18.75;  39.75;82
 18.5;  39.75;82
 18.25;  39.75;82
18;  39.75;82
 17.75;  39.75;82
 17.5;  39.75;82
 17.25;  39.75;82
17;  39.75;82
 16.75;  39.75;82
 16.5;  39.75;82
 16.25;  39.75;82
16;  39.75;82
 15.75;  39.75;82
 15.5;  39.75;82
 15.25;  39.75;82
15;  39.75;82
 14.75;  39.75;82
 14.5;  39.75;98
 14.25;  39.75;98
14;  39.75;98
 13.75;40;98
 13.5;  39.75;64
 13.25;  39.75;64
13;40;64
 12.75;  39.75;64
 12.5;  39.75;64
 12.25;  39.75;64
12;  39.75;64
 11.75;  39.75;64
 11.5;  39.75;64
 11.25;  39.75;64
11;  39.75;88
 10.75;  39.75;88
 10.5;  39.75;88
 10.25;  39.75;88
10;  39.75;88
 9.75;  39.75;88
 9.75;  39.75;88
 8.5;  39.75;88
 8.5;  39.75;88
 8.5;  39.75;88
 8.5;  39.75;88
 8.5;  39.75;88
8;  39.5;88
 7.75;  39.75;53
 7.5;  39.75;53
 7.25;  39.75;53
7;  39.75;53
 6.75;  39.75;53
 6.5;  39.75;53
 6.25;  39.75;53
6;  39.75;53
 5.75;  39.75;53
 5.5;  39.75;53
 5.25;  39.75;53
5;  39.75;53
 4.75;  39.75;53
 4.5;  39.75;53
 4.25;  39.75;53
4;  39.75;53
 3.75;  39.75;53
 3.5;  39.75;53
 3.5;  39.75;53
 2.75;  40.5;0
 2.75;  40.5;0
 2.5;  40.25;0
 2.25;  40.25;0
2;  40.25;0
 1.75;  40.25;0
 1.5;  40.25;0
 1.25;  40.25;0
1;  40.25;0
 0.75;  40.25;0
 0.5;  40.25;0
 0.25;  40.25;0
0;  40.25;0
47;  40.5;0
 46.75;  40.5;0
 46.5;  40.5;0
 46.25;  40.5;0
46;  40.5;0
 45.75;  40.5;0
 45.5;  40.5;0
 45.25;  40.5;0
45;40;0
 44.75;40;0
 44.5;40;0
 44.25;40;0
44;40;0
 43.75;40;0
 43.75;40;0
 43.75;40;0
43;40;22
 42.75;40;22
 42.5;40;22
 42.25;40;22
42;40;22
 41.75;40;22
 41.5;40;22
 41.25;40;22
41;40;22
 40.75;40;22
 40.5;40;22
 40.25;40;22
40;40;22
 39.75;  40.25;22
 39.5;  40.25;22
 39.25;  40.5;22
39;40;66
39;40;66
 38.5;  40.25;48
 38.25;  40.25;48
38;  40.25;48
 37.75;  40.25;48
 37.5;  40.25;48
 37.25;  40.25;48
37;  40.25;48
 36.75;  40.25;48
 36.5;  40.25;48
 36.25;  40.25;48
36;40;161
 35.5;40;20
 35.5;40;20
 35.25;  40.25;149
35;  40.25;149
 34.75;  40.25;149
 34.5;40;149
 34.25;40;149
34;40;149
 33.75;40;149
 33.5;40;149
 33.25;40;149
33;40;149
 32.75;40;149
 32.5;40;149
 32.25;40;149
32;40;149
 31.75;40;149
 31.5;  40.25;149
 31.25;40;149
31;  40.25;20
 30.75;40;20
 30.5;40;20
 30.25;40;20
30;40;20
 29.75;  40.25;20
 29.5;40;4
 29.25;40;4
29;40;4
 28.75;40;4
 28.5;40;4
 28.25;40;4
28;40;4
 27.75;40;4
 27.5;40;4
 27.25;40;4
27;40;4
 26.75;40;4
 26.5;40;26
 26.25;40;26
26;40;26
 25.75;40;26
 25.5;40;26
25;40;26
25;40;26
 24.75;  40.25;59
 24.5;  40.25;59
 24.25;40;59
24;40;59
 23.75;  40.25;59
 23.5;  40.5;59
 23.25;40;80
23;40;80
 22.75;40;80
 22.5;40;80
 22.25;40;80
22;40;80
 21.75;40;80
 21.5;40;80
 21.25;40;80
21;  40.25;80
 20.75;40;80
 20.5;40;80
 20.25;40;80
20;40;80
 19.75;40;80
 19.5;40;80
 19.25;40;82
19;40;82
 18.75;40;82
 18.5;40;82
 18.25;40;82
18;40;82
 17.75;40;82
 17.5;40;82
 17.25;40;82
17;40;82
 16.75;40;82
 16.5;40;82
 16.25;40;82
16;40;82
 15.75;40;82
 15.5;40;82
 15.25;40;82
15;  40.25;82
 14.75;40;82
 14.5;40;98
 14.25;40;98
14;40;98
 13.75;40;98
 13.5;  40.25;98
 13.25;40;64
13;40;64
 12.75;40;64
 12.5;40;64
 12.25;40;64
12;40;64
 11.75;40;64
 11.5;40;64
 11.25;40;64
 10.75;40;88
 10.75;40;88
 10.5;40;88
 10.5;40;88
10;  40.25;119
 9.75;  40.25;119
 9.5;40;119
 9.25;40;119
9;40;119
 8.75;40;119
 8.5;40;119
 8.25;40;119
8;  40.25;119
 7.5;40;53
 7.5;40;53
 7.25;40;53
7;40;53
 6.75;40;53
 6.5;40;53
 6.25;40;53
6;40;53
 5.75;40;53
 5.5;40;53
 5.25;40;53
5;40;53
 4.75;  40.25;53
 4.5;40;53
 4.25;40;53
4;40;53
 3.75;40;53
 3.5;40;53
 2.75;  40.5;0
 2.75;  40.5;0
 2.75;  40.5;0
 2.5;  40.5;0
 2.25;  40.5;0
2;  40.5;0
 1.75;  40.5;0
 1.5;  40.5;0
 1.25;  40.5;0
1;  40.5;0
 0.75;  40.5;0
 0.5;  40.5;0
 0.25;  40.5;0
0;  40.5;0
47;  40.75;0
 46.75;  40.75;0
 46.5;  40.75;0
 46.25;  40.75;0
46;  40.75;0
 45.75;  40.75;0
 45.5;  40.75;0
 45.25;  40.75;0
45;  40.25;0
 44.75;  40.25;0
 44.5;  40.25;0
 44.25;  40.25;0
44;  40.25;0
 43.75;  40.25;0
 43.75;  40.25;0
 43.75;  40.25;0
43;  40.5;22
 42.75;  40.25;22
 42.5;  40.25;22
 42.25;  40.25;22
42;  40.25;22
 41.75;  40.25;22
 41.5;  40.25;22
 41.25;  40.25;22
41;  40.25;22
 40.75;  40.25;22
 40.5;  40.25;22
 40.25;  40.25;22
40;  40.25;22
 39.75;  40.25;22
 39.5;  40.25;22
 39.25;  40.5;22
39;  40.5;48
 38.75;  40.25;48
 38.5;  40.25;48
 38.25;  40.25;48
38;  40.25;48
 37.75;  40.25;48
 37.5;  40.25;48
 37.25;  40.25;48
37;  40.25;48
 36.75;  40.25;48
 36.5;  40.25;48
 36.25;  40.25;48
36;  40.5;48
 35.75;  40.5;149
 35.5;  40.25;149
 35.25;  40.25;149
35;  40.25;149
 34.75;  40.25;149
 34.5;  40.25;149
 34.25;  40.25;149
34;  40.25;149
 33.75;  40.25;149
 33.5;  40.25;149
 33.25;  40.25;149
33;  40.25;149
 32.75;  40.25;149
 32.5;  40.5;149
 32.25;  40.25;149
32;  40.25;149
 31.75;  40.25;149
 31.5;  40.25;149
 31.25;  40.25;149
31;  40.25;20
 30.75;  40.25;20
 30.5;  40.25;20
 30.25;  40.25;20
30;  40.25;20
 29.75;  40.25;20
 29.5;  40.25;4
 29.25;  40.25;4
29;  40.25;4
 28.75;  40.25;4
 28.5;  40.25;4
 28.25;  40.25;4
28;  40.25;4
 27.75;  40.25;4
 27.5;  40.25;4
 27.25;  40.25;4
27;  40.25;4
 26.75;  40.25;4
 26.25;  40.25;26
 26.25;  40.25;26
26;  40.5;59
 25.75;  40.5;59
 25.5;  40.25;59
 25.25;  40.25;59
25;  40.25;59
 24.75;  40.25;59
 24.5;  40.25;59
 24.25;  40.25;59
24;  40.25;59
 23.75;  40.25;59
 23.5;  40.5;59
 23.25;  40.25;80
23;  40.25;80
 22.75;  40.25;80
 22.5;  40.25;80
 22.25;  40.25;80
22;  40.25;80
 21.75;  40.25;80
 21.5;  40.25;80
 21.25;  40.25;80
21;  40.25;80
 20.75;  40.25;80
 20.5;  40.25;80
 20.25;  40.25;80
20;  40.25;80
 19.75;  40.25;80
 19.5;  40.25;80
 19.25;  40.25;82
19;  40.25;82
 18.75;  40.25;82
 18.5;  40.25;82
 18.25;  40.25;82
18;  40.25;82
 17.75;  40.25;82
 17.5;  40.25;82
 17.25;  40.25;82
17;  40.25;82
 16.75;  40.25;82
 16.5;  40.25;82
 16.25;  40.25;82
16;  40.25;82
 15.75;  40.25;82
 15.5;  40.25;82
 15.25;  40.25;82
15;  40.25;82
 14.75;  40.25;82
 14.5;  40.25;98
 14.25;  40.25;98
14;  40.25;98
 13.75;  40.25;98
 13.5;  40.25;98
 13.25;  40.25;64
13;  40.25;64
 12.75;  40.25;64
 12.5;  40.25;64
 12.25;  40.25;64
12;  40.25;64
 11.75;  40.25;64
 11.5;  40.25;64
 11.25;  40.25;64
11;  40.5;119
 10.75;  40.5;119
 10.5;  40.5;119
 10.25;  40.25;119
10;  40.25;119
 9.75;  40.25;119
 9.5;  40.25;119
 9.25;  40.25;119
9;  40.25;119
 8.75;  40.25;119
 8.5;  40.25;119
 8.25;  40.25;119
8;  40.25;119
 7.75;  40.5;119
 7.5;  40.25;53
 7.25;  40.25;53
 6.75;  40.25;53
 6.75;  40.25;53
 6.25;  40.25;53
 6.25;  40.25;53
6;  40.25;53
 5.75;  40.25;53
 5.5;  40.25;53
 5.25;  40.25;53
5;  40.25;53
 4.75;  40.25;53
 4.5;  40.25;53
 4.25;  40.25;53
4;  40.25;53
 3.75;  40.25;53
 3.5;  40.25;53
 2.75;  40.75;0
 2.75;  40.75;0
 2.75;  40.75;0
 2.5;  40.75;0
 2.25;  40.75;0
2;  40.75;0
 1.75;  40.75;0
 1.5;  40.75;0
 1.25;  40.75;0
1;  40.75;0
 0.75;  40.75;0
 0.5;  40.75;0
 0.25;  40.75;0
0;  40.75;0
47;41;0
 46.75;41;0
 46.5;41;0
 46.25;41;0
46;41;0
 45.75;41;0
 45.5;41;0
 45.25;41;0
45;  40.5;0
 44.75;  40.5;0
 44.5;  40.5;0
 44.25;  40.5;0
44;  40.5;0
 43.75;  40.5;0
 43.75;  40.5;0
 43.75;  40.5;0
43;  40.5;22
 42.75;  40.5;22
 42.5;  40.5;22
 42.25;  40.5;22
42;  40.5;22
 41.75;  40.5;22
 41.5;  40.5;22
 41.25;  40.5;22
41;  40.5;22
 40.75;  40.75;22
 40.5;  40.5;22
 40.25;  40.5;22
40;  40.5;22
 39.75;  40.5;22
 39.5;  40.5;22
 39.25;  40.5;22
39;  40.5;48
 38.75;  40.5;48
 38.5;  40.5;48
 38.25;  40.5;48
38;  40.5;48
 37.75;  40.5;48
 37.5;  40.5;48
 37.25;  40.5;48
37;  40.5;48
 36.75;  40.5;48
 36.5;  40.5;48
 36.25;  40.5;48
36;  40.5;48
 35.75;  40.5;149
 35.5;  40.5;149
 35.25;  40.5;149
35;  40.5;149
 34.75;  40.5;149
 34.5;  40.5;149
 34.25;  40.5;149
34;  40.5;149
 33.75;  40.5;149
 33.5;  40.5;149
 33.25;  40.5;149
33;  40.5;149
 32.75;  40.5;149
 32.5;  40.5;149
 32.25;  40.5;149
32;  40.5;149
 31.75;  40.5;149
 31.5;  40.5;149
 31.25;41;20
31;  40.5;20
 30.75;  40.5;20
 30.5;  40.5;20
 30.25;  40.5;20
30;  40.5;20
 29.75;  40.5;20
 29.5;  40.5;20
 29.25;  40.5;4
29;  40.5;4
 28.75;  40.5;4
 28.5;  40.5;4
 28.25;  40.5;4
28;  40.5;4
 27.75;  40.5;4
 27.5;  40.5;4
 27.25;  40.5;4
27;41;59
 26.75;  40.75;59
 26.5;  40.75;59
 26.25;  40.5;59
26;  40.5;59
 25.75;  40.5;59
 25.5;  40.5;59
 25.25;  40.5;59
25;  40.5;59
 24.75;  40.5;59
 24.5;  40.5;59
 24.25;  40.5;59
24;  40.5;59
 23.75;  40.5;59
 23.5;  40.5;59
 23.25;  40.5;80
23;  40.5;80
 22.75;  40.5;80
 22.5;  40.5;80
 22.25;  40.5;80
22;  40.5;80
 21.75;  40.5;80
 21.5;  40.5;80
 21.25;  40.5;80
21;  40.5;80
 20.75;  40.5;80
 20.5;  40.5;80
 20.25;  40.5;80
20;  40.5;80
 19.75;  40.5;80
 19.75;  40.5;80
 19.25;  40.5;82
19;  40.5;82
 18.75;  40.5;82
 18.5;  40.5;82
 18.25;  40.5;82
18;  40.5;82
 17.75;  40.5;82
 17.5;  40.5;82
 17.25;  40.5;82
17;  40.5;82
 16.75;  40.5;82
 16.5;  40.5;82
 16.25;  40.5;82
16;  40.5;82
 15.75;  40.5;82
 15.5;  40.5;82
 15.25;  40.5;82
15;  40.5;82
 14.75;  40.5;82
 14.5;  40.5;98
 14.25;  40.5;98
14;  40.5;98
 13.75;  40.5;98
 13.5;  40.5;98
13;  40.5;64
13;  40.5;64
 12.75;  40.5;64
 12.5;  40.5;64
12;  40.75;64
12;  40.5;64
 11.75;  40.5;64
 11.5;  40.75;119
 11.25;  40.75;119
11;  40.5;119
 10.75;  40.5;119
 10.5;  40.5;119
 10.25;  40.5;119
10;  40.5;119
 9.75;  40.5;119
 9.5;  40.5;119
 9.25;  40.5;119
9;  40.5;119
 8.75;  40.5;119
 8.5;  40.5;119
 8.25;  40.5;119
8;  40.5;119
 7.75;  40.5;119
 7.5;  40.5;141
 7.25;  40.5;141
7;  40.75;141
 6.75;  40.75;141
 6.5;  40.75;141
 6.25;  40.75;141
6;  40.75;141
 5.5;  40.5;53
 5.5;  40.5;53
 5.25;  40.5;53
5;  40.5;53
 4.75;  40.5;53
 4.5;  40.5;53
 4.25;  40.5;53
4;  40.5;53
 3.75;  40.5;53
 3.5;  40.5;53
 2.75;41;0
 2.75;41;0
 2.75;41;0
 2.5;41;0
 2.25;41;0
2;41;0
 1.75;41;0
 1.5;41;0
 1.25;41;0
1;41;0
 0.75;41;0
 0.5;41;0
 0.25;41;0
0;41;0
47;  41.25;0
 46.75;  41.25;0
 46.5;  41.25;0
 46.25;  41.25;0
46;  41.25;0
 45.75;  41.25;0
 45.5;  41.25;0
 45.25;  41.25;0
45;  40.75;0
 44.75;  40.75;0
 44.5;  40.75;0
 44.25;  40.75;0
44;  40.75;0
 43.75;  40.75;0
 43.75;  40.75;0
 43.75;  40.75;0
 42.75;41;22
 42.75;  40.75;22
 42.5;  40.75;22
 42.25;  40.75;22
42;  40.75;22
 41.75;  40.75;22
 41.5;  40.75;22
 41.25;  40.75;22
41;  40.75;22
 40.75;  40.75;22
 40.5;  40.75;22
 40.25;  40.75;22
40;  40.75;22
 39.75;  40.75;22
 39.5;  40.75;22
 39.5;  40.75;22
39;  40.75;48
 38.75;  40.75;48
 38.5;  40.75;48
 38.25;  40.75;48
38;  40.75;48
 37.75;  40.75;48
 37.5;  40.75;48
 37.25;  40.75;48
37;  40.75;48
 36.75;  40.75;48
 36.5;  40.75;48
 36.25;  40.75;48
36;  40.75;48
 35.75;41;48
 35.5;  40.75;149
 35.25;  40.75;149
35;  40.75;149
 34.75;  40.75;149
 34.5;  40.75;149
 34.25;  40.75;149
34;  40.75;149
 33.75;  40.75;149
 33.5;  40.75;149
 33.25;  40.75;149
33;  40.75;149
 32.75;  40.75;149
 32.5;  40.75;149
 32.25;  40.75;149
32;  40.75;149
 31.75;  40.75;149
 31.5;  40.75;20
 31.25;41;20
31;  40.75;20
 30.75;  40.75;20
 30.5;  40.75;20
 30.25;  40.75;20
30;  40.75;20
 29.75;  40.75;20
 29.5;  40.75;20
 29.25;41;20
29;  40.75;4
 28.75;  40.75;4
 28.5;  40.75;4
 28.25;  40.75;4
28;  40.75;4
 27.75;  40.75;4
 27.5;  40.75;4
 27.25;41;59
27;41;59
 26.75;  40.75;59
 26.5;  40.75;59
 26.25;  40.75;59
26;  40.75;59
 25.75;  40.75;59
 25.5;  40.75;59
 25.25;  40.75;59
25;  40.75;59
 24.75;  40.75;59
 24.5;  40.75;59
 24.25;  40.75;59
24;  40.75;59
 23.75;  40.75;59
 23.5;  40.75;59
 23.25;  41.25;59
23;  40.75;80
 22.75;  40.75;80
 22.5;  40.75;80
 22.25;  40.75;80
22;  40.75;80
 21.75;  40.75;80
 21.5;  40.75;80
 21.25;  40.75;80
21;  40.75;80
 20.75;  40.75;80
 20.5;  40.75;80
 20.25;  40.75;80
20;41;80
 19.75;  40.75;80
 19.5;  41.25;82
 19.25;  40.75;82
19;  40.75;82
 18.75;  40.75;82
 18.5;  40.75;82
 18.25;  40.75;82
18;  40.75;82
 17.75;  40.75;82
 17.5;  40.75;82
 17.25;  40.75;82
17;  40.75;82
 16.75;  40.75;82
 16.5;  40.75;82
 16.25;  40.75;82
16;  40.75;82
 15.75;  40.75;82
 15.5;  40.75;82
 15.25;  40.75;82
15;  40.75;82
 14.75;  40.75;82
 14.5;41;82
 14.25;  40.75;98
14;  40.75;98
 13.75;  40.75;98
 13.5;  40.75;98
 13.25;  41.25;155
13;  40.75;155
 12.75;41;155
 12.5;  41.25;155
12;  40.75;64
12;  40.75;64
 11.75;  40.75;119
 11.5;  40.75;119
 11.25;  40.75;119
11;  40.75;119
 10.75;  40.75;119
 10.5;  40.75;119
 10.25;  40.75;119
10;  40.75;119
 9.75;  40.75;119
 9.5;  40.75;119
 9.25;  40.75;119
9;  40.75;119
 8.75;  40.75;119
 8.5;  40.75;119
 8.25;  40.75;119
8;  40.75;119
 7.75;41;141
 7.5;  40.75;141
 7.25;  40.75;141
7;  40.75;141
 6.75;  40.75;141
 6.5;  40.75;141
 6.25;  40.75;141
6;  40.75;141
 5.75;41;141
 5.5;41;141
 5.25;  40.75;53
5;  40.75;53
 4.75;  40.75;53
 4.5;  40.75;53
 4.25;  40.75;53
4;  40.75;53
 3.75;  40.75;53
 3.5;  40.75;53
 2.75;  41.25;0
 2.75;  41.25;0
 2.75;  41.25;0
 2.5;  41.25;0
 2.25;  41.25;0
2;  41.25;0
 1.75;  41.25;0
 1.5;  41.25;0
 1.25;  41.25;0
1;  41.25;0
 0.75;  41.25;0
 0.5;  41.25;0
 0.25;  41.25;0
0;  41.25;0
47;  41.5;0
 46.75;  41.5;0
 46.5;  41.5;0
 46.25;  41.5;0
46;  41.5;0
 45.75;  41.5;0
 45.5;  41.5;0
 45.25;  41.5;0
 44.75;  41.25;0
 44.75;41;0
 44.5;41;0
 44.25;41;0
44;41;0
 43.75;41;0
 43.75;41;0
 43.75;41;0
 42.75;  41.25;22
 42.75;  41.25;22
 42.5;41;22
 42.25;41;22
42;41;22
 41.75;41;22
 41.5;41;22
 41.25;41;22
41;41;22
 40.75;41;22
 40.5;41;22
 40.25;41;22
40;41;22
 39.75;41;22
 39.75;41;22
 39.25;  41.25;48
39;41;48
 38.75;41;48
 38.5;41;48
 38.25;41;48
38;41;48
 37.75;41;48
 37.5;41;48
 37.25;41;48
37;41;48
 36.75;41;48
 36.5;41;48
 36.25;41;48
36;41;48
 35.75;41;48
 35.5;41;149
 35.25;41;149
35;41;149
 34.75;41;149
 34.5;41;149
 34.25;41;149
34;41;149
 33.75;41;149
 33.5;41;149
 33.25;41;149
33;41;149
 32.75;  41.25;149
 32.5;41;149
 32.25;41;149
32;  41.25;20
 31.75;41;20
 31.5;41;20
 31.25;41;20
31;41;20
 30.75;41;20
 30.5;41;20
 30.25;41;20
30;41;20
 29.75;41;20
 29.5;41;20
 29.25;41;20
29;41;4
 28.75;41;4
 28.5;41;4
 28.25;41;4
28;41;4
 27.75;  41.25;59
 27.5;  41.25;59
 27.25;41;59
27;41;59
 26.75;41;59
 26.5;41;59
 26.25;41;59
26;41;59
 25.75;41;59
 25.5;41;59
 25.25;41;59
25;41;59
 24.75;41;59
 24.5;41;59
 24.25;41;59
24;41;59
 23.75;41;59
 23.5;41;59
 23.25;  41.25;59
23;41;80
 22.75;  41.25;80
 22.5;41;80
 22.25;41;80
22;41;80
 21.75;41;80
 21.5;41;80
 21.25;41;80
21;41;80
 20.75;41;80
 20.5;41;80
 20.25;41;80
20;41;80
 19.75;41;80
 19.5;  41.25;82
 19.25;41;82
19;41;82
 18.75;41;82
 18.5;41;82
 18.25;41;82
18;41;82
 17.75;41;82
 17.5;41;82
 17.25;41;82
17;41;82
 16.75;41;82
 16.5;41;82
 16.25;41;82
16;41;82
 15.75;41;82
 15.5;41;82
 15.25;41;82
15;41;82
 14.75;41;82
 14.5;41;82
 14.25;41;98
14;41;98
 13.75;41;98
 13.5;  41.25;98
 13.25;  41.25;155
13;41;155
 12.75;41;155
 12.5;  41.25;155
 12.25;41;155
12;  41.25;155
 11.75;  41.5;155
 11.5;41;119
 11.25;41;119
11;41;119
 10.75;41;119
 10.5;41;119
 10.25;41;119
10;41;119
 9.75;41;119
 9.5;41;119
 9.25;41;119
9;41;119
 8.75;41;119
 8.5;41;119
 8.25;41;119
8;41;119
 7.75;41;141
 7.5;41;141
 7.25;41;141
7;41;141
 6.75;41;141
 6.5;41;141
 6.25;41;141
6;41;141
 5.75;41;141
 5.5;41;141
 5.25;  41.25;141
5;41;53
 4.75;41;53
 4.5;41;53
 4.25;41;53
4;41;53
 3.75;41;53
 3.5;41;53
 2.75;  41.5;0
 2.75;  41.5;0
 2.75;  41.5;0
 2.5;  41.5;0
 2.25;  41.5;0
2;  41.5;0
 1.75;  41.5;0
 1.5;  41.5;0
 1.25;  41.5;0
1;  41.5;0
 0.75;  41.5;0
 0.5;  41.5;0
 0.25;  41.5;0
0;  41.5;0
47;  41.75;0
 46.75;  41.75;0
 46.5;  41.75;0
 46.25;  41.75;0
46;  41.75;0
 45.75;  41.75;0
 45.5;  41.75;0
 45.25;  41.75;0
 44.75;  41.25;0
 44.75;  41.25;0
 44.5;  41.25;0
 44.25;  41.25;0
44;  41.25;0
 43.75;  41.25;0
 43.75;  41.25;0
 43.75;  41.25;0
 42.75;  41.25;22
 42.75;  41.25;22
 42.5;  41.25;22
 42.25;  41.25;22
42;  41.25;22
 41.75;  41.25;22
 41.5;  41.25;22
 41.25;  41.25;22
41;  41.25;22
 40.75;  41.25;22
 40.5;  41.25;22
 40.25;  41.25;22
40;  41.25;22
 39.75;  41.25;22
 39.5;  41.5;48
 39.25;  41.25;48
39;  41.25;48
 38.75;  41.25;48
 38.5;  41.25;48
 38.25;  41.25;48
38;  41.25;48
 37.75;  41.25;48
 37.5;  41.25;48
 37.25;  41.25;48
37;  41.25;48
 36.75;  41.25;48
 36.5;  41.25;48
 36.25;  41.25;48
36;  41.25;48
 35.75;  41.25;48
 35.5;  41.5;48
 35.25;  41.25;149
35;  41.25;149
 34.75;  41.25;149
 34.5;  41.25;149
 34.25;  41.25;149
34;  41.25;149
 33.75;  41.25;149
 33.5;  41.25;149
 33.25;  41.25;149
33;  41.25;149
 32.75;  41.25;149
 32.5;  41.25;149
 32.25;  41.75;20
32;  41.25;20
 31.75;  41.25;20
 31.5;  41.25;20
 31.25;  41.25;20
31;  41.25;20
 30.75;  41.25;20
 30.5;  41.25;20
 30.25;  41.25;20
30;  41.25;20
 29.75;  41.25;20
 29.5;  41.25;20
 29.25;  41.25;20
29;  41.25;20
 28.75;  41.25;4
 28.5;  41.25;4
 28.25;  41.25;4
28;  41.5;59
 27.75;  41.25;59
 27.5;  41.25;59
 27.25;  41.25;59
27;  41.25;59
 26.75;  41.25;59
 26.5;  41.25;59
 26.25;  41.25;59
26;  41.25;59
 25.75;  41.25;59
 25.5;  41.25;59
 25.25;  41.25;59
25;  41.25;59
 24.75;  41.25;59
 24.5;  41.25;59
 24.25;  41.25;59
24;  41.25;59
 23.75;  41.25;59
 23.5;  41.25;59
 23.25;  41.25;59
23;  41.25;80
 22.75;  41.25;80
 22.5;  41.25;80
 22.25;42;80
22;  41.25;80
 21.75;  41.25;80
 21.5;  41.25;80
 21.25;  41.25;80
21;  41.25;80
 20.75;  41.25;80
 20.5;  41.25;80
 20.25;  41.25;80
20;  41.25;80
 19.75;  41.25;80
 19.5;  41.25;82
 19.25;  41.25;82
19;  41.25;82
 18.75;  41.25;82
 18.5;  41.25;82
 18.25;  41.25;82
18;  41.25;82
 17.75;  41.25;82
 17.5;  41.25;82
 17.25;  41.25;82
17;  41.25;82
 16.75;  41.25;82
 16.5;  41.25;82
 16.25;  41.25;82
16;  41.25;82
 15.75;  41.25;82
 15.5;  41.25;82
 15.25;  41.25;82
15;  41.25;82
 14.75;  41.25;82
 14.5;  41.25;82
 14.25;  41.25;98
14;  41.25;98
 13.75;  41.25;98
 13.5;  41.25;98
 13.25;  41.25;155
13;  41.25;155
 12.75;  41.25;155
 12.5;  41.25;155
 12.25;  41.25;155
12;  41.25;155
 11.75;  41.75;155
 11.5;  41.25;119
 11.25;  41.25;119
11;  41.25;119
 10.75;  41.25;119
 10.5;  41.25;119
 10.25;  41.25;119
10;  41.25;119
 9.75;  41.25;119
 9.5;  41.25;119
 9.25;  41.25;119
9;  41.25;119
 8.75;  41.25;119
 8.5;  41.25;119
 8.25;  41.25;119
8;  41.25;119
 7.75;  41.25;141
 7.5;  41.25;141
 7.25;  41.25;141
7;  41.25;141
 6.75;  41.25;141
 6.5;  41.25;141
 6.25;  41.25;141
6;  41.25;141
 5.75;  41.25;141
 5.5;  41.25;141
 5.25;  41.25;141
5;  41.25;141
 4.75;  41.25;53
 4.5;  41.25;53
 4.25;  41.25;53
4;  41.25;53
 3.75;  41.25;53
 3.5;  41.25;53
3;42;0
3;42;0
 2.75;  41.75;0
 2.5;  41.75;0
 2.25;  41.75;0
2;  41.75;0
 1.75;  41.75;0
 1.5;  41.75;0
 1.25;  41.75;0
1;  41.75;0
 0.75;  41.75;0
 0.5;  41.75;0
 0.25;  41.75;0
0;  41.75;0
47;42;0
 46.75;42;0
 46.5;42;0
 46.25;42;0
46;42;0
 45.75;42;0
 45.5;42;0
 45.25;42;0
45;42;0
 44.75;  41.5;0
 44.5;  41.5;0
 44.25;  41.5;0
44;  41.5;0
 43.75;  41.5;0
 43.5;  41.75;0
 43.25;42;0
 42.75;  41.5;22
 42.75;  41.5;22
 42.5;  41.5;22
 42.25;  41.5;22
42;  41.5;22
 41.75;  41.5;22
 41.5;  41.5;22
 41.25;  41.5;22
41;  41.5;22
 40.75;  41.5;22
 40.5;  41.5;22
 40.25;  41.5;22
40;42;48
 39.75;  41.75;48
 39.5;  41.5;48
 39.25;  41.5;48
39;  41.5;48
 38.75;  41.5;48
 38.5;  41.5;48
 38.25;  41.5;48
38;  41.5;48
 37.75;  41.5;48
 37.5;  41.5;48
 37.25;  41.5;48
37;  41.5;48
 36.75;  41.5;48
 36.5;  41.5;48
 36.25;  41.5;48
36;  41.5;48
 35.75;  41.5;48
 35.5;  41.5;48
 35.25;  41.5;149
35;  41.5;149
 34.75;  41.5;149
 34.5;  41.5;149
 34.25;  41.5;149
34;  41.5;149
 33.75;  41.5;149
 33.5;  41.5;149
 33.25;  41.5;149
33;  41.5;149
 32.75;  41.5;20
 32.5;  41.75;20
 32.25;  41.75;20
32;  41.5;20
 31.75;  41.5;20
 31.5;  41.5;20
 31.25;  41.75;20
31;  41.5;20
 30.75;  41.5;20
 30.5;  41.5;20
 30.25;  41.5;20
30;  41.5;20
 29.75;  41.5;20
 29.5;  41.5;20
 29.25;  41.5;20
29;  41.5;20
 28.75;  41.75;20
 28.5;42;59
 28.25;  41.5;59
28;  41.5;59
 27.75;  41.5;59
 27.5;  41.5;59
 27.25;  41.5;59
27;  41.5;59
 26.75;  41.5;59
 26.5;  41.5;59
 26.25;  41.5;59
26;  41.5;59
 25.75;  41.5;59
 25.5;  41.5;59
 25.25;  41.5;59
25;  41.5;59
 24.75;  41.5;59
 24.5;  41.5;59
 24.25;  41.5;59
24;  41.5;59
 23.75;  41.5;59
 23.5;  41.5;59
 23.25;  41.5;59
23;42;80
 22.75;  41.75;80
 22.5;  41.75;80
 22.25;42;80
22;  41.5;80
 21.75;  41.5;80
 21.5;  41.5;80
 21.25;  41.5;80
21;  41.5;80
 20.75;  41.5;80
 20.5;  41.5;80
 20.25;  41.5;80
20;  41.5;80
 19.75;  41.5;80
 19.5;  41.5;82
 19.25;  41.5;82
19;  41.5;82
 18.75;  41.5;82
 18.5;  41.5;82
 18.25;  41.5;82
18;  41.5;82
 17.75;  41.5;82
 17.5;  41.5;82
 17.25;  41.5;82
17;  41.5;82
 16.75;  41.5;82
 16.5;  41.5;82
 16.25;  41.5;82
16;  41.5;82
 15.75;  41.5;82
 15.5;  41.5;82
 15.25;  41.5;82
15;  41.5;82
 14.75;  41.5;82
 14.5;  41.5;82
 14.25;  41.5;98
14;  41.5;98
 13.75;  41.5;98
 13.5;  41.5;155
 13.25;  41.5;155
13;  41.5;155
 12.75;  41.5;155
 12.5;  41.5;155
 12.25;  41.5;155
12;  41.5;155
 11.75;  41.75;155
 11.25;  41.5;119
 11.25;  41.5;119
11;  41.5;119
 10.75;  41.5;119
 10.5;  41.5;119
 10.25;  41.5;119
10;  41.5;119
 9.75;  41.5;119
 9.5;  41.5;119
 9.25;  41.5;119
9;  41.5;119
 8.75;  41.5;119
 8.5;  41.5;119
 8.25;  41.5;119
8;  41.75;119
 7.75;  41.75;145
 7.5;  41.75;145
 7.25;  41.5;141
 6.75;  41.5;141
 6.75;  41.5;141
 6.25;  41.5;141
 6.25;  41.5;141
6;  41.5;141
 5.75;  41.5;141
 5.5;  41.75;145
 5.25;  41.5;145
5;  41.75;145
 4.5;  41.5;53
 4.5;  41.5;53
 4.25;  41.5;53
4;  41.5;53
 3.75;  41.5;53
3;42;0
3;42;0
3;42;0
 2.75;42;0
 2.5;42;0
 2.25;42;0
2;42;0
 1.75;42;0
 1.5;42;0
 1.25;42;0
1;42;0
 0.75;42;0
 0.5;42;0
 0.25;42;0
0;42;0
47;  42.25;0
 46.75;  42.25;0
 46.5;  42.25;0
 46.25;  42.25;0
46;  42.25;0
 45.75;  42.25;0
 45.5;  42.25;0
 45.25;  42.25;0
45;  42.25;0
 44.75;  42.25;0
 44.5;  41.75;0
 44.25;  41.75;0
44;  41.75;0
 43.75;  41.75;0
 43.5;  41.75;0
 43.25;42;0
43;  42.25;0
 42.75;  41.75;22
 42.5;  41.75;22
 42.25;  41.75;22
42;  41.75;22
 41.75;  41.75;22
 41.5;  41.75;22
 41.25;  41.75;22
41;  41.75;22
 40.75;  41.75;22
 40.5;  41.75;22
 40.25;42;48
40;42;48
 39.75;  41.75;48
 39.5;  41.75;48
 39.25;  41.75;48
39;  41.75;48
 38.75;  41.75;48
 38.5;  41.75;48
 38.25;  41.75;48
38;  41.75;48
 37.75;  41.75;48
 37.5;  41.75;48
 37.25;  41.75;48
37;  41.75;48
 36.75;  41.75;48
 36.5;  41.75;48
 36.25;  41.75;48
36;  41.75;48
 35.75;  41.75;48
 35.5;  41.75;48
 35.25;  41.75;149
35;  41.75;149
 34.75;  41.75;149
 34.5;  41.75;149
 34.5;  41.75;149
34;42;20
 33.75;42;20
 33.5;42;20
 33.25;  41.75;20
33;  41.75;20
 32.75;  41.75;20
 32.5;  41.75;20
 32.25;  41.75;20
32;  41.75;20
 31.75;  41.75;20
 31.5;  41.75;20
 31.25;  41.75;20
31;  41.75;20
 30.75;  41.75;20
 30.5;  41.75;20
 30.25;  41.75;20
30;  41.75;20
 29.75;  41.75;20
 29.5;  41.75;20
 29.25;  41.75;20
29;  41.75;20
 28.75;  41.75;20
 28.5;42;59
 28.25;  41.75;59
28;  41.75;59
 27.75;  41.75;59
 27.5;  41.75;59
 27.25;  41.75;59
27;  41.75;59
 26.75;  41.75;59
 26.5;  41.75;59
 26.25;  41.75;59
26;  41.75;59
 25.75;  41.75;59
 25.5;  41.75;59
 25.25;  41.75;59
25;  41.75;59
 24.75;  41.75;59
 24.5;  41.75;59
 24.25;  41.75;59
24;  41.75;59
 23.75;  41.75;59
 23.5;  41.75;59
 23.25;  41.75;59
23;42;80
 22.75;  41.75;80
 22.5;  41.75;80
 22.25;42;80
22;  42.25;80
 21.75;  41.75;80
 21.5;  41.75;80
 21.25;  41.75;80
21;  41.75;80
 20.75;  41.75;80
 20.5;  41.75;80
 20.25;  41.75;80
20;  41.75;80
 19.75;  42.25;82
 19.5;42;82
 19.25;  41.75;82
19;42;82
 18.75;  41.75;82
 18.5;  41.75;82
 18.25;  41.75;82
18;  41.75;82
 17.75;  41.75;82
 17.5;  41.75;82
 17.25;  41.75;82
17;  41.75;82
 16.75;  41.75;82
 16.5;  41.75;82
 16.25;  41.75;82
16;  41.75;82
 15.75;  41.75;82
 15.5;  41.75;82
 15.25;  41.75;82
15;  41.75;82
 14.75;  41.75;82
 14.5;  41.75;82
14;  41.75;98
14;  41.75;98
 13.75;42;155
 13.5;  41.75;155
 13.25;  41.75;155
13;  41.75;155
 12.75;  41.75;155
 12.5;  41.75;155
 12.25;  41.75;155
12;  41.75;155
 11.75;  41.75;155
 11.5;  42.25;155
 11.25;  41.75;119
11;  41.75;119
 10.75;  41.75;119
 10.5;  41.75;119
 10.25;  41.75;119
10;  41.75;119
 9.75;  41.75;119
 9.5;  41.75;119
 9.25;  41.75;119
9;  41.75;119
 8.75;  41.75;119
 8.5;  41.75;119
 8.25;  41.75;119
8;  41.75;119
 7.75;  41.75;145
 7.5;  41.75;145
 7.25;  41.75;145
7;  41.75;145
 6.75;  41.75;145
 6.5;42;145
 6.25;42;145
6;42;145
 5.75;42;145
 5.5;  41.75;145
 5.25;  41.75;145
5;  41.75;145
 4.75;  41.75;145
 4.5;42;145
 4.25;  41.75;53
4;  41.75;53
 3.75;  41.75;53
3;  42.25;0
3;  42.25;0
3;  42.25;0
 2.75;  42.25;0
 2.5;  42.25;0
 2.25;  42.25;0
2;  42.25;0
 1.75;  42.25;0
 1.5;  42.25;0
 1.25;  42.25;0
1;  42.25;0
 0.75;  42.25;0
 0.5;  42.25;0
 0.25;  42.25;0
0;  42.25;0
47;  42.5;0
 46.75;  42.5;0
 46.5;  42.5;0
 46.25;  42.5;0
46;  42.5;0
 45.75;  42.5;0
 45.5;  42.5;0
 45.25;  42.5;0
45;  42.5;0
 44.75;  42.5;0
 44.5;42;0
 44.25;42;0
44;42;0
 43.75;42;0
 43.5;42;0
 43.25;42;0
43;  42.25;0
 42.75;  42.5;0
 42.5;42;22
 42.25;42;22
42;42;22
 41.75;42;22
 41.5;42;22
 41.25;42;22
41;42;22
 40.75;42;22
 40.5;  42.25;48
 40.25;42;48
40;42;48
 39.75;42;48
 39.5;42;48
 39.25;42;48
39;42;48
 38.75;42;48
 38.5;42;48
 38.25;42;48
38;42;48
 37.75;42;48
 37.5;42;48
 37.25;42;48
37;42;48
 36.75;42;48
 36.5;42;48
 36.25;42;48
36;42;48
 35.75;42;48
 35.5;42;48
 35.25;  42.25;48
35;42;20
 34.75;42;20
 34.5;42;20
 34.25;42;20
34;42;20
 33.75;42;20
 33.5;42;20
 33.25;42;20
33;42;20
 32.75;42;20
 32.5;42;20
 32.25;  42.25;20
32;42;20
 31.75;42;20
 31.5;42;20
 31.25;42;20
31;42;20
 30.75;42;20
 30.5;42;20
 30.25;42;20
30;42;20
 29.75;42;20
 29.5;42;20
 29.25;42;20
29;42;20
 28.75;42;20
 28.5;42;59
 28.25;42;59
28;42;59
 27.75;42;59
 27.5;42;59
 27.25;42;59
27;42;59
 26.75;42;59
 26.5;42;59
 26.25;42;59
26;42;59
 25.75;42;59
 25.5;42;59
 25.25;42;59
25;42;59
 24.75;42;59
 24.5;42;59
 24.25;42;59
24;42;59
 23.75;42;59
 23.5;42;59
 23.25;42;59
23;42;80
 22.75;42;80
 22.5;42;80
 22.25;42;80
22;  42.5;80
 21.75;42;80
 21.5;  42.25;80
 21.25;42;80
21;42;80
 20.75;  42.25;80
 20.5;42;80
 20.5;42;80
20;  42.25;82
 19.75;  42.25;82
 19.5;42;82
 19.25;42;82
19;42;82
 18.75;42;82
 18.5;42;82
 18.25;42;82
18;42;82
 17.75;42;82
 17.5;42;82
 17.25;42;82
17;42;82
 16.75;42;82
 16.5;42;82
 16.25;42;82
16;42;82
 15.75;42;82
 15.5;42;82
 15.25;42;82
15;42;82
 14.75;42;82
 14.5;42;82
 14.25;  42.25;155
14;42;155
 13.75;42;155
 13.5;42;155
 13.25;42;155
13;42;155
 12.75;42;155
 12.5;42;155
 12.25;42;155
12;42;155
 11.75;42;155
 11.5;  42.25;155
 11.25;42;119
11;42;119
 10.75;42;119
 10.5;42;119
 10.25;42;119
10;42;119
 9.75;42;119
 9.5;42;119
 9.25;42;119
9;42;119
 8.75;42;119
 8.5;42;119
 8.25;42;119
8;  42.25;119
 7.75;42;145
 7.5;42;145
 7.25;42;145
7;42;145
 6.75;42;145
 6.5;42;145
 6.25;42;145
6;42;145
 5.75;42;145
 5.5;42;145
 5.25;42;145
5;42;145
 4.75;42;145
 4.5;42;145
 4.25;42;53
4;42;53
 3.75;42;53
3;  42.5;0
3;  42.5;0
3;  42.5;0
 2.75;  42.5;0
 2.5;  42.5;0
 2.25;  42.5;0
2;  42.5;0
 1.75;  42.5;0
 1.5;  42.5;0
 1.25;  42.5;0
1;  42.5;0
 0.75;  42.5;0
 0.5;  42.5;0
 0.25;  42.5;0
0;  42.5;0
47;  42.75;0
 46.75;  42.75;0
 46.5;  42.75;0
 46.25;  42.75;0
46;  42.75;0
 45.75;  42.75;0
 45.5;  42.75;0
 45.25;  42.75;0
45;  42.75;0
45;  42.75;0
 44.5;  42.25;0
 44.25;  42.25;0
44;  42.25;0
 43.75;  42.25;0
 43.5;  42.25;0
 43.25;  42.25;0
43;  42.25;0
 42.75;  42.5;0
 42.5;  42.75;0
 42.5;  42.75;0
 41.5;  43.25;0
 41.25;  43.25;0
 41.25;  43.25;0
 41.25;42;22
41;42;22
 40.75;  42.5;48
 40.5;  42.25;48
 40.25;  42.25;48
40;  42.25;48
 39.75;  42.25;48
 39.5;  42.25;48
 39.25;  42.25;48
39;  42.25;48
 38.75;  42.25;48
 38.5;  42.25;48
 38.25;  42.25;48
38;  42.25;48
 37.75;  42.25;48
 37.5;  42.25;48
 37.25;  42.25;48
37;  42.5;48
 36.75;  42.25;48
 36.5;  42.25;48
 36.25;  42.25;48
36;  42.25;48
 35.75;  42.25;48
 35.5;  42.25;48
 35.25;  42.25;48
35;  42.25;20
 34.75;  42.25;20
 34.5;  42.25;20
 34.25;  42.25;20
34;  42.25;20
 33.75;  42.25;20
 33.5;  42.25;20
 33.25;  42.25;20
33;  42.25;20
 32.75;  42.25;20
 32.5;  42.25;20
 32.25;  42.25;20
32;  42.25;20
 31.75;  42.25;20
 31.5;  42.25;20
 31.25;  42.25;20
31;  42.25;20
 30.75;  42.25;20
 30.5;  42.25;20
 30.25;  42.25;20
30;  42.25;20
 29.75;  42.25;20
 29.5;  42.25;20
 29.25;  42.25;20
29;  42.25;20
 28.75;  42.25;20
 28.5;  42.25;59
 28.25;  42.25;59
28;  42.25;59
 27.75;  42.25;59
 27.5;  42.25;59
 27.25;  42.25;59
27;  42.25;59
 26.75;  42.25;59
 26.5;  42.25;59
 26.25;  42.25;59
26;  42.25;59
 25.75;  42.25;59
 25.5;  42.25;59
 25.25;  42.25;59
25;  42.25;59
 24.75;  42.25;59
 24.5;  42.25;59
 24.25;  42.25;59
24;  42.25;59
 23.75;  42.25;59
 23.5;  42.25;59
 23.25;  42.25;59
23;  42.25;80
 22.75;  42.5;80
 22.5;  42.25;80
 22.25;  42.25;80
22;  42.5;80
 21.75;  42.25;80
 21.5;  42.25;80
21;  42.5;80
21;  42.25;80
 20.75;  42.25;80
 20.5;  42.75;82
 20.25;  42.75;82
20;  42.25;82
 19.75;  42.25;82
 19.5;  42.25;82
 19.25;  42.25;82
19;  42.25;82
 18.75;  42.25;82
 18.5;  42.25;82
 18.25;  42.25;82
18;  42.25;82
 17.75;  42.25;82
 17.5;  42.25;82
 17.25;  42.25;82
17;  42.25;82
 16.75;  42.25;82
 16.5;  42.25;82
 16.25;  42.25;82
16;  42.25;82
 15.75;  42.25;82
 15.5;  42.25;82
 15.25;  42.25;82
15;  42.25;82
 14.75;  42.25;82
 14.5;  42.25;82
 14.25;  42.25;155
14;  42.25;155
 13.75;  42.25;155
 13.5;  42.25;155
 13.25;  42.25;155
13;  42.25;155
 12.75;  42.25;155
 12.5;  42.25;155
 12.25;  42.25;155
12;  42.25;155
 11.75;  42.25;155
 11.5;  42.25;155
11;  42.25;119
11;  42.25;119
 10.75;  42.25;119
 10.5;  42.25;119
 10.25;  42.25;119
10;  42.25;119
 9.75;  42.25;119
 9.5;  42.25;119
 9.25;  42.25;119
9;  42.25;119
 8.75;  42.25;119
 8.5;  42.25;119
 8.25;  42.25;119
8;  42.25;119
 7.75;  42.25;145
 7.5;  42.25;145
 7.25;  42.25;145
7;  42.25;145
 6.75;  42.25;145
 6.5;  42.25;145
 6.25;  42.25;145
6;  42.25;145
 5.75;  42.25;145
 5.5;  42.25;145
 5.25;  42.25;145
5;  42.25;145
 4.75;  42.25;145
 4.5;  42.25;145
 4.25;  42.25;145
4;  42.25;53
 3.75;  42.25;53
 3.25;43;0
 3.25;43;0
3;  42.75;0
 2.75;  42.75;0
 2.5;  42.75;0
 2.25;  42.75;0
2;  42.75;0
 1.75;  42.75;0
 1.5;  42.75;0
 1.25;  42.75;0
1;  42.75;0
 0.75;  42.75;0
 0.5;  42.75;0
 0.25;  42.75;0
0;  42.75;0
47;43;0
 46.75;43;0
 46.5;43;0
 46.25;43;0
46;43;0
 45.75;43;0
 45.5;43;0
 45.25;43;0
45;43;0
45;43;0
 44.5;  42.5;0
 44.25;  42.5;0
44;  42.5;0
 43.75;  42.5;0
 43.5;  42.5;0
 43.25;  42.5;0
43;  42.5;0
 42.75;  42.5;0
 42.5;  42.75;0
 42.5;  42.75;0
 41.5;  43.25;0
 41.25;  43.25;0
 41.25;  43.25;0
 41.25;  43.25;0
 40.75;  42.5;48
 40.75;  42.5;48
 40.5;  42.5;48
 40.25;  42.5;48
40;  42.5;48
 39.75;  42.5;48
 39.5;  42.5;48
 39.25;  42.5;48
39;  42.5;48
 38.75;  42.5;48
 38.5;  42.5;48
 38.25;  42.5;48
38;  42.5;48
 37.75;  42.5;48
 37.5;  42.5;48
 37.25;  42.5;48
37;  42.5;48
 36.75;  42.5;48
 36.5;  42.5;48
 36.25;  42.5;48
36;  42.5;48
 35.75;  42.5;48
 35.5;  42.5;48
 35.25;  42.5;48
35;  42.5;20
 34.75;  42.5;20
 34.5;  42.5;20
 34.25;  42.5;20
34;  42.5;20
 33.75;  42.5;20
 33.5;  42.5;20
 33.25;  42.5;20
33;  42.5;20
 32.75;  42.5;20
 32.5;  42.5;20
 32.25;  42.5;20
32;  42.5;20
 31.75;  42.5;20
 31.5;  42.5;20
 31.25;  42.5;20
31;  42.5;20
 30.75;  42.5;20
 30.5;  42.5;20
 30.25;  42.5;20
30;  42.5;20
 29.75;  42.75;20
 29.5;  42.5;20
 29.25;  42.5;20
29;  42.5;20
 28.75;  42.75;20
 28.5;  42.5;59
 28.25;  42.5;59
28;  42.5;59
 27.75;  42.5;59
 27.5;  42.5;59
 27.25;  42.5;59
27;  42.5;59
 26.75;  42.5;59
 26.5;  42.5;59
 26.25;  42.5;59
26;  42.5;59
 25.75;  42.5;59
 25.5;  42.5;59
 25.25;  42.5;59
25;  42.5;59
 24.75;  42.5;59
 24.5;  42.5;59
 24.25;  42.5;59
24;  42.5;59
 23.75;  42.5;59
 23.5;  42.5;59
 23.25;  42.5;59
23;  42.75;59
 22.75;  42.5;80
 22.5;  42.75;80
 22.25;  42.5;80
22;  42.5;80
 21.75;  42.5;80
 21.5;  42.5;80
21;  42.5;80
21;  42.5;80
21;  42.5;80
 20.5;  42.75;82
 20.25;  42.75;82
20;  42.5;82
 19.75;  42.5;82
 19.5;  42.5;82
 19.25;  42.5;82
19;  42.5;82
 18.75;  42.5;82
 18.5;  42.5;82
 18.25;  42.5;82
18;  42.5;82
 17.75;  42.5;82
 17.5;  42.5;82
 17.25;  42.5;82
17;  42.5;82
 16.75;  42.5;82
 16.5;  42.5;82
 16.25;  42.5;82
16;  42.5;82
 15.75;  42.5;82
 15.5;  42.75;82
 15.25;  42.5;82
15;  42.5;82
 14.75;  42.5;82
 14.5;  42.75;155
 14.25;  42.5;155
14;  42.5;155
 13.75;  42.5;155
 13.5;  42.5;155
 13.25;  42.5;155
13;  42.5;155
 12.75;  42.5;155
 12.5;  42.5;155
 12.25;  42.5;155
12;  42.5;155
 11.75;  42.5;155
 11.5;  42.5;155
 11.25;  42.75;155
11;43;56
 10.75;43;56
 10.5;  42.75;56
 10.25;  42.75;56
 10.25;  42.75;56
 9.75;  42.75;56
 9.25;  42.5;119
 9.25;  42.5;119
9;  42.5;119
 8.75;  42.5;119
 8.5;  42.5;119
 8.25;  42.5;119
8;  42.5;119
 7.75;  42.25;145
 7.25;  42.5;145
 7.25;  42.5;145
7;  42.5;145
 6.75;  42.5;145
 6.5;  42.5;145
 6.25;  42.5;145
6;  42.5;145
 5.75;  42.5;145
 5.5;  42.5;145
 5.25;  42.5;145
5;  42.5;145
 4.75;  42.5;145
 4.5;  42.5;145
 4.25;  42.5;145
4;  42.5;145
 3.25;43;0
 3.25;43;0
 3.25;43;0
3;43;0
 2.75;43;0
 2.5;43;0
 2.25;43;0
2;43;0
 1.75;43;0
 1.5;43;0
 1.25;43;0
1;43;0
 0.75;43;0
 0.5;43;0
 0.25;43;0
0;43;0
47;  43.25;0
 46.75;  43.25;0
 46.5;  43.25;0
 46.25;  43.25;0
46;  43.25;0
 45.75;  43.25;0
 45.5;  43.25;0
 45.25;  43.25;0
45;  43.25;0
45;  43.25;0
 44.5;  42.75;0
 44.25;  42.75;0
44;  42.75;0
 43.75;  42.75;0
 43.5;  42.75;0
 43.25;  42.75;0
43;  42.75;0
 42.75;  42.75;0
 42.5;  42.75;0
 42.5;  42.75;0
 41.5;  43.25;0
 41.25;  43.25;0
 41.25;  43.25;0
 41.25;  43.25;0
 41.25;  43.25;0
 40.75;  42.75;48
 40.5;  42.75;48
 40.25;  42.75;48
40;  42.75;48
 39.75;  42.75;48
 39.5;  42.75;48
 39.25;  42.75;48
39;  42.75;48
 38.75;  42.75;48
 38.5;  42.75;48
 38.25;  42.75;48
38;  42.75;48
 37.75;  42.75;48
 37.5;  42.75;48
 37.25;  42.75;48
37;  42.75;48
 36.75;  42.75;48
 36.5;  42.75;48
 36.25;  42.75;48
36;  42.75;48
 35.75;  42.75;48
 35.5;  42.75;48
 35.25;  42.75;48
 34.75;  42.75;20
 34.75;  42.75;20
 34.5;  42.75;20
 34.25;  42.75;20
34;  42.75;20
 33.75;  42.75;20
 33.5;  42.75;20
 33.25;  42.75;20
33;  42.75;20
 32.75;  42.75;20
 32.5;  42.75;20
 32.25;  42.75;20
32;  42.75;20
 31.75;  42.75;20
 31.5;  42.75;20
 31.25;  42.75;20
31;  42.75;20
 30.75;  42.75;20
 30.5;  42.75;20
 30.25;  42.75;20
30;  42.75;20
 29.75;  42.75;20
 29.5;  42.75;20
 29.25;  42.75;20
29;  42.75;20
 28.75;  42.75;20
 28.5;  42.75;59
 28.25;  42.75;59
28;  42.75;59
 27.75;  42.75;59
 27.5;  42.75;59
 27.25;  42.75;59
27;  42.75;59
 26.75;  42.75;59
 26.5;  42.75;59
 26.25;  42.75;59
26;  42.75;59
 25.75;  42.75;59
 25.5;  42.75;59
 25.25;  42.75;59
25;  42.75;59
 24.75;  42.75;59
 24.5;  42.75;59
 24.25;  42.75;59
24;  42.75;59
 23.75;  42.75;59
 23.5;  42.75;59
 23.25;  42.75;59
23;  42.75;59
 22.75;  42.75;80
 22.5;  42.75;80
 22.25;  42.75;80
22;  42.75;80
 21.75;  42.75;80
 21.5;  42.75;80
 21.5;  42.75;80
 21.5;  42.75;80
 20.75;43;82
 20.5;  42.75;82
 20.25;  42.75;82
20;  42.75;82
 19.75;  42.75;82
 19.5;  42.75;82
 19.25;  42.75;82
19;  42.75;82
 18.75;  42.75;82
 18.5;  42.75;82
 18.25;  42.75;82
18;  42.75;82
 17.75;  42.75;82
 17.5;  42.75;82
 17.25;  42.75;82
17;  42.75;82
 16.75;  42.75;82
 16.5;  42.75;82
 16.25;  42.75;82
16;  42.75;82
 15.75;  42.75;82
 15.5;  42.75;82
 15.25;  42.75;82
15;  42.75;82
 14.75;43;155
 14.5;  42.75;155
 14.25;  42.75;155
14;  42.75;155
 13.75;  42.75;155
 13.5;  42.75;155
 13.25;  42.75;155
13;  42.75;155
 12.75;  42.75;155
 12.5;  42.75;155
 12.25;  42.75;155
12;  42.75;155
 11.75;  42.75;155
 11.5;  42.75;155
 11.25;  42.75;155
11;43;56
 10.75;43;56
 10.5;  42.75;56
 10.25;  42.75;56
10;  42.75;56
 9.75;  42.75;56
 9.5;  42.75;56
 9.25;  42.75;56
9;  42.75;56
 8.75;43;56
 8.5;  43.25;56
 8.25;  42.75;119
8;  42.75;119
8;  42.75;119
 7.25;  42.5;145
 7.25;  42.5;145
7;  42.5;145
 6.5;  42.75;145
 6.5;  42.75;145
 6.25;  42.75;145
6;  42.75;145
 5.75;  42.75;145
 5.5;  42.75;145
 5.25;  42.75;145
5;  42.75;145
 4.75;  42.75;145
 4.5;  42.75;145
 4.25;  42.75;145
4;  42.75;145
 3.25;  43.25;0
 3.25;  43.25;0
 3.25;  43.25;0
3;  43.25;0
 2.75;  43.25;0
 2.5;  43.25;0
 2.25;  43.25;0
2;  43.25;0
 1.75;  43.25;0
 1.5;  43.25;0
 1.25;  43.25;0
1;  43.25;0
 0.75;  43.25;0
 0.5;  43.25;0
 0.25;  43.25;0
0;  43.25;0
47;  43.5;0
 46.75;  43.5;0
 46.5;  43.5;0
 46.25;  43.5;0
46;  43.5;0
 45.75;  43.5;0
 45.5;  43.5;0
 45.25;  43.5;0
45;  43.5;0
45;  43.5;0
 44.5;43;0
 44.25;43;0
44;43;0
 43.75;43;0
 43.5;43;0
 43.25;43;0
43;43;0
 42.75;43;0
 42.5;43;0
 42.25;  43.25;0
 41.5;  43.25;0
 41.25;  43.25;0
 41.25;  43.25;0
 41.25;  43.25;0
 41.25;  43.25;0
 40.25;  43.5;0
 40.5;43;48
 40.25;43;48
40;43;48
 39.75;43;48
 39.5;43;48
 39.25;43;48
39;43;48
 38.75;43;48
 38.5;43;48
 38.25;43;48
38;43;48
 37.75;43;48
 37.5;43;48
 37.25;43;48
37;43;48
 36.75;43;48
 36.5;43;48
 36.25;43;48
36;43;48
 35.75;43;48
 35.5;43;48
 35.25;43;48
 34.75;  42.75;20
 34.25;43;20
 34.25;43;20
 34.25;43;20
34;43;20
 33.75;43;20
 33.5;43;20
 33.25;43;20
33;43;20
 32.75;43;20
 32.5;43;20
 32.25;43;20
32;43;20
 31.75;43;20
 31.5;43;20
 31.25;43;20
31;43;20
 30.75;43;20
 30.5;43;20
 30.25;43;20
30;  43.25;20
 29.75;43;20
 29.5;43;20
 29.25;43;20
29;43;20
 28.75;43;20
 28.5;43;59
 28.25;43;59
28;43;59
 27.75;43;59
 27.5;43;59
 27.25;43;59
27;43;59
 26.75;43;59
 26.5;43;59
 26.25;43;59
26;43;59
 25.75;43;59
 25.5;43;59
 25.25;43;59
25;43;59
 24.75;43;59
 24.5;43;59
 24.25;43;59
24;43;59
 23.75;43;59
 23.5;43;59
 23.25;43;59
23;43;59
 22.75;  43.25;59
 22.25;  43.25;80
 22.25;43;80
22;  43.5;80
 21.75;43;80
 21.5;43;80
 21.75;  43.25;80
 21.75;  43.25;80
 20.75;43;82
 20.5;43;82
 20.25;43;82
20;43;82
 19.75;43;82
 19.5;43;82
 19.25;43;82
19;43;82
 18.75;43;82
 18.5;43;82
 18.25;43;82
18;43;82
 17.75;43;82
 17.5;43;82
 17.25;43;82
17;43;82
 16.75;43;82
 16.5;43;82
 16.25;43;82
16;43;82
 15.75;43;82
 15.5;43;82
 15.25;43;82
15;  43.25;155
 14.75;43;155
 14.5;43;155
 14.25;43;155
14;43;155
 13.75;43;155
 13.5;43;155
 13.25;43;155
13;43;155
 12.75;43;155
 12.5;43;155
 12.25;43;155
12;43;155
 11.75;43;155
 11.5;43;155
 11.25;43;155
11;43;56
 10.75;43;56
 10.5;43;56
 10.25;43;56
10;43;56
 9.75;43;56
 9.5;43;56
 9.25;43;56
9;43;56
 8.75;43;56
 8.5;  43.25;56
 8.25;  43.25;56
8;  43.25;56
8;  42.75;119
 7.25;  42.5;145
 7.25;  42.5;145
7;  43.75;0
6;43;145
6;43;145
 5.75;43;145
 5.75;43;145
 5.75;43;145
 5.5;43;145
 5.25;43;145
5;43;145
 4.75;43;145
 4.5;43;145
 4.25;43;145
4;43;145
 3.25;  43.5;0
 3.25;  43.5;0
 3.25;  43.5;0
3;  43.5;0
 2.75;  43.5;0
 2.5;  43.5;0
 2.25;  43.5;0
2;  43.5;0
 1.75;  43.5;0
 1.5;  43.5;0
 1.25;  43.5;0
1;  43.5;0
 0.75;  43.5;0
 0.5;  43.5;0
 0.25;  43.5;0
0;  43.5;0
47;  43.75;0
 46.75;  43.75;0
 46.5;  43.75;0
 46.25;  43.75;0
46;  43.75;0
 45.75;  43.75;0
 45.5;  43.75;0
 45.25;  43.75;0
45;  43.75;0
 44.75;  43.25;0
 44.5;  43.25;0
 44.25;  43.25;0
44;  43.25;0
 43.75;  43.25;0
 43.5;  43.25;0
 43.25;  43.25;0
43;  43.25;0
 42.75;  43.25;0
 42.5;  43.25;0
 42.25;  43.25;0
 41.5;  43.25;0
 41.25;  43.25;0
 41.25;  43.25;0
 41.25;  43.25;0
 41.25;  43.25;0
 40.25;  43.5;0
 40.5;  43.75;0
 40.25;  43.75;0
40;  43.25;48
 39.75;  43.25;48
 39.5;  43.25;48
 39.25;  43.25;48
39;  43.25;48
 38.75;  43.25;48
 38.5;  43.25;48
 38.25;  43.25;48
38;  43.25;48
 37.75;  43.25;48
 37.5;  43.25;48
 37.25;  43.25;48
37;  43.25;48
 36.75;  43.25;48
 36.5;  43.25;48
 36.25;  43.25;48
36;  43.25;48
 35.75;  43.25;48
 35.5;  43.25;48
 35.25;  43.25;48
 35.25;  43.25;48
 34.25;  43.75;0
 34.25;  43.75;0
 34.25;  43.75;0
 33.75;  43.25;20
 33.75;  43.25;20
 33.5;  43.25;20
 33.25;  43.25;20
33;  43.25;20
 32.75;  43.25;20
 32.5;  43.25;20
 32.25;  43.25;20
32;  43.25;20
 31.75;  43.25;20
 31.5;  43.25;20
 31.25;  43.25;20
31;  43.25;20
 30.75;  43.25;20
 30.5;  43.25;20
 30.25;  43.25;20
30;  43.25;20
 29.75;  43.25;20
 29.5;  43.25;20
 29.25;  43.25;20
29;  43.25;20
 28.75;  43.25;20
 28.5;  43.25;59
 28.25;  43.25;59
28;  43.25;59
 27.75;  43.25;59
 27.5;  43.25;59
 27.25;  43.25;59
27;  43.25;59
 26.75;  43.25;59
 26.5;  43.25;59
 26.25;  43.25;59
26;  43.25;59
 25.75;  43.25;59
 25.5;  43.25;59
 25.25;  43.25;59
25;  43.25;59
 24.75;  43.25;59
 24.5;  43.25;59
 24.25;  43.25;59
24;  43.25;59
 23.75;  43.25;59
 23.5;  43.25;59
 23.25;  43.25;59
23;  43.25;59
 22.75;  43.25;59
 22.25;  43.25;80
 22.25;  43.25;80
 22.25;  43.5;80
 21.75;  43.25;80
 21.75;  43.25;80
 21.75;  43.25;80
 21.75;  43.25;80
 20.75;  43.5;82
 20.5;  43.25;82
 20.25;  43.25;82
20;  43.25;82
 19.75;  43.25;82
 19.5;  43.25;82
 19.25;  43.25;82
19;  43.25;82
 18.75;  43.25;82
 18.5;  43.25;82
 18.25;  43.25;82
18;  43.25;82
 17.75;  43.25;82
 17.5;  43.25;82
 17.25;  43.25;82
17;  43.25;82
 16.75;  43.25;82
 16.5;  43.25;82
 16.25;  43.25;82
16;  43.25;82
 15.75;  43.25;82
 15.5;  43.25;82
 15.25;  43.25;82
15;  43.25;155
 14.75;  43.25;155
 14.5;  43.25;155
 14.25;  43.25;155
14;  43.25;155
 13.75;  43.25;155
 13.5;  43.25;155
 13.25;  43.25;155
13;  43.25;155
 12.75;  43.25;155
 12.5;  43.25;155
 12.25;  43.25;155
12;  43.25;155
 11.75;  43.25;155
 11.5;  43.25;155
 11.25;  43.25;56
11;  43.25;56
 10.75;  43.25;56
 10.5;  43.25;56
 10.25;  43.25;56
10;  43.25;56
 9.75;  43.25;56
 9.5;  43.25;56
 9.25;  43.25;56
9;  43.25;56
 8.75;  43.25;56
 8.5;  43.25;56
 8.25;  43.25;56
8;  43.25;56
 7.75;  43.75;56
 7.75;  43.75;56
7;  43.75;0
7;  43.75;0
 6.75;  43.75;0
 6.5;  43.75;0
 6.25;  43.75;0
6;  43.75;0
 5.75;44;0
 5.5;44;0
 5.25;  44.25;0
 4.75;  43.25;145
 4.75;  43.25;145
 4.25;  43.25;145
 4.25;  43.25;145
4;  43.25;145
4;  43.25;145
 3.5;  44.25;0
 3.25;44;0
3;  43.75;0
 2.75;  43.75;0
 2.5;  43.75;0
 2.25;  43.75;0
2;  43.75;0
 1.75;  43.75;0
 1.5;  43.75;0
 1.25;  43.75;0
1;  43.75;0
 0.75;  43.75;0
 0.5;  43.75;0
 0.25;  43.75;0
0;  43.75;0
47;44;0
 46.75;44;0
 46.5;44;0
 46.25;44;0
46;44;0
 45.75;44;0
 45.5;44;0
 45.25;44;0
45;44;0
 44.75;44;0
 44.5;  43.5;0
 44.25;  43.5;0
44;  43.5;0
 43.75;  43.5;0
 43.5;  43.5;0
 43.25;  43.5;0
43;  43.5;0
 42.75;  43.5;0
 42.5;  43.5;0
 42.25;  43.5;0
42;  43.5;0
 41.75;  43.5;0
 41.5;  43.5;0
 41.25;  43.5;0
41;  43.5;0
 40.25;  43.5;0
 40.5;  43.75;0
 40.25;  43.75;0
40;44;0
 39.25;  43.5;48
 39.25;  43.5;48
 39.25;  43.5;48
39;  43.5;48
 38.75;  43.5;48
 38.5;  43.5;48
 38.25;  43.5;48
38;  43.5;48
 37.75;  43.5;48
 37.5;  43.5;48
 37.25;  43.5;48
37;  43.5;48
 36.75;  43.5;48
 36.5;  43.5;48
 36.25;  43.5;48
36;  43.5;48
 35.75;  43.5;48
 35.5;  43.5;48
 35.25;  43.5;48
35;44;0
 34.25;  43.75;0
 34.25;  43.75;0
 34.25;  43.75;0
34;44;0
 33.5;  43.5;20
 33.5;  43.5;20
 33.25;  43.5;20
33;  43.5;20
 32.75;  43.5;20
 32.5;  43.5;20
 32.25;  43.5;20
32;  43.5;20
 31.75;  43.5;20
 31.25;  43.5;20
 31.25;  43.5;20
31;  43.5;20
 30.75;  43.5;20
 30.5;  43.5;20
 30.25;  43.5;20
30;  43.75;20
 29.75;  43.75;20
 29.5;  43.5;20
 29.25;  43.5;20
29;  43.5;20
 28.75;  43.5;20
 28.5;  43.5;59
 28.25;  43.5;59
28;  43.5;59
 27.75;  43.5;59
 27.5;  43.5;59
 27.25;  43.5;59
27;  43.5;59
 26.75;  43.5;59
 26.5;  43.5;59
 26.25;  43.5;59
26;  43.5;59
 25.75;  43.5;59
 25.5;  43.5;59
 25.25;  43.5;59
25;  43.5;59
 24.75;  43.5;59
 24.5;  43.5;59
 24.25;  43.5;59
24;  43.5;59
 23.75;  43.5;59
 23.5;  43.5;59
 23.25;  43.5;59
23;  43.5;59
 22.75;  43.5;59
 22.25;  43.5;80
 22.25;  43.5;80
 22.25;  43.5;80
 22.25;  43.5;80
 21.75;  43.25;80
 21.75;  43.25;80
 20.75;  43.5;82
 20.75;  43.5;82
 20.5;  43.5;82
 20.25;  43.5;82
20;  43.5;82
 19.75;  43.5;82
 19.5;  43.5;82
 19.25;  43.5;82
19;  43.5;82
 18.75;  43.5;82
 18.5;  43.5;82
 18.25;  43.5;82
18;  43.5;82
 17.75;  43.5;82
 17.5;  43.5;82
 17.25;  43.5;82
17;  43.5;82
 16.75;  43.5;82
 16.5;  43.5;82
 16.25;  43.5;82
16;  43.5;82
 15.75;  43.5;82
 15.5;  43.5;82
 15.5;  43.5;82
15;  43.5;155
 14.75;  43.5;155
 14.5;  43.5;155
 14.25;  43.5;155
14;  43.5;155
 13.75;  43.5;155
 13.5;  43.5;155
 13.25;  43.5;155
13;  43.5;155
 12.75;  43.5;155
 12.5;  43.5;155
 12.25;  43.5;155
12;  43.5;155
 11.75;  43.5;155
 11.5;  43.75;56
 11.25;  43.5;56
11;  43.5;56
 10.75;  43.5;56
 10.5;  43.5;56
 10.25;  43.5;56
10;  43.5;56
 9.75;  43.5;56
 9.5;  43.5;56
 9.25;  43.75;56
9;  43.5;56
 8.75;  43.5;56
 8.5;  43.5;56
 8.25;  43.5;56
8;  43.5;56
8;  43.75;56
7;  43.75;0
7;  43.75;0
7;  43.75;0
 6.75;  43.75;0
 6.5;  43.75;0
 6.25;  43.75;0
6;  43.75;0
 5.75;44;0
 5.5;44;0
 5.25;  44.25;0
5;  44.5;0
 4.5;  44.25;0
 4.5;  44.25;0
 4.5;  44.25;0
 4.5;  44.25;0
 3.75;44;0
 3.5;  44.25;0
 3.25;44;0
3;44;0
 2.75;44;0
 2.5;44;0
 2.25;44;0
2;44;0
 1.75;44;0
 1.5;44;0
 1.25;44;0
1;44;0
 0.75;44;0
 0.5;44;0
 0.25;44;0
0;44;0
47;  44.25;0
 46.75;  44.25;0
 46.5;  44.25;0
 46.25;  44.25;0
46;  44.25;0
 45.75;  44.25;0
 45.5;  44.25;0
 45.25;  44.25;0
45;  44.25;0
 44.75;  44.25;0
 44.5;  43.75;0
 44.25;  43.75;0
44;  43.75;0
 43.75;  43.75;0
 43.5;  43.75;0
 43.25;  43.75;0
43;  43.75;0
 42.75;  43.75;0
 42.5;  43.75;0
 42.25;  43.75;0
42;  43.75;0
 41.75;  43.75;0
 41.5;  43.75;0
 41.25;  43.75;0
41;  43.75;0
 40.75;  43.75;0
 40.5;  43.75;0
 40.25;  43.75;0
40;44;0
 39.75;  44.25;0
 39.5;  44.25;0
 39.25;  44.25;0
39;  44.25;0
 38.75;  44.25;0
 38.5;  44.25;0
 38.25;  44.25;0
38;  44.25;0
 37.75;  44.25;0
 37.75;  44.25;0
 37.25;  44.25;0
37;  44.25;0
 36.75;  44.25;0
 36.5;  44.5;0
 36.25;  44.25;0
36;  44.25;0
 35.75;  44.25;0
 35.5;  44.25;0
 35.25;  44.25;0
35;44;0
 34.25;  43.75;0
 34.25;  43.75;0
 34.25;  43.75;0
34;44;0
 33.75;  44.25;0
 33.5;  44.25;0
 33.25;  44.25;0
33;  44.25;0
 32.25;  43.75;20
 32.5;  44.25;0
 32.25;  44.25;0
32;  44.25;0
 31.75;  43.75;20
 31.5;  44.25;0
 31.25;  44.25;0
31;  44.25;0
 30.75;  44.25;0
 30.5;  43.75;20
 30.25;  43.75;20
30;  43.75;20
 29.75;  43.75;20
 29.5;  43.75;20
 29.25;  44.25;0
29;  43.75;20
 28.75;  43.75;20
 28.5;  43.75;59
 28.25;  43.75;59
28;  43.75;59
 27.75;  43.75;59
 27.5;  43.75;59
 27.25;  43.75;59
27;  43.75;59
 26.75;  43.75;59
 26.5;  43.75;59
 26.25;  44.25;0
26;  43.75;59
 25.75;  43.75;59
 25.5;  43.75;59
 25.25;  43.75;59
25;  43.75;59
 24.75;  43.75;59
 24.5;  43.75;59
 24.25;  43.75;59
24;  43.75;59
 23.75;  43.75;59
 23.5;  43.75;59
 23.25;  43.75;59
23;  43.75;59
 22.75;  43.75;59
 22.5;  44.25;0
 22.25;  44.25;0
22;  44.25;0
 21.75;  44.25;0
 21.5;  44.25;0
 21.25;  44.25;0
 20.75;  43.75;82
 20.75;  43.75;82
 20.5;  43.75;82
 20.25;  43.75;82
20;  43.75;82
 19.75;  43.75;82
 19.5;  43.75;82
 19.25;  43.75;82
19;  43.75;82
 18.75;  43.75;82
 18.5;  43.75;82
 18.25;  43.75;82
18;  43.75;82
 17.75;  43.75;82
 17.25;  43.75;82
 17.25;  43.75;82
17;  43.75;82
 16.75;  43.75;82
 16.5;  43.75;82
 16.25;  43.75;82
16;  43.75;82
 15.75;  43.75;82
 15.75;44;82
 15.25;  43.75;155
15;  43.75;155
 14.75;  43.75;155
 14.5;  43.75;155
 14.25;  43.75;155
14;  43.75;155
 13.75;  43.75;155
 13.5;  43.75;155
 13.25;  43.75;155
13;  43.75;155
 12.75;  43.75;155
 12.5;  43.75;155
 12.25;  43.75;155
12;  43.75;155
12;  43.75;155
 11.5;  43.75;56
 11.25;  43.75;56
11;  43.75;56
 10.75;  43.75;56
 10.5;  43.75;56
 10.25;  43.75;56
10;  43.75;56
 9.75;  43.75;56
 9.5;  43.75;56
 9.25;  43.75;56
9;  43.75;56
 8.75;  43.75;56
 8.5;  43.75;56
 8.25;  43.75;56
8;  43.75;56
8;  43.75;56
 7.25;44;0
 7.25;44;0
7;  43.75;0
 6.75;  43.75;0
 6.5;  43.75;0
 6.25;  43.75;0
6;  43.75;0
 5.75;44;0
 5.5;44;0
 5.25;  44.25;0
5;  44.5;0
 4.5;  44.25;0
 4.5;  44.25;0
 4.5;  44.25;0
 4.5;  44.25;0
 3.75;44;0
 3.5;  44.25;0
 3.25;  44.25;0
3;  44.25;0
 2.75;  44.25;0
 2.5;  44.25;0
 2.25;  44.25;0
2;  44.25;0
 1.75;  44.25;0
 1.5;  44.25;0
 1.25;  44.25;0
1;  44.25;0
 0.75;  44.25;0
 0.5;  44.25;0
 0.25;  44.25;0
0;  44.25;0
47;  44.5;0
 46.75;  44.5;0
 46.5;  44.5;0
 46.25;  44.5;0
46;  44.5;0
 45.75;  44.5;0
 45.5;  44.5;0
 45.25;  44.5;0
45;  44.5;0
 44.75;  44.5;0
 44.5;  44.5;0
 44.25;44;0
44;44;0
 43.75;44;0
 43.5;44;0
 43.25;44;0
43;44;0
 42.75;44;0
 42.5;44;0
 42.25;44;0
42;44;0
 41.75;44;0
 41.5;44;0
 41.25;44;0
41;44;0
 40.75;44;0
 40.5;44;0
 40.25;44;0
40;44;0
 39.75;  44.25;0
 39.5;  44.25;0
 39.25;  44.25;0
39;  44.25;0
 38.75;  44.25;0
 38.5;  44.25;0
 38.25;  44.25;0
38;  44.25;0
 37.75;  44.25;0
 37.75;  44.25;0
 37.25;  44.25;0
37;  44.25;0
 36.75;  44.25;0
 36.5;  44.5;0
 36.25;  44.25;0
36;  44.25;0
 35.75;  44.25;0
 35.5;  44.25;0
 35.25;  44.25;0
35;44;0
 34.75;44;0
 34.5;44;0
 34.25;44;0
34;44;0
 33.75;  44.25;0
 33.5;  44.25;0
 33.25;  44.25;0
33;  44.25;0
 32.75;  44.5;0
 32.5;  44.25;0
 32.25;  44.25;0
32;  44.25;0
 31.75;  44.5;0
 31.5;  44.25;0
 31.25;  44.25;0
31;  44.25;0
 30.75;  44.25;0
 30.5;  44.5;0
 30.25;  44.5;0
30;  44.5;0
 29.75;  44.5;0
 29.5;  44.5;0
 29.25;  44.25;0
29;  44.5;0
 28.75;  44.75;0
 28.75;  44.75;0
 28.25;  44.5;0
28;  44.5;0
 27.75;  44.5;0
 27.5;  44.5;0
 27.25;  44.5;0
27;  44.5;0
 26.75;  44.5;0
 26.5;  44.5;0
 26.25;  44.25;0
26;  44.5;0
 25.75;  44.5;0
 25.5;  44.5;0
 25.25;  44.5;0
25;  44.5;0
 24.75;  44.5;0
 24.5;  44.5;0
 24.25;  44.5;0
24;  44.5;0
 23.75;  44.5;0
 23.5;  44.5;0
 23.25;  44.5;0
23;  44.75;0
 22.75;  44.5;0
 22.5;  44.25;0
 22.25;  44.25;0
22;  44.25;0
 21.75;  44.25;0
 21.5;  44.25;0
 21.25;  44.25;0
21;  44.5;0
 20.5;44;82
 20.5;44;82
 20.25;  44.5;0
20;  44.5;0
 19.75;  44.5;0
 19.5;  44.5;0
 19.25;  44.5;0
19;44;82
 18.75;  44.5;0
 18.25;44;82
 18.25;44;82
 17.75;44;82
 17.75;44;82
 17.5;  44.5;0
 17.25;  44.5;0
17;44;82
 16.75;44;82
 16.25;44;82
 16.25;44;82
16;44;82
 15.75;44;82
 15.75;44;82
 15.25;  44.5;0
15;44;155
 14.75;44;155
 14.5;44;155
 14.25;44;155
14;44;155
 13.75;44;155
 13.5;44;155
 13.25;44;155
13;44;155
 12.75;44;155
 12.5;44;155
 12.25;44;155
12;44;155
 11.25;  44.5;0
 11.5;44;56
 11.25;44;56
11;44;56
 10.75;44;56
 10.5;  44.25;56
 10.25;44;56
10;44;56
 9.75;44;56
 9.5;44;56
 9.25;44;56
9;44;56
 8.75;44;56
 8.5;44;56
 8.25;44;56
8;44;56
 7.25;44;0
 7.25;44;0
 7.25;44;0
7;44;0
 6.75;44;0
 6.5;  44.25;0
 6.25;44;0
6;44;0
 5.75;44;0
 5.5;44;0
 5.25;  44.25;0
5;  44.5;0
 4.5;  44.25;0
 4.5;  44.25;0
 4.5;  44.25;0
 4.5;  44.25;0
 3.75;44;0
 3.5;  44.5;0
 3.25;  44.5;0
3;  44.5;0
 2.75;  44.5;0
 2.5;  44.5;0
 2.25;  44.5;0
2;  44.5;0
 1.75;  44.5;0
 1.5;  44.5;0
 1.25;  44.5;0
1;  44.5;0
 0.75;  44.5;0
 0.5;  44.5;0
 0.25;  44.5;0
0;  44.5;0
47;  44.75;0
 46.75;  44.75;0
 46.5;  44.75;0
 46.25;  44.75;0
46;  44.75;0
 45.75;  44.75;0
 45.5;  44.75;0
 45.25;  44.75;0
45;  44.75;0
 44.75;  44.75;0
 44.5;  44.5;0
 44.5;  44.5;0
44;  44.25;0
 43.75;  44.25;0
 43.5;  44.25;0
 43.25;  44.25;0
43;  44.25;0
 42.75;  44.25;0
 42.5;  44.25;0
 42.25;  44.25;0
42;  44.25;0
 41.75;  44.25;0
 41.5;  44.25;0
 41.25;  44.25;0
41;  44.25;0
 40.75;  44.25;0
 40.5;  44.25;0
 40.25;  44.25;0
40;  44.25;0
 39.75;  44.25;0
 39.5;  44.25;0
 39.25;  44.25;0
39;  44.25;0
 38.75;  44.25;0
 38.5;  44.25;0
 38.25;  44.25;0
38;  44.25;0
 37.75;  44.25;0
 37.75;  44.25;0
 37.25;  44.25;0
37;  44.25;0
 36.75;  44.25;0
 36.5;  44.5;0
 36.25;  44.25;0
36;  44.25;0
 35.75;  44.25;0
 35.5;  44.25;0
 35.25;  44.25;0
35;  44.25;0
 34.75;  44.25;0
 34.5;  44.25;0
 34.25;  44.25;0
34;  44.25;0
 33.75;  44.25;0
 33.5;  44.25;0
 33.25;  44.25;0
33;  44.25;0
 32.75;  44.5;0
 32.5;  44.25;0
 32.25;  44.25;0
32;  44.25;0
 31.75;  44.5;0
 31.5;  44.25;0
 31.25;  44.25;0
31;  44.25;0
 30.75;  44.25;0
 30.5;  44.5;0
 30.25;  44.5;0
30;  44.5;0
 29.75;  44.5;0
 29.5;  44.5;0
 29.25;  44.25;0
29;  44.5;0
 28.75;  44.75;0
 28.75;  44.75;0
 28.25;  44.5;0
28;  44.5;0
 27.75;  44.5;0
 27.5;  44.5;0
 27.25;  44.5;0
27;  44.5;0
 26.75;  44.5;0
 26.5;  44.5;0
 26.25;  44.25;0
26;  44.5;0
 25.75;  44.5;0
 25.5;  44.5;0
 25.25;  44.5;0
25;  44.5;0
 24.75;  44.5;0
 24.5;  44.5;0
 24.25;  44.5;0
24;  44.5;0
 23.75;  44.5;0
 23.5;  44.5;0
 23.25;  44.5;0
23;  44.75;0
 22.75;  44.5;0
 22.5;  44.25;0
 22.25;  44.25;0
22;  44.25;0
 21.75;  44.25;0
 21.5;  44.25;0
 21.25;  44.25;0
21;  44.5;0
 20.75;  44.75;0
 20.5;  44.75;0
 20.25;  44.5;0
20;  44.5;0
 19.75;  44.5;0
 19.5;  44.5;0
 19.25;  44.5;0
19;  44.75;0
 18.75;  44.5;0
 18.5;  44.75;0
 18.25;  44.75;0
18;  44.75;0
 17.75;  44.75;0
 17.5;  44.5;0
 17.25;  44.5;0
17;  44.75;0
 16.75;  44.75;0
 16.5;  44.75;0
 16.25;  44.75;0
16;  44.75;0
 15.75;  44.75;0
 15.5;  44.75;0
 15.25;  44.5;0
15;  44.75;0
 14.75;  44.75;0
 14.5;  44.75;0
 14.25;  44.75;0
14;  44.75;0
 13.75;  44.75;0
 13.5;  44.75;0
 13.25;  44.75;0
13;  44.75;0
 12.75;  44.75;0
 12.5;  44.75;0
 12.25;  44.75;0
12;  44.75;0
 11.25;  44.5;0
 11.5;  44.75;0
 11.25;  44.75;0
11;  44.75;0
 10.75;  44.75;0
 10.5;  44.25;56
 10.25;  44.25;56
10;  44.25;56
 9.5;  44.25;56
 9.5;  44.25;56
 8.75;  44.25;56
 8.75;  44.25;56
 8.75;  44.25;56
 8.5;  44.25;56
 8.25;  44.25;56
 8.25;  44.25;56
 7.75;  44.75;0
 7.5;  44.5;0
7;  44.5;0
 6.75;  44.5;0
 6.5;  44.5;0
 6.5;  44.25;0
 6.25;  44.25;0
6;  44.25;0
 5.75;  44.5;0
 5.25;  44.25;0
 5.25;  44.25;0
5;  44.5;0
 4.5;  44.25;0
 4.5;  44.25;0
 4.5;  44.25;0
 4.5;  44.25;0
 3.75;  44.25;0
 3.5;  44.75;0
 3.25;  44.75;0
3;  44.75;0
 2.75;  44.75;0
 2.5;  44.75;0
 2.25;  44.75;0
2;  44.75;0
 1.75;  44.75;0
 1.5;  44.75;0
 1.25;  44.75;0
1;  44.75;0
 0.75;  44.75;0
 0.5;  44.75;0
 0.25;  44.75;0
0;  44.75;0
47;45;0
 46.75;45;0
 46.5;45;0
 46.25;45;0
46;45;0
 45.75;45;0
 45.5;45;0
 45.25;45;0
45;45;0
 44.75;45;0
 44.5;45;0
 44.5;45;0
44;  44.75;0
 43.75;  44.5;0
 43.5;  44.5;0
 43.25;  44.5;0
43;  44.5;0
 42.75;  44.5;0
 42.5;  44.5;0
 42.25;  44.5;0
42;  44.5;0
 41.75;  44.5;0
 41.5;  44.5;0
 41.25;  44.5;0
41;  44.5;0
 40.75;  44.5;0
 40.5;  44.5;0
 40.25;  44.5;0
40;  44.5;0
 39.75;  44.5;0
 39.5;  44.5;0
 39.25;  44.5;0
39;  44.5;0
 38.75;  44.5;0
 38.5;  44.5;0
 38.25;  44.5;0
38;  44.5;0
 37.75;  44.5;0
 37.5;  44.5;0
 37.25;  44.5;0
37;  44.5;0
 36.75;  44.5;0
 36.5;  44.5;0
 36.25;  44.5;0
36;  44.5;0
 35.75;  44.5;0
 35.5;  44.5;0
 35.25;  44.5;0
35;  44.5;0
 34.75;  44.5;0
 34.5;  44.5;0
 34.25;  44.5;0
34;  44.5;0
 33.75;  44.5;0
 33.5;  44.5;0
 33.25;  44.5;0
33;  44.5;0
 32.75;  44.5;0
 32.5;  44.5;0
 32.25;  44.5;0
32;  44.5;0
 31.75;  44.5;0
 31.5;  44.5;0
 31.25;  44.5;0
31;  44.5;0
 30.75;  44.5;0
 30.5;  44.5;0
 30.25;  44.5;0
30;  44.5;0
 29.75;  44.5;0
 29.5;  44.5;0
 29.25;  44.5;0
29;  44.5;0
 28.75;  44.75;0
 28.75;  44.75;0
 28.25;  44.5;0
28;  44.5;0
 27.75;  44.5;0
 27.5;  44.5;0
 27.25;  44.5;0
27;  44.5;0
 26.75;  44.5;0
 26.5;  44.5;0
 26.25;  44.5;0
26;  44.5;0
 25.75;  44.5;0
 25.5;  44.5;0
 25.25;  44.5;0
25;  44.5;0
 24.75;  44.5;0
 24.5;  44.5;0
 24.25;  44.5;0
24;  44.5;0
 23.75;  44.5;0
 23.5;  44.5;0
 23.25;  44.5;0
23;  44.75;0
 22.75;  44.5;0
 22.5;  44.5;0
 22.25;  44.5;0
22;  44.5;0
 21.75;  44.5;0
 21.5;  44.5;0
 21.25;  44.5;0
21;  44.5;0
 20.75;  44.75;0
 20.5;  44.75;0
 20.25;  44.5;0
20;  44.5;0
 19.75;  44.5;0
 19.5;  44.5;0
 19.25;  44.5;0
19;  44.75;0
 18.75;  44.5;0
 18.5;  44.75;0
 18.25;  44.75;0
18;  44.75;0
 17.75;  44.75;0
 17.5;  44.5;0
 17.25;  44.5;0
17;  44.75;0
 16.75;  44.75;0
 16.5;  44.75;0
 16.25;  44.75;0
16;  44.75;0
 15.75;  44.75;0
 15.5;  44.75;0
 15.25;  44.5;0
15;  44.75;0
 14.75;  44.75;0
 14.5;  44.75;0
 14.25;  44.75;0
14;  44.75;0
 13.75;  44.75;0
 13.5;  44.75;0
 13.25;  44.75;0
13;  44.75;0
 12.75;  44.75;0
 12.5;  44.75;0
 12.25;  44.75;0
12;  44.75;0
 11.25;  44.5;0
 11.5;  44.75;0
 11.25;  44.75;0
11;  44.75;0
 10.75;  44.75;0
 10.5;45;0
 10.25;45;0
10;45;0
 9.75;45;0
 9.5;45;0
 9.25;45;0
9;45;0
 8.75;45;0
 8.5;45;0
 8.25;45;0
8;45;0
 7.75;  44.75;0
 7.5;  44.5;0
 6.75;  44.5;0
 6.5;  44.5;0
 6.25;  44.5;0
6;  44.5;0
 5.75;  44.5;0
 5.75;  44.5;0
 5.75;  44.5;0
 5.25;  44.75;0
 5.25;  44.75;0
5;  44.5;0
 4.75;  44.5;0
 4.5;  44.5;0
 4.25;  44.5;0
4;  44.5;0
 3.5;  44.75;0
 3.5;45;0
 3.25;45;0
3;45;0
 2.75;45;0
 2.5;45;0
 2.25;45;0
2;45;0
 1.75;45;0
 1.5;45;0
 1.25;45;0
1;45;0
 0.75;45;0
 0.5;45;0
 0.25;45;0
0;45;0
47;  45.25;0
 46.75;  45.25;0
 46.5;  45.25;0
 46.25;  45.25;0
46;  45.25;0
 45.75;  45.25;0
 45.5;  45.25;0
 45.25;  45.25;0
45;  45.25;0
 44.75;  45.25;0
 44.5;  45.25;0
44;  44.75;0
 43.75;45;0
 43.75;45;0
 43.5;  44.75;0
 43.25;  44.75;0
43;  44.75;0
 42.75;  44.75;0
 42.5;  44.75;0
 42.25;  44.75;0
42;  44.75;0
 41.75;  44.75;0
 41.5;  44.75;0
 41.25;  44.75;0
41;  44.75;0
 40.75;  44.75;0
 40.5;  44.75;0
 40.25;  44.75;0
40;  44.75;0
 39.75;  44.75;0
 39.5;  44.75;0
 39.25;  44.75;0
39;  44.75;0
 38.75;  44.75;0
 38.5;  44.75;0
 38.25;  44.75;0
38;  44.75;0
 37.75;  44.75;0
 37.5;  44.75;0
 37.25;  44.75;0
37;  44.75;0
 36.75;  44.75;0
 36.5;  44.75;0
 36.25;  44.75;0
36;45;0
 35.75;  44.75;0
 35.5;  44.75;0
 35.25;  44.75;0
35;  44.75;0
 34.75;  44.75;0
 34.5;  44.75;0
 34.25;  44.75;0
34;  44.75;0
 33.75;  44.75;0
 33.5;  44.75;0
 33.25;  44.75;0
33;  44.75;0
 32.75;  44.75;0
 32.5;  44.75;0
 32.25;  44.75;0
32;  44.75;0
 31.75;  44.75;0
 31.5;  44.75;0
 31.25;  44.75;0
31;  44.75;0
 30.75;  44.75;0
 30.5;  44.75;0
 30.25;  44.75;0
30;  44.75;0
 29.75;  44.75;0
 29.5;  44.75;0
 29.25;  44.75;0
29;  44.75;0
 28.75;  44.75;0
 28.75;  44.75;0
 28.25;  44.75;0
28;  44.75;0
 27.75;  44.75;0
 27.5;  44.75;0
 27.25;  44.75;0
27;  44.75;0
 26.75;  44.75;0
 26.5;  44.75;0
 26.25;  44.75;0
26;  44.75;0
 25.75;  44.75;0
 25.5;  44.75;0
 25.25;  44.75;0
25;  44.75;0
 24.75;  44.75;0
 24.5;  44.75;0
 24.25;  44.75;0
24;  44.75;0
 23.75;  44.75;0
 23.5;  44.75;0
 23.25;  44.75;0
23;  44.75;0
 22.75;  44.75;0
 22.5;  44.75;0
 22.25;  44.75;0
22;  44.75;0
 21.75;  44.75;0
 21.5;  44.75;0
 21.25;  44.75;0
21;  44.75;0
 20.75;  44.75;0
 20.5;  44.75;0
 20.25;  44.75;0
20;  44.75;0
 19.75;  44.75;0
 19.5;  44.75;0
 19.25;  44.75;0
19;  44.75;0
 18.75;  44.75;0
 18.5;  44.75;0
 18.25;  44.75;0
18;  44.75;0
 17.75;  44.75;0
 17.5;  44.75;0
 17.25;  44.75;0
17;  44.75;0
 16.75;  44.75;0
 16.5;  44.75;0
 16.25;  44.75;0
16;  44.75;0
 15.75;  44.75;0
 15.5;  44.75;0
 15.25;  44.75;0
15;  44.75;0
 14.75;  44.75;0
 14.5;  44.75;0
 14.25;  44.75;0
14;  44.75;0
 13.75;  44.75;0
 13.5;  44.75;0
 13.25;  44.75;0
13;  44.75;0
 12.75;  44.75;0
 12.5;  44.75;0
 12.25;  44.75;0
12;  44.75;0
 11.75;  44.75;0
 11.5;  44.75;0
 11.25;  44.75;0
11;  44.75;0
 10.75;  44.75;0
 10.5;45;0
 10.25;45;0
10;45;0
 9.75;45;0
 9.5;45;0
 9.25;45;0
9;45;0
 8.75;45;0
 8.5;45;0
 8.25;45;0
8;45;0
 7.75;  44.75;0
 7.5;  44.75;0
 7.25;  44.75;0
7;  44.75;0
 6.75;  44.75;0
 6.5;  44.75;0
 6.25;  44.75;0
6;  44.75;0
 5.75;  44.75;0
 5.25;  44.75;0
 5.25;  44.75;0
 5.25;  44.75;0
 4.75;  44.75;0
 4.5;  44.75;0
 4.25;  44.75;0
4;  45.25;0
 3.75;  45.25;0
 3.5;  45.25;0
 3.25;  45.25;0
3;  45.25;0
 2.75;  45.25;0
 2.5;  45.25;0
 2.25;  45.25;0
2;  45.25;0
 1.75;  45.25;0
 1.5;  45.25;0
 1.25;  45.25;0
1;  45.25;0
 0.75;  45.25;0
 0.5;  45.25;0
 0.25;  45.25;0
0;  45.25;0
47;  45.5;0
 46.75;  45.5;0
 46.5;  45.5;0
 46.25;  45.5;0
46;  45.5;0
 45.75;  45.5;0
 45.5;  45.5;0
 45.25;  45.5;0
45;  45.5;0
 44.75;  45.5;0
 44.5;  45.5;0
 43.75;45;0
 43.75;45;0
 43.75;45;0
 43.5;45;0
 43.25;45;0
43;45;0
 42.75;  45.25;0
 42.75;  45.25;0
 42.25;45;0
42;45;0
 41.75;45;0
 41.5;45;0
 41.25;45;0
41;45;0
 40.75;45;0
 40.5;45;0
 40.25;45;0
40;45;0
 39.75;45;0
 39.5;45;0
 39.25;45;0
39;45;0
 38.75;45;0
 38.5;45;0
 38.25;45;0
38;45;0
 37.75;45;0
 37.5;45;0
 37.25;45;0
37;45;0
 36.75;45;0
 36.5;45;0
 36.25;45;0
36;45;0
 35.75;45;0
 35.5;45;0
 35.25;45;0
35;45;0
 34.75;45;0
 34.5;45;0
 34.25;45;0
34;45;0
 33.75;45;0
 33.5;45;0
 33.25;45;0
33;45;0
 32.75;45;0
 32.5;45;0
 32.25;45;0
32;45;0
 31.75;45;0
 31.5;45;0
 31.25;45;0
31;45;0
 30.75;45;0
 30.5;45;0
 30.25;45;0
30;45;0
 29.75;45;0
 29.5;45;0
 29.25;45;0
29;45;0
 28.75;45;0
 28.5;45;0
 28.25;45;0
28;45;0
 27.75;45;0
 27.5;45;0
 27.25;45;0
27;45;0
 26.75;45;0
 26.5;45;0
 26.25;45;0
26;45;0
 25.75;45;0
 25.5;45;0
 25.25;45;0
25;45;0
 24.75;45;0
 24.5;45;0
 24.25;45;0
24;45;0
 23.75;45;0
 23.5;45;0
 23.25;45;0
23;45;0
 22.75;45;0
 22.5;45;0
 22.25;45;0
22;45;0
 21.75;45;0
 21.5;45;0
 21.25;45;0
21;45;0
 20.75;45;0
 20.5;45;0
 20.25;45;0
20;45;0
 19.75;45;0
 19.5;45;0
 19.25;45;0
19;45;0
 18.75;45;0
 18.5;45;0
 18.25;45;0
18;45;0
 17.75;45;0
 17.5;45;0
 17.25;45;0
17;45;0
 16.75;45;0
 16.5;45;0
 16.25;45;0
16;45;0
 15.75;45;0
 15.5;45;0
 15.25;45;0
15;45;0
 14.75;  45.25;0
 14.5;45;0
 14.25;45;0
14;45;0
 13.75;45;0
 13.5;45;0
 13.25;45;0
13;45;0
 12.75;45;0
 12.5;45;0
 12.25;45;0
12;45;0
 11.75;45;0
 11.5;45;0
 11.25;45;0
11;45;0
 10.75;45;0
 10.5;45;0
 10.25;45;0
10;45;0
 9.75;45;0
 9.5;45;0
 9.25;45;0
9;45;0
 8.75;45;0
 8.5;45;0
 8.25;45;0
8;45;0
 7.75;45;0
 7.5;45;0
 7.25;45;0
7;45;0
 6.75;45;0
 6.5;45;0
 6.25;45;0
6;45;0
 5.75;45;0
 5.5;45;0
 5.25;45;0
5;45;0
 4.75;45;0
 4.5;45;0
 4.25;45;0
4;  45.5;0
 3.75;  45.5;0
 3.5;  45.5;0
 3.25;  45.5;0
3;  45.5;0
 2.75;  45.5;0
 2.5;  45.5;0
 2.25;  45.5;0
2;  45.5;0
 1.75;  45.5;0
 1.5;  45.5;0
 1.25;  45.5;0
1;  45.5;0
 0.75;  45.5;0
 0.5;  45.5;0
 0.25;  45.5;0
0;  45.5;0
47;  45.75;0
 46.75;  45.75;0
 46.5;  45.75;0
 46.25;  45.75;0
46;  45.75;0
 45.75;  45.75;0
 45.5;  45.75;0
 45.25;  45.75;0
45;  45.75;0
 44.75;  45.75;0
 44.5;  45.75;0
 44.25;  45.25;0
44;  45.25;0
 43.75;  45.25;0
 43.5;  45.25;0
 43.25;  45.25;0
43;  45.25;0
 42.75;  45.25;0
 42.75;  45.25;0
 42.25;  45.25;0
42;  45.25;0
 41.75;  45.25;0
 41.5;  45.25;0
 41.25;  45.5;0
 41.25;  45.5;0
 40.75;  45.25;0
 40.5;  45.25;0
 40.25;  45.25;0
40;  45.25;0
 39.75;  45.25;0
 39.5;  45.25;0
 39.25;  45.25;0
39;  45.25;0
 38.75;  45.25;0
 38.5;  45.25;0
 38.25;  45.25;0
38;  45.25;0
 37.75;  45.25;0
 37.5;  45.25;0
 37.25;  45.25;0
37;  45.25;0
 36.75;  45.25;0
 36.5;  45.25;0
 36.25;  45.25;0
36;  45.25;0
 35.5;  45.5;0
 35.5;  45.5;0
 35.25;  45.25;0
35;  45.25;0
 34.75;  45.25;0
 34.5;  45.25;0
 34.25;  45.25;0
34;  45.25;0
 33.75;  45.25;0
 33.5;  45.25;0
 33.25;  45.25;0
33;  45.25;0
 32.75;  45.25;0
 32.5;  45.25;0
 32.25;  45.25;0
32;  45.25;0
 31.75;  45.25;0
 31.25;  45.25;0
 31.25;  45.25;0
31;  45.25;0
 30.75;  45.25;0
 30.5;  45.25;0
 30.25;  45.25;0
30;  45.25;0
 29.75;  45.25;0
 29.5;  45.25;0
 29.25;  45.25;0
29;  45.25;0
 28.75;  45.25;0
 28.5;  45.25;0
 28.25;  45.25;0
28;  45.25;0
 27.75;  45.25;0
 27.5;  45.25;0
 27.25;  45.25;0
27;  45.25;0
 26.75;  45.25;0
 26.5;  45.25;0
 26.25;  45.25;0
26;  45.25;0
 25.75;  45.25;0
 25.5;  45.25;0
 25.25;  45.25;0
25;  45.25;0
 24.75;  45.25;0
 24.5;  45.25;0
 24.25;  45.25;0
24;  45.25;0
 23.75;  45.25;0
 23.5;  45.25;0
 23.25;  45.25;0
23;  45.25;0
 22.75;  45.25;0
 22.5;  45.25;0
 22.25;  45.25;0
22;  45.25;0
 21.75;  45.25;0
 21.5;  45.25;0
 21.25;  45.25;0
21;  45.25;0
 20.75;  45.25;0
 20.5;  45.25;0
 20.25;  45.25;0
20;  45.25;0
 19.75;  45.25;0
 19.5;  45.25;0
 19.25;  45.25;0
19;  45.25;0
 18.75;  45.25;0
 18.5;  45.25;0
 18.25;  45.25;0
18;  45.25;0
 17.75;  45.25;0
 17.5;  45.25;0
 17.25;  45.25;0
17;  45.25;0
 16.75;  45.25;0
 16.5;  45.25;0
 16.25;  45.25;0
16;  45.25;0
 15.75;  45.25;0
 15.5;  45.25;0
 15.25;  45.25;0
15;  45.25;0
 14.75;  45.25;0
 14.5;  45.25;0
 14.25;  45.25;0
14;  45.25;0
 13.75;  45.25;0
 13.5;  45.25;0
 13.25;  45.25;0
13;  45.25;0
 12.75;  45.25;0
 12.5;  45.25;0
 12.25;  45.25;0
12;  45.25;0
 11.75;  45.25;0
 11.5;  45.25;0
 11.25;  45.25;0
11;  45.25;0
 10.75;  45.25;0
 10.5;  45.25;0
 10.25;  45.25;0
10;  45.25;0
 9.75;  45.25;0
 9.5;  45.25;0
 9.25;  45.25;0
9;  45.25;0
 8.75;  45.25;0
 8.5;  45.25;0
 8.25;  45.25;0
8;  45.25;0
 7.75;  45.25;0
 7.5;  45.25;0
 7.25;  45.25;0
7;  45.25;0
 6.75;  45.25;0
 6.5;  45.25;0
 6.25;  45.25;0
6;  45.25;0
 5.75;  45.25;0
 5.5;  45.25;0
 5.25;  45.25;0
5;  45.25;0
 4.75;  45.25;0
 4.5;  45.25;0
 4.25;  45.25;0
4;  45.75;0
 3.75;  45.75;0
 3.5;  45.75;0
 3.25;  45.75;0
3;  45.75;0
 2.75;  45.75;0
 2.5;  45.75;0
 2.25;  45.75;0
2;  45.75;0
 1.75;  45.75;0
 1.5;  45.75;0
 1.25;  45.75;0
1;  45.75;0
 0.75;  45.75;0
 0.5;  45.75;0
 0.25;  45.75;0
0;  45.75;0
47;46;0
 46.75;46;0
 46.5;46;0
 46.25;46;0
46;46;0
 45.75;46;0
 45.5;46;0
 45.25;46;0
45;46;0
 44.75;46;0
 44.5;46;0
 44.25;46;0
44;  45.5;0
 43.75;  45.5;0
 43.5;  45.5;0
 43.25;  45.5;0
43;  45.5;0
 42.75;  45.5;0
 42.5;  45.5;0
 42.25;  45.5;0
42;  45.5;0
 41.75;  45.5;0
 41.5;  45.5;0
 41.25;  45.5;0
 41.25;  45.5;0
 40.75;  45.5;0
 40.5;  45.5;0
 40.25;  45.5;0
40;  45.5;0
 39.75;  45.5;0
 39.5;  45.5;0
 39.25;  45.5;0
39;  45.5;0
 38.75;  45.5;0
 38.5;  45.5;0
 38.25;  45.5;0
38;  45.5;0
 37.75;  45.5;0
 37.5;  45.5;0
 37.25;  45.5;0
37;  45.5;0
 36.75;  45.5;0
 36.5;  45.5;0
 36.25;  45.5;0
36;  45.5;0
 35.5;  45.5;0
 35.5;  45.5;0
 35.25;  45.5;0
35;  45.5;0
 34.75;  45.5;0
 34.5;  45.5;0
 34.25;  45.5;0
34;  45.5;0
 33.75;  45.5;0
 33.5;  45.5;0
 33.25;  45.5;0
33;  45.5;0
 32.75;  45.5;0
 32.5;  45.5;0
 32.25;  45.5;0
32;  45.5;0
 31.75;  45.5;0
 31.5;  45.5;0
 31.25;  45.5;0
31;  45.5;0
 30.75;  45.5;0
 30.5;  45.5;0
 30.25;  45.5;0
30;  45.5;0
 29.75;  45.5;0
 29.5;  45.5;0
 29.25;  45.5;0
29;  45.5;0
 28.75;  45.5;0
 28.5;  45.5;0
 28.25;  45.5;0
28;  45.5;0
 27.75;  45.5;0
 27.5;  45.5;0
 27.25;  45.5;0
27;  45.5;0
 26.75;  45.5;0
 26.5;  45.5;0
 26.25;  45.5;0
26;  45.5;0
 25.75;  45.5;0
 25.5;  45.5;0
 25.25;  45.5;0
25;  45.5;0
 24.75;  45.5;0
 24.5;  45.5;0
 24.25;  45.5;0
24;  45.5;0
 23.75;  45.5;0
 23.25;  45.5;0
 23.25;  45.5;0
23;  45.5;0
 22.75;  45.5;0
 22.5;  45.5;0
 22.25;  45.5;0
22;  45.5;0
 21.75;  45.5;0
 21.5;  45.5;0
 21.25;  45.5;0
21;  45.5;0
 20.75;  45.5;0
 20.5;  45.5;0
 20.25;  45.5;0
20;  45.5;0
 19.75;  45.5;0
 19.5;  45.5;0
 19.25;  45.5;0
19;  45.5;0
 18.75;  45.5;0
 18.5;  45.5;0
 18.25;  45.5;0
18;  45.5;0
 17.75;  45.5;0
 17.5;  45.5;0
 17.25;  45.5;0
17;  45.5;0
 16.75;  45.5;0
 16.5;  45.5;0
 16.25;  45.5;0
16;  45.5;0
 15.75;  45.5;0
 15.5;  45.5;0
 15.25;  45.5;0
15;  45.5;0
 14.75;  45.5;0
 14.5;  45.5;0
 14.25;  45.5;0
14;  45.5;0
 13.75;  45.5;0
 13.5;  45.5;0
 13.25;  45.5;0
13;  45.5;0
 12.75;  45.5;0
 12.5;  45.5;0
 12.25;  45.5;0
12;  45.5;0
 11.75;  45.5;0
 11.5;  45.5;0
 11.25;  45.5;0
11;  45.5;0
 10.75;  45.5;0
 10.5;  45.5;0
 10.25;  45.5;0
10;  45.5;0
 9.75;  45.5;0
 9.5;  45.5;0
 9.25;  45.5;0
9;  45.5;0
 8.75;  45.5;0
 8.5;  45.5;0
 8.25;  45.5;0
8;  45.5;0
 7.75;  45.5;0
 7.5;  45.5;0
 7.25;  45.5;0
7;  45.75;0
 6.75;  45.5;0
 6.5;  45.5;0
 6.25;  45.5;0
6;  45.5;0
 5.75;  45.5;0
 5.5;  45.5;0
 5.25;  45.5;0
5;  45.5;0
 4.75;  45.5;0
 4.5;  45.5;0
 4.25;46;0
4;46;0
 3.75;46;0
 3.5;46;0
 3.25;46;0
3;46;0
 2.75;46;0
 2.5;46;0
 2.25;46;0
2;46;0
 1.75;46;0
 1.5;46;0
 1.25;46;0
1;46;0
 0.75;46;0
 0.5;46;0
 0.25;46;0
0;46;0
47;  46.25;0
 46.75;  46.25;0
 46.5;  46.25;0
 46.25;  46.25;0
46;  46.25;0
 45.75;  46.25;0
 45.5;  46.25;0
 45.25;  46.25;0
45;  46.25;0
 44.75;  46.25;0
 44.5;  46.25;0
 44.25;  46.25;0
44;  46.25;0
 43.75;  45.75;0
 43.5;  45.75;0
 43.25;  45.75;0
43;  45.75;0
 42.75;  45.75;0
 42.5;  45.75;0
 42.25;  45.75;0
42;46;0
 41.5;  45.75;0
 41.5;  45.75;0
 41.25;  45.75;0
41;  45.75;0
 40.75;  45.75;0
 40.5;  45.75;0
 40.25;  45.75;0
40;  45.75;0
 39.75;  45.75;0
 39.5;  45.75;0
 39.25;  45.75;0
39;  45.75;0
 38.75;  45.75;0
 38.5;  45.75;0
 38.25;  45.75;0
38;  45.75;0
 37.75;  45.75;0
 37.5;  45.75;0
 37.25;  45.75;0
37;  45.75;0
 36.75;  45.75;0
 36.5;  45.75;0
 36.25;  45.75;0
36;  45.75;0
 35.75;  45.75;0
 35.5;  45.75;0
 35.25;  45.75;0
35;  45.75;0
 34.75;  45.75;0
 34.5;  45.75;0
34;46;0
34;46;0
 33.75;  45.75;0
 33.5;  45.75;0
 33.25;  45.75;0
33;  45.75;0
 32.75;  45.75;0
 32.5;  45.75;0
 32.25;  45.75;0
32;  45.75;0
 31.75;  45.75;0
 31.5;  45.75;0
 31.25;  45.75;0
31;  45.75;0
 30.75;  45.75;0
 30.5;  45.75;0
 30.25;  45.75;0
30;  45.75;0
 29.75;  45.75;0
 29.5;  45.75;0
 29.25;  45.75;0
29;  45.75;0
 28.75;  45.75;0
 28.5;  45.75;0
 28.25;  45.75;0
28;  45.75;0
 27.75;  45.75;0
 27.5;  45.75;0
 27.25;  45.75;0
27;  45.75;0
 26.75;  45.75;0
 26.5;  45.75;0
 26.25;  45.75;0
26;  45.75;0
 25.75;  45.75;0
 25.5;  45.75;0
 25.25;  45.75;0
25;  45.75;0
 24.75;  45.75;0
 24.5;  45.75;0
 24.25;  45.75;0
24;  45.75;0
 23.75;  45.75;0
 23.5;  45.75;0
 23.25;  45.75;0
23;  45.75;0
 22.75;  45.75;0
 22.5;  45.75;0
 22.25;  45.75;0
22;  45.75;0
 21.75;  45.75;0
 21.5;  45.75;0
 21.25;  45.75;0
21;  45.75;0
 20.75;  45.75;0
 20.5;  45.75;0
 20.25;  45.75;0
20;  45.75;0
 19.75;  45.75;0
 19.5;  45.75;0
 19.25;  45.75;0
19;  45.75;0
 18.75;  45.75;0
 18.5;  45.75;0
 18.25;  45.75;0
18;  45.75;0
 17.75;  45.75;0
 17.5;  45.75;0
 17.25;  45.75;0
17;  45.75;0
 16.75;  45.75;0
 16.5;  45.75;0
 16.25;  45.75;0
16;  45.75;0
 15.75;  45.75;0
 15.5;  45.75;0
 15.25;  45.75;0
15;  45.75;0
 14.75;  45.75;0
 14.5;  45.75;0
 14.25;  45.75;0
14;  45.75;0
 13.75;  45.75;0
 13.5;  45.75;0
 13.25;  45.75;0
13;  45.75;0
 12.75;  45.75;0
 12.5;  45.75;0
 12.25;  45.75;0
12;  45.75;0
 11.75;  45.75;0
 11.5;  45.75;0
 11.25;  45.75;0
11;  45.75;0
 10.75;  45.75;0
 10.5;  45.75;0
 10.25;  45.75;0
10;  45.75;0
 9.75;  45.75;0
 9.5;  45.75;0
 9.25;  45.75;0
9;  45.75;0
 8.75;  45.75;0
 8.5;  45.75;0
 8.25;  45.75;0
8;  45.75;0
 7.75;  45.75;0
 7.5;  45.75;0
 7.25;  45.75;0
7;  45.75;0
 6.75;  45.75;0
 6.5;  45.75;0
 6.25;  45.75;0
6;  45.75;0
 5.75;  45.75;0
 5.5;  45.75;0
 5.25;  45.75;0
5;  45.75;0
 4.75;  45.75;0
 4.5;  46.25;0
 4.25;  46.25;0
4;  46.25;0
 3.75;  46.25;0
 3.5;  46.25;0
 3.25;  46.25;0
3;  46.25;0
 2.75;  46.25;0
 2.5;  46.25;0
 2.25;  46.25;0
2;  46.25;0
 1.75;  46.25;0
 1.5;  46.25;0
 1.25;  46.25;0
1;  46.25;0
 0.75;  46.25;0
 0.5;  46.25;0
 0.25;  46.25;0
0;  46.25;0
47;  46.5;0
 46.75;  46.5;0
 46.5;  46.5;0
 46.25;  46.5;0
46;  46.5;0
 45.75;  46.5;0
 45.5;  46.5;0
 45.25;  46.5;0
45;  46.5;0
 44.75;  46.5;0
 44.5;  46.5;0
 44.25;  46.5;0
44;  46.5;0
 43.75;  46.5;0
 43.5;46;0
 43.25;46;0
43;46;0
 42.75;  46.25;0
 42.75;  46.25;0
 42.25;46;0
42;46;0
42;46;0
 41.5;46;0
 41.25;46;0
41;46;0
 40.75;46;0
 40.5;46;0
 40.25;46;0
40;46;0
 39.75;46;0
 39.5;46;0
 39.25;46;0
39;46;0
 38.75;46;0
 38.5;46;0
 38.25;46;0
38;46;0
 37.75;  46.25;0
 37.5;46;0
 37.25;46;0
37;46;0
 36.75;46;0
 36.5;46;0
 36.25;46;0
36;46;0
 35.75;46;0
 35.5;46;0
 35.25;46;0
35;46;0
 34.75;46;0
 34.5;46;0
34;46;0
34;46;0
 33.75;46;0
 33.5;46;0
 33.25;46;0
33;46;0
 32.75;46;0
 32.5;46;0
 32.25;46;0
32;46;0
 31.75;46;0
 31.5;46;0
 31.25;46;0
31;46;0
 30.75;46;0
 30.5;46;0
 30.25;46;0
30;46;0
 29.75;46;0
 29.25;  46.25;0
 29.25;  46.25;0
29;46;0
 28.75;46;0
 28.5;46;0
 28.25;46;0
28;46;0
 27.75;46;0
 27.5;46;0
 27.25;46;0
27;46;0
 26.75;46;0
 26.5;46;0
 26.25;46;0
26;46;0
 25.75;46;0
 25.5;46;0
 25.25;46;0
25;46;0
 24.75;46;0
 24.5;46;0
 24.25;46;0
24;46;0
 23.75;46;0
 23.5;46;0
 23.25;46;0
23;46;0
 22.75;46;0
 22.5;46;0
 22.25;46;0
22;46;0
 21.75;46;0
 21.5;46;0
 21.25;46;0
21;46;0
 20.75;46;0
 20.5;46;0
 20.25;46;0
20;46;0
 19.75;46;0
 19.5;46;0
 19.25;46;0
19;46;0
 18.75;46;0
 18.5;46;0
 18.25;46;0
18;46;0
 17.75;46;0
 17.5;46;0
 17.25;46;0
17;46;0
 16.75;46;0
 16.5;46;0
 16.25;46;0
16;46;0
 15.75;46;0
 15.5;46;0
 15.25;46;0
15;46;0
 14.75;46;0
 14.5;46;0
 14.25;46;0
14;46;0
 13.75;46;0
 13.5;46;0
 13.25;46;0
13;46;0
 12.75;46;0
 12.5;46;0
 12.25;46;0
12;46;0
 11.75;46;0
 11.5;46;0
 11.25;46;0
11;46;0
 10.75;46;0
 10.5;46;0
 10.25;46;0
10;46;0
 9.75;46;0
 9.5;46;0
 9.25;46;0
9;46;0
 8.75;46;0
 8.5;46;0
 8.25;46;0
8;46;0
 7.75;  46.25;0
 7.75;  46.25;0
 7.25;46;0
7;46;0
 6.75;46;0
 6.5;46;0
 6.25;46;0
6;46;0
 5.75;46;0
 5.5;46;0
 5.25;46;0
5;46;0
 4.75;  46.5;0
 4.5;  46.5;0
 4.25;  46.5;0
4;  46.5;0
 3.75;  46.5;0
 3.5;  46.5;0
 3.25;  46.5;0
3;  46.5;0
 2.75;  46.5;0
 2.5;  46.5;0
 2.25;  46.5;0
2;  46.5;0
 1.75;  46.5;0
 1.5;  46.5;0
 1.25;  46.5;0
1;  46.5;0
 0.75;  46.5;0
 0.5;  46.5;0
 0.25;  46.5;0
0;  46.5;0
47;  46.75;0
 46.75;  46.75;0
 46.5;  46.75;0
 46.25;  46.75;0
46;  46.75;0
 45.75;  46.75;0
 45.5;  46.75;0
 45.25;  46.75;0
45;  46.75;0
 44.75;  46.75;0
 44.5;  46.75;0
 44.25;  46.75;0
44;  46.75;0
 43.75;  46.75;0
 43.5;  46.75;0
 43.25;  46.75;0
43;  46.25;0
 42.75;  46.25;0
 42.75;  46.25;0
 42.25;  46.25;0
42;  46.25;0
 41.75;  46.25;0
 41.5;  46.25;0
 41.25;  46.25;0
41;  46.25;0
 40.75;  46.25;0
 40.5;  46.25;0
 40.25;  46.25;0
40;  46.25;0
 39.75;  46.25;0
 39.5;  46.25;0
 39.25;  46.25;0
39;  46.5;0
 38.75;  46.5;0
 38.5;  46.25;0
 38.25;  46.25;0
38;  46.25;0
 37.75;  46.75;0
 37.5;  46.25;0
 37.25;  46.25;0
37;  46.25;0
 36.75;  46.25;0
 36.5;  46.25;0
 36.25;  46.25;0
36;  46.25;0
 35.75;  46.25;0
 35.5;  46.25;0
 35.25;  46.25;0
35;  46.25;0
 34.75;  46.25;0
 34.5;  46.25;0
 34.25;  46.25;0
34;  46.25;0
 33.75;  46.25;0
 33.5;  46.25;0
 33.25;  46.25;0
33;  46.25;0
 32.75;  46.25;0
 32.5;  46.25;0
 32.25;  46.25;0
32;  46.25;0
 31.75;  46.25;0
 31.5;  46.25;0
 31.25;  46.25;0
31;  46.25;0
 30.75;  46.25;0
 30.5;  46.25;0
 30.25;  46.25;0
30;  46.25;0
 29.75;  46.25;0
 29.25;  46.25;0
 29.25;  46.25;0
29;  46.25;0
 28.75;  46.25;0
 28.5;  46.25;0
 28.25;  46.25;0
28;  46.25;0
 27.75;  46.25;0
 27.5;  46.25;0
 27.25;  46.25;0
27;  46.25;0
 26.75;  46.25;0
 26.5;  46.25;0
 26.25;  46.25;0
26;  46.25;0
 25.75;  46.25;0
 25.5;  46.25;0
 25.25;  46.25;0
25;  46.25;0
 24.75;  46.25;0
 24.5;  46.25;0
 24.25;  46.25;0
24;  46.25;0
 23.75;  46.25;0
 23.5;  46.25;0
 23.25;  46.25;0
23;  46.25;0
 22.75;  46.25;0
 22.5;  46.25;0
 22.25;  46.25;0
22;  46.25;0
 21.75;  46.25;0
 21.5;  46.25;0
 21.25;  46.25;0
21;  46.25;0
 20.75;  46.25;0
 20.5;  46.25;0
 20.25;  46.25;0
20;  46.25;0
 19.75;  46.25;0
 19.5;  46.25;0
 19.25;  46.25;0
19;  46.25;0
 18.75;  46.25;0
 18.5;  46.25;0
 18.25;  46.5;0
18;  46.25;0
 17.75;  46.25;0
 17.5;  46.25;0
 17.25;  46.25;0
17;  46.25;0
 16.75;  46.25;0
 16.5;  46.25;0
 16.25;  46.25;0
16;  46.25;0
 15.75;  46.25;0
 15.5;  46.25;0
 15.25;  46.25;0
15;  46.25;0
 14.75;  46.25;0
 14.5;  46.25;0
 14.25;  46.25;0
14;  46.25;0
 13.75;  46.25;0
 13.5;  46.25;0
 13.25;  46.25;0
13;  46.25;0
 12.75;  46.25;0
 12.5;  46.25;0
 12.25;  46.25;0
12;  46.25;0
 11.75;  46.25;0
 11.5;  46.25;0
 11.25;  46.25;0
11;  46.25;0
 10.75;  46.25;0
 10.5;  46.25;0
 10.25;  46.25;0
10;  46.25;0
 9.75;  46.25;0
 9.5;  46.25;0
 9.25;  46.25;0
9;  46.25;0
 8.75;  46.25;0
 8.5;  46.25;0
 8.25;  46.25;0
8;  46.25;0
 7.75;  46.25;0
 7.75;  46.25;0
 7.25;  46.5;0
7;  46.25;0
 6.75;  46.25;0
 6.5;  46.25;0
 6.25;  46.25;0
6;  46.25;0
 5.75;  46.25;0
 5.5;  46.25;0
 5.25;  46.25;0
5;  46.75;0
 4.75;  46.75;0
 4.5;  46.75;0
 4.25;  46.75;0
4;  46.75;0
 3.75;  46.75;0
 3.5;  46.75;0
 3.25;  46.75;0
3;  46.75;0
 2.75;  46.75;0
 2.5;  46.75;0
 2.25;  46.75;0
2;  46.75;0
 1.75;  46.75;0
 1.5;  46.75;0
 1.25;  46.75;0
1;  46.75;0
 0.75;  46.75;0
 0.5;  46.75;0
 0.25;  46.75;0
0;  46.75;0
47;47;0
 46.75;47;0
 46.5;47;0
 46.25;47;0
46;47;0
 45.75;47;0
 45.5;47;0
 45.25;47;0
45;47;0
 44.75;47;0
 44.5;47;0
 44.25;47;0
44;47;0
 43.75;47;0
 43.5;47;0
 43.25;47;0
43;47;0
 42.75;47;0
 42.5;  46.5;0
 42.25;  46.5;0
42;  46.5;0
 41.75;  46.5;0
 41.5;  46.5;0
 41.25;  46.5;0
41;  46.5;0
 40.75;  46.5;0
 40.5;  46.5;0
 40.25;  46.5;0
40;  46.5;0
 39.75;  46.5;0
 39.5;  46.5;0
 39.25;  46.5;0
 38.75;  46.5;0
 38.5;  46.75;0
 38.5;  46.75;0
 38.25;  46.5;0
38;  46.5;0
 37.75;  46.75;0
 37.5;  46.5;0
 37.25;  46.5;0
37;  46.5;0
 36.75;  46.5;0
 36.5;  46.5;0
 36.25;  46.5;0
36;  46.5;0
 35.75;  46.5;0
 35.5;  46.5;0
 35.25;  46.5;0
 34.75;  46.5;0
 34.75;  46.5;0
 34.5;  46.5;0
 34.25;  46.5;0
34;  46.5;0
 33.75;  46.5;0
 33.5;  46.5;0
 33.25;  46.5;0
33;  46.5;0
 32.75;  46.5;0
 32.5;  46.5;0
 32.25;  46.5;0
32;  46.5;0
 31.75;  46.5;0
 31.5;  46.5;0
 31.25;  46.5;0
31;  46.5;0
 30.75;  46.5;0
 30.5;  46.5;0
 30.25;  46.5;0
30;  46.5;0
 29.75;  46.5;0
 29.5;  46.5;0
 29.25;  46.5;0
 28.75;  46.5;0
 28.75;  46.5;0
 28.5;  46.5;0
 28.25;  46.5;0
28;  46.5;0
 27.75;  46.5;0
 27.5;  46.5;0
 27.25;  46.5;0
27;  46.5;0
 26.75;  46.5;0
 26.5;  46.5;0
 26.25;  46.5;0
26;  46.5;0
 25.75;  46.5;0
 25.5;  46.5;0
 25.25;  46.5;0
25;  46.5;0
 24.75;  46.5;0
 24.5;  46.5;0
 24.25;  46.5;0
24;  46.5;0
 23.75;  46.5;0
 23.5;  46.5;0
 23.25;  46.5;0
23;  46.5;0
 22.75;  46.5;0
 22.5;  46.5;0
 22.25;  46.5;0
22;  46.5;0
 21.75;  46.5;0
 21.5;  46.5;0
 21.25;  46.5;0
21;  46.5;0
 20.75;  46.5;0
 20.5;  46.5;0
 20.25;  46.5;0
20;  46.5;0
 19.75;  46.5;0
 19.5;  46.5;0
 19.25;  46.5;0
19;  46.5;0
 18.75;  46.5;0
 18.5;  46.5;0
 18.25;  46.5;0
18;  46.5;0
 17.75;  46.5;0
 17.5;  46.5;0
 17.25;  46.5;0
17;  46.5;0
 16.75;  46.5;0
 16.5;  46.5;0
 16.25;  46.5;0
16;  46.5;0
 15.75;  46.5;0
 15.5;  46.5;0
 15.25;  46.75;0
15;  46.5;0
 14.75;  46.5;0
 14.5;  46.5;0
 14.25;  46.5;0
14;  46.5;0
 13.75;  46.5;0
 13.5;  46.5;0
 13.25;  46.5;0
13;  46.5;0
 12.75;  46.5;0
 12.5;  46.5;0
 12.25;  46.5;0
12;  46.5;0
 11.75;  46.5;0
 11.5;  46.5;0
 11.25;  46.5;0
11;  46.5;0
 10.75;  46.5;0
 10.5;  46.5;0
 10.25;  46.5;0
10;  46.5;0
 9.75;  46.5;0
 9.5;  46.5;0
 9.25;  46.5;0
9;  46.5;0
 8.75;  46.5;0
 8.5;  46.5;0
 8.25;  46.5;0
8;  46.5;0
 7.75;  46.5;0
 7.25;  46.5;0
 7.25;  46.5;0
7;  46.5;0
 6.75;  46.5;0
 6.5;  46.5;0
 6.25;  46.5;0
6;47;0
 5.75;47;0
 5.5;47;0
 5.25;47;0
5;47;0
 4.75;47;0
 4.5;47;0
 4.25;47;0
4;47;0
 3.75;47;0
 3.5;47;0
 3.25;47;0
3;47;0
 2.75;47;0
 2.5;47;0
 2.25;47;0
2;47;0
 1.75;47;0
 1.5;47;0
 1.25;47;0
1;47;0
 0.75;47;0
 0.5;47;0
 0.25;47;0
0;47;0
47;  47.25;0
 46.75;  47.25;0
 46.5;  47.25;0
 46.25;  47.25;0
46;  47.25;0
 45.75;  47.25;0
 45.5;  47.25;0
 45.25;  47.25;0
45;  47.25;0
 44.75;  47.25;0
 44.5;  47.25;0
 44.25;  47.25;0
44;  47.25;0
 43.75;  47.25;0
 43.5;  47.25;0
 43.25;  47.25;0
43;  47.25;0
 42.75;  47.25;0
 42.5;  47.25;0
 42.25;  47.25;0
42;  47.25;0
 41.75;  47.25;0
 41.5;  46.75;0
 41.25;  46.75;0
41;  47.25;0
 40.75;47;0
 40.5;  47.25;0
 40.25;47;0
40;  47.25;0
 39.75;  46.75;0
 39.5;  46.75;0
 39.25;  46.75;0
 38.5;  46.75;0
 38.5;  46.75;0
 38.5;  47.25;0
 38.25;  46.75;0
38;  46.75;0
 37.75;  47.25;0
 37.5;  46.75;0
 37.25;  46.75;0
37;  46.75;0
 36.75;  46.75;0
 36.5;  46.75;0
 36.25;  46.75;0
36;  46.75;0
 35.75;  46.75;0
 35.5;  46.75;0
 35.25;  46.75;0
35;  46.75;0
 34.75;  46.75;0
 34.5;  46.75;0
 34.25;  46.75;0
34;  46.75;0
 33.75;  46.75;0
 33.5;  46.75;0
 33.25;  46.75;0
33;  46.75;0
 32.75;  46.75;0
 32.5;  46.75;0
 32.25;  46.75;0
32;  46.75;0
 31.75;  46.75;0
 31.5;  46.75;0
 31.25;  46.75;0
31;  46.75;0
 30.75;  46.75;0
 30.5;  46.75;0
 30.25;  46.75;0
30;  46.75;0
 29.75;  46.75;0
 29.5;  46.75;0
 29.25;  46.75;0
 28.75;47;0
 28.75;47;0
 28.5;  46.75;0
 28.25;  46.75;0
28;  46.75;0
 27.75;  46.75;0
 27.5;  46.75;0
 27.25;  46.75;0
27;  46.75;0
 26.75;  46.75;0
 26.5;  46.75;0
 26.25;  46.75;0
26;  46.75;0
 25.75;  46.75;0
 25.5;  46.75;0
 25.25;  46.75;0
25;  46.75;0
 24.75;  46.75;0
 24.5;  46.75;0
 24.25;  46.75;0
24;  46.75;0
 23.75;  46.75;0
 23.5;47;0
23;47;0
23;47;0
 22.75;  46.75;0
 22.5;  46.75;0
 22.25;  46.75;0
22;  46.75;0
 21.75;47;0
 21.75;47;0
 21.25;  46.75;0
21;  46.75;0
 20.75;  46.75;0
 20.5;  46.75;0
 20.25;  46.75;0
20;  46.75;0
 19.75;  46.75;0
 19.5;  46.75;0
 19.25;  46.75;0
19;  46.75;0
 18.75;  46.75;0
 18.5;  46.75;0
 18.25;  46.75;0
18;  46.75;0
 17.75;  46.75;0
 17.5;  46.75;0
 17.25;  46.75;0
17;  46.75;0
 16.75;  46.75;0
 16.5;  46.75;0
 16.25;  46.75;0
16;  46.75;0
 15.75;  46.75;0
 15.5;  46.75;0
 15.25;  46.75;0
15;  46.75;0
 14.75;  46.75;0
 14.5;  46.75;0
 14.25;  46.75;0
14;  46.75;0
 13.75;  46.75;0
 13.5;  46.75;0
 13.25;  46.75;0
13;  46.75;0
 12.75;  46.75;0
 12.5;  46.75;0
 12.25;  46.75;0
12;  46.75;0
 11.75;  46.75;0
 11.5;  46.75;0
 11.25;  46.75;0
11;  46.75;0
 10.75;  46.75;0
 10.5;  46.75;0
 10.25;  46.75;0
10;  46.75;0
 9.75;  46.75;0
 9.5;  46.75;0
 9.25;  46.75;0
9;  46.75;0
 8.75;  46.75;0
 8.5;  46.75;0
 8.25;  46.75;0
8;  46.75;0
 7.75;  46.75;0
 7.5;  47.25;0
 7.25;  47.25;0
7;  47.25;0
 6.75;  47.25;0
 6.5;  47.25;0
 6.25;  47.25;0
6;  47.25;0
 5.75;  47.25;0
 5.5;  47.25;0
 5.25;  47.25;0
5;  47.25;0
 4.75;  47.25;0
 4.5;  47.25;0
 4.25;  47.25;0
4;  47.25;0
 3.75;  47.25;0
 3.5;  47.25;0
 3.25;  47.25;0
3;  47.25;0
 2.75;  47.25;0
 2.5;  47.25;0
 2.25;  47.25;0
2;  47.25;0
 1.75;  47.25;0
 1.5;  47.25;0
 1.25;  47.25;0
1;  47.25;0
 0.75;  47.25;0
 0.5;  47.25;0
 0.25;  47.25;0
0;  47.25;0
47;  47.5;0
 46.75;  47.5;0
 46.5;  47.5;0
 46.25;  47.5;0
46;  47.5;0
 45.75;  47.5;0
 45.5;  47.5;0
 45.25;  47.5;0
45;  47.5;0
 44.75;  47.5;0
 44.5;  47.5;0
 44.25;  47.5;0
44;  47.5;0
 43.75;  47.5;0
 43.5;  47.5;0
 43.25;  47.5;0
43;  47.5;0
 42.75;  47.5;0
 42.5;  47.5;0
 42.25;  47.5;0
42;  47.5;0
 41.75;  47.5;0
 41.5;  47.5;0
 41.25;  47.5;0
41;  47.5;0
 40.75;  47.5;0
 40.5;  47.5;0
 40.25;  47.5;0
40;  47.5;0
 39.75;  47.5;0
 39.5;47;0
 39.25;47;0
39;47;0
 38.75;  47.5;0
 38.5;  47.5;0
 38.25;  47.5;0
38;  47.5;0
 37.75;  47.5;0
 37.5;47;0
 37.25;47;0
37;47;0
 36.75;47;0
 36.5;47;0
 36.25;47;0
36;47;0
 35.75;47;0
 35.25;47;0
 35.25;47;0
35;47;0
 34.75;47;0
 34.5;47;0
 34.25;47;0
34;47;0
 33.75;47;0
 33.5;47;0
 33.25;47;0
33;47;0
 32.75;47;0
 32.5;47;0
 32.25;47;0
32;47;0
 31.75;47;0
 31.5;47;0
 31.25;47;0
31;  47.5;0
 30.75;  47.5;0
 30.5;  47.5;0
 30.25;  47.5;0
30;47;0
 29.75;47;0
 29.5;47;0
 29.25;47;0
 28.75;47;0
 28.75;  47.5;0
 28.5;47;0
 28.25;47;0
28;47;0
 27.75;47;0
 27.5;47;0
 27.25;47;0
27;47;0
 26.75;47;0
 26.5;47;0
 26.25;  47.5;0
26;  47.5;0
 25.75;47;0
 25.5;47;0
 25.25;47;0
25;47;0
 24.75;47;0
 24.5;47;0
 24.25;47;0
24;47;0
 23.75;47;0
 23.5;  47.5;0
23;47;0
23;47;0
 22.75;47;0
 22.5;47;0
 22.25;47;0
22;47;0
 21.75;  47.5;0
 21.75;  47.5;0
 21.25;47;0
21;47;0
 20.75;47;0
 20.5;47;0
 20.25;47;0
20;47;0
 19.75;47;0
 19.5;47;0
 19.25;47;0
19;47;0
 18.75;47;0
 18.5;47;0
 18.25;47;0
18;47;0
 17.75;47;0
 17.5;47;0
 17.25;47;0
17;47;0
 16.75;47;0
 16.5;47;0
 16.25;47;0
16;47;0
 15.75;47;0
 15.5;47;0
 15.25;47;0
15;47;0
 14.75;47;0
 14.5;47;0
 14.25;47;0
14;47;0
 13.75;47;0
 13.5;47;0
 13.25;47;0
13;47;0
 12.75;47;0
 12.5;47;0
 12.25;47;0
12;47;0
 11.75;47;0
 11.5;47;0
 11.25;47;0
11;47;0
 10.75;47;0
 10.5;47;0
 10.25;  47.5;0
10;47;0
 9.75;47;0
 9.5;47;0
 9.25;47;0
9;47;0
 8.75;47;0
 8.5;  47.5;0
 8.25;  47.5;0
8;  47.5;0
 7.75;  47.5;0
 7.5;  47.5;0
 7.25;  47.5;0
7;  47.5;0
 6.75;  47.5;0
 6.5;  47.5;0
 6.25;  47.5;0
6;  47.5;0
 5.75;  47.5;0
 5.5;  47.5;0
 5.25;  47.5;0
5;  47.5;0
 4.75;  47.5;0
 4.5;  47.5;0
 4.25;  47.5;0
4;  47.5;0
 3.75;  47.5;0
 3.5;  47.5;0
 3.25;  47.5;0
3;  47.5;0
 2.75;  47.5;0
 2.5;  47.5;0
 2.25;  47.5;0
2;  47.5;0
 1.75;  47.5;0
 1.5;  47.5;0
 1.25;  47.5;0
1;  47.5;0
 0.75;  47.5;0
 0.5;  47.5;0
 0.25;  47.5;0
0;  47.5;0
47;  47.75;0
 46.75;  47.75;0
 46.5;  47.75;0
 46.25;  47.75;0
46;  47.75;0
 45.75;  47.75;0
 45.5;  47.75;0
 45.25;  47.75;0
45;  47.75;0
 44.75;  47.75;0
 44.5;  47.75;0
 44.25;  47.75;0
44;  47.75;0
 43.75;  47.75;0
 43.5;  47.75;0
 43.25;  47.75;0
43;  47.75;0
 42.75;  47.75;0
 42.5;  47.75;0
 42.25;  47.75;0
42;  47.75;0
 41.75;  47.75;0
 41.5;  47.75;0
 41.25;  47.75;0
41;  47.75;0
 40.75;  47.75;0
 40.5;  47.75;0
 40.25;  47.75;0
40;  47.75;0
 39.75;  47.75;0
 39.5;  47.75;0
 39.25;  47.75;0
39;  47.75;0
 38.75;  47.75;0
 38.5;  47.75;0
 38.25;  47.75;0
38;  47.75;0
 37.75;  47.75;0
 37.5;  47.25;0
 37.25;  47.75;0
37;  47.75;0
 36.75;  47.75;0
 36.5;  47.75;0
 36.25;  47.75;0
36;  47.75;0
 35.75;  47.25;0
 35.5;  47.25;0
 35.25;  47.25;0
35;  47.25;0
 34.75;  47.75;0
 34.5;  47.75;0
 34.25;  47.75;0
34;  47.75;0
 33.75;  47.75;0
 33.5;  47.25;0
 33.25;  47.25;0
33;  47.25;0
 32.75;  47.75;0
 32.5;  47.75;0
 32.25;  47.75;0
32;  47.75;0
 31.75;  47.75;0
 31.5;  47.25;0
 31.25;  47.75;0
31;  47.75;0
 30.75;  47.75;0
 30.5;  47.75;0
 30.25;  47.75;0
30;  47.75;0
 29.75;  47.25;0
 29.5;  47.25;0
 29.25;  47.25;0
29;  47.75;0
 28.75;  47.75;0
 28.5;  47.75;0
 28.25;  47.25;0
28;  47.25;0
 27.75;  47.25;0
 27.5;  47.25;0
 27.25;  47.25;0
27;  47.25;0
 26.75;  47.25;0
 26.5;  47.75;0
 26.25;  47.75;0
26;  47.75;0
 25.75;  47.75;0
 25.5;  47.25;0
 25.25;  47.75;0
25;  47.75;0
 24.75;  47.75;0
 24.5;  47.75;0
 24.25;  47.75;0
24;  47.75;0
 23.75;  47.75;0
 23.5;  47.75;0
 23.25;  47.75;0
23;  47.25;0
 22.75;  47.25;0
 22.5;  47.25;0
 22.25;  47.25;0
22;  47.75;0
 21.75;  47.5;0
 21.5;  47.75;0
 21.25;  47.25;0
21;  47.25;0
 20.75;  47.75;0
 20.5;  47.75;0
 20.25;  47.75;0
20;  47.25;0
 19.75;  47.25;0
 19.5;  47.25;0
 19.25;  47.75;0
19;  47.25;0
 18.75;  47.25;0
 18.5;  47.75;0
 18.25;  47.25;0
18;  47.25;0
 17.75;  47.25;0
 17.5;  47.25;0
 17.25;  47.25;0
17;  47.25;0
 16.75;  47.25;0
 16.5;  47.25;0
 16.25;  47.25;0
16;  47.25;0
 15.75;  47.25;0
 15.5;  47.75;0
 15.25;  47.5;0
15;  47.75;0
 14.75;  47.25;0
 14.5;  47.25;0
 14.25;  47.75;0
14;  47.25;0
 13.75;  47.75;0
 13.5;  47.25;0
 13.25;  47.25;0
13;  47.25;0
 12.75;  47.25;0
 12.5;  47.25;0
 12.25;  47.25;0
12;  47.25;0
 11.75;  47.25;0
 11.5;  47.75;0
 11.25;  47.75;0
11;  47.75;0
 10.75;  47.75;0
 10.5;  47.75;0
 10.25;  47.75;0
10;  47.75;0
 9.75;  47.75;0
 9.5;  47.75;0
 9.25;  47.75;0
9;  47.75;0
 8.75;  47.75;0
 8.5;  47.75;0
 8.25;  47.75;0
8;  47.75;0
 7.75;  47.75;0
 7.5;  47.75;0
 7.25;  47.75;0
7;  47.75;0
 6.75;  47.75;0
 6.5;  47.75;0
 6.25;  47.75;0
6;  47.75;0
 5.75;  47.75;0
 5.5;  47.75;0
 5.25;  47.75;0
5;  47.75;0
 4.75;  47.75;0
 4.5;  47.75;0
 4.25;  47.75;0
4;  47.75;0
 3.75;  47.75;0
 3.5;  47.75;0
 3.25;  47.75;0
3;  47.75;0
 2.75;  47.75;0
 2.5;  47.75;0
 2.25;  47.75;0
2;  47.75;0
 1.75;  47.75;0
 1.5;  47.75;0
 1.25;  47.75;0
1;  47.75;0
 0.75;  47.75;0
 0.5;  47.75;0
 0.25;  47.75;0
0;  47.75;0
47;48;0
 46.75;48;0
 46.5;48;0
 46.25;48;0
46;48;0
 45.75;48;0
 45.5;48;0
 45.25;48;0
45;48;0
 44.75;48;0
 44.5;48;0
 44.25;48;0
44;48;0
 43.75;48;0
 43.5;48;0
 43.25;48;0
43;48;0
 42.75;48;0
 42.5;48;0
 42.25;48;0
42;48;0
 41.75;48;0
 41.5;48;0
 41.25;48;0
41;48;0
 40.75;48;0
 40.5;48;0
 40.25;48;0
40;48;0
 39.75;48;0
 39.5;48;0
 39.25;48;0
39;48;0
 38.75;48;0
 38.5;48;0
 38.25;48;0
38;48;0
 37.75;48;0
 37.5;48;0
 37.25;48;0
37;48;0
 36.75;48;0
 36.5;48;0
 36.25;48;0
36;48;0
 35.75;48;0
 35.5;48;0
 35.25;48;0
35;48;0
 34.75;48;0
 34.5;48;0
 34.25;48;0
34;48;0
 33.75;48;0
 33.5;48;0
 33.25;48;0
33;48;0
 32.75;48;0
 32.5;48;0
 32.25;48;0
32;48;0
 31.75;48;0
 31.5;48;0
 31.25;48;0
31;48;0
 30.75;48;0
 30.5;48;0
 30.25;48;0
30;48;0
 29.75;48;0
 29.5;48;0
 29.25;48;0
29;48;0
 28.75;48;0
 28.5;48;0
 28.25;48;0
28;48;0
 27.75;48;0
 27.5;48;0
 27.25;48;0
27;48;0
 26.75;48;0
 26.5;48;0
 26.25;48;0
26;48;0
 25.75;48;0
 25.5;48;0
 25.25;48;0
25;48;0
 24.75;48;0
 24.5;48;0
 24.25;48;0
24;48;0
 23.75;48;0
 23.5;48;0
 23.25;48;0
23;  47.5;0
 22.75;48;0
 22.5;48;0
 22.25;48;0
22;48;0
 21.75;48;0
 21.5;48;0
 21.25;48;0
21;48;0
 20.75;48;0
 20.5;48;0
 20.25;48;0
20;  47.5;0
 19.75;48;0
 19.5;48;0
 19.25;48;0
19;48;0
 18.75;48;0
 18.5;48;0
 18.25;48;0
18;  47.5;0
 17.75;  47.5;0
 17.5;  47.5;0
 17.25;48;0
17;48;0
 16.75;48;0
 16.5;48;0
 16.25;  47.5;0
16;  47.5;0
 15.75;48;0
 15.5;48;0
 15.25;48;0
15;48;0
 14.75;48;0
 14.5;48;0
 14.25;48;0
14;48;0
 13.75;48;0
 13.5;48;0
 13.25;48;0
13;48;0
 12.75;48;0
 12.5;48;0
 12.25;48;0
12;48;0
 11.75;48;0
 11.5;48;0
 11.25;48;0
11;48;0
 10.75;48;0
 10.5;48;0
 10.25;48;0
10;48;0
 9.75;48;0
 9.5;48;0
 9.25;48;0
9;48;0
 8.75;48;0
 8.5;48;0
 8.25;48;0
8;48;0
 7.75;48;0
 7.5;48;0
 7.25;48;0
7;48;0
 6.75;48;0
 6.5;48;0
 6.25;48;0
6;48;0
 5.75;48;0
 5.5;48;0
 5.25;48;0
5;48;0
 4.75;48;0
 4.5;48;0
 4.25;48;0
4;48;0
 3.75;48;0
 3.5;48;0
 3.25;48;0
3;48;0
 2.75;48;0
 2.5;48;0
 2.25;48;0
2;48;0
 1.75;48;0
 1.5;48;0
 1.25;48;0
1;48;0
 0.75;48;0
 0.5;48;0
 0.25;48;0
0;48;0
47;  48.25;0
 46.75;  48.25;0
 46.5;  48.25;0
 46.25;  48.25;0
46;  48.25;0
 45.75;  48.25;0
 45.5;  48.25;0
 45.25;  48.25;0
45;  48.25;0
 44.75;  48.25;0
 44.5;  48.25;0
 44.25;  48.25;0
44;  48.25;0
 43.75;  48.25;0
 43.5;  48.25;0
 43.25;  48.25;0
43;  48.25;0
 42.75;  48.25;0
 42.5;  48.25;0
 42.25;  48.25;0
42;  48.25;0
 41.75;  48.25;0
 41.5;  48.25;0
 41.25;  48.25;0
41;  48.25;0
 40.75;  48.25;0
 40.5;  48.25;0
 40.25;  48.25;0
40;  48.25;0
 39.75;  48.25;0
 39.5;  48.25;0
 39.25;  48.25;0
39;  48.25;0
 38.75;  48.25;0
 38.5;  48.25;0
 38.25;  48.25;0
38;  48.25;0
 37.75;  48.25;0
 37.5;  48.25;0
 37.25;  48.25;0
37;  48.25;0
 36.75;  48.25;0
 36.5;  48.25;0
 36.25;  48.25;0
36;  48.25;0
 35.75;  48.25;0
 35.5;  48.25;0
 35.25;  48.25;0
35;  48.25;0
 34.75;  48.25;0
 34.5;  48.25;0
 34.25;  48.25;0
34;  48.25;0
 33.75;  48.25;0
 33.5;  48.25;0
 33.25;  48.25;0
33;  48.25;0
 32.75;  48.25;0
 32.5;  48.25;0
 32.25;  48.25;0
32;  48.25;0
 31.75;  48.25;0
 31.5;  48.25;0
 31.25;  48.25;0
31;  48.25;0
 30.75;  48.25;0
 30.5;  48.25;0
 30.25;  48.25;0
30;  48.25;0
 29.75;  48.25;0
 29.5;  48.25;0
 29.25;  48.25;0
29;  48.25;0
 28.75;  48.25;0
 28.5;  48.25;0
 28.25;  48.25;0
28;  48.25;0
 27.75;  48.25;0
 27.5;  48.25;0
 27.25;  48.25;0
27;  48.25;0
 26.75;  48.25;0
 26.5;  48.25;0
 26.25;  48.25;0
26;  48.25;0
 25.75;  48.25;0
 25.5;  48.25;0
 25.25;  48.25;0
25;  48.25;0
 24.75;  48.25;0
 24.5;  48.25;0
 24.25;  48.25;0
24;  48.25;0
 23.75;  48.25;0
 23.5;  48.25;0
 23.25;  48.25;0
23;  48.25;0
 22.75;  48.25;0
 22.5;  48.25;0
 22.25;  48.25;0
22;  48.25;0
 21.75;  48.25;0
 21.5;  48.25;0
 21.25;  48.25;0
21;  48.25;0
 20.75;  48.25;0
 20.5;  48.25;0
 20.25;  48.25;0
20;  48.25;0
 19.75;  48.25;0
 19.5;  48.25;0
 19.25;  48.25;0
19;  48.25;0
 18.75;  48.25;0
 18.5;  48.25;0
 18.25;  48.25;0
18;  48.25;0
 17.75;  48.25;0
 17.5;  48.25;0
 17.25;  48.25;0
17;  48.25;0
 16.75;  48.25;0
 16.5;  48.25;0
 16.25;  48.25;0
16;  48.25;0
 15.75;  48.25;0
 15.5;  48.25;0
 15.25;  48.25;0
15;  48.25;0
 14.75;  48.25;0
 14.5;  48.25;0
 14.25;  48.25;0
14;  48.25;0
 13.75;  48.25;0
 13.5;  48.25;0
 13.25;  48.25;0
13;  48.25;0
 12.75;  48.25;0
 12.5;  48.25;0
 12.25;  48.25;0
12;  48.25;0
 11.75;  48.25;0
 11.5;  48.25;0
 11.25;  48.25;0
11;  48.25;0
 10.75;  48.25;0
 10.5;  48.25;0
 10.25;  48.25;0
10;  48.25;0
 9.75;  48.25;0
 9.5;  48.25;0
 9.25;  48.25;0
9;  48.25;0
 8.75;  48.25;0
 8.5;  48.25;0
 8.25;  48.25;0
8;  48.25;0
 7.75;  48.25;0
 7.5;  48.25;0
 7.25;  48.25;0
7;  48.25;0
 6.75;  48.25;0
 6.5;  48.25;0
 6.25;  48.25;0
6;  48.25;0
 5.75;  48.25;0
 5.5;  48.25;0
 5.25;  48.25;0
5;  48.25;0
 4.75;  48.25;0
 4.5;  48.25;0
 4.25;  48.25;0
4;  48.25;0
 3.75;  48.25;0
 3.5;  48.25;0
 3.25;  48.25;0
3;  48.25;0
 2.75;  48.25;0
 2.5;  48.25;0
 2.25;  48.25;0
2;  48.25;0
 1.75;  48.25;0
 1.5;  48.25;0
 1.25;  48.25;0
1;  48.25;0
 0.75;  48.25;0
 0.5;  48.25;0
 0.25;  48.25;0
0;  48.25;0
47;  48.5;0
 46.75;  48.5;0
 46.5;  48.5;0
 46.25;  48.5;0
46;  48.5;0
 45.75;  48.5;0
 45.5;  48.5;0
 45.25;  48.5;0
45;  48.5;0
 44.75;  48.5;0
 44.5;  48.5;0
 44.25;  48.5;0
44;  48.5;0
 43.75;  48.5;0
 43.5;  48.5;0
 43.25;  48.5;0
43;  48.5;0
 42.75;  48.5;0
 42.5;  48.5;0
 42.25;  48.5;0
42;  48.5;0
 41.75;  48.5;0
 41.5;  48.5;0
 41.25;  48.5;0
41;  48.5;0
 40.75;  48.5;0
 40.5;  48.5;0
 40.25;  48.5;0
40;  48.5;0
 39.75;  48.5;0
 39.5;  48.5;0
 39.25;  48.5;0
39;  48.5;0
 38.75;  48.5;0
 38.5;  48.5;0
 38.25;  48.5;0
38;  48.5;0
 37.75;  48.5;0
 37.5;  48.5;0
 37.25;  48.5;0
37;  48.5;0
 36.75;  48.5;0
 36.5;  48.5;0
 36.25;  48.5;0
36;  48.5;0
 35.75;  48.5;0
 35.5;  48.5;0
 35.25;  48.5;0
35;  48.5;0
 34.75;  48.5;0
 34.5;  48.5;0
 34.25;  48.5;0
34;  48.5;0
 33.75;  48.5;0
 33.5;  48.5;0
 33.25;  48.5;0
33;  48.5;0
 32.75;  48.5;0
 32.5;  48.5;0
 32.25;  48.5;0
32;  48.5;0
 31.75;  48.5;0
 31.5;  48.5;0
 31.25;  48.5;0
31;  48.5;0
 30.75;  48.5;0
 30.5;  48.5;0
 30.25;  48.5;0
30;  48.5;0
 29.75;  48.5;0
 29.5;  48.5;0
 29.25;  48.5;0
29;  48.5;0
 28.75;  48.5;0
 28.5;  48.5;0
 28.25;  48.5;0
28;  48.5;0
 27.75;  48.5;0
 27.5;  48.5;0
 27.25;  48.5;0
27;  48.5;0
 26.75;  48.5;0
 26.5;  48.5;0
 26.25;  48.5;0
26;  48.5;0
 25.75;  48.5;0
 25.5;  48.5;0
 25.25;  48.5;0
25;  48.5;0
 24.75;  48.5;0
 24.5;  48.5;0
 24.25;  48.5;0
24;  48.5;0
 23.75;  48.5;0
 23.5;  48.5;0
 23.25;  48.5;0
23;  48.5;0
 22.75;  48.5;0
 22.5;  48.5;0
 22.25;  48.5;0
22;  48.5;0
 21.75;  48.5;0
 21.5;  48.5;0
 21.25;  48.5;0
21;  48.5;0
 20.75;  48.5;0
 20.5;  48.5;0
 20.25;  48.5;0
20;  48.5;0
 19.75;  48.5;0
 19.5;  48.5;0
 19.25;  48.5;0
19;  48.5;0
 18.75;  48.5;0
 18.5;  48.5;0
 18.25;  48.5;0
18;  48.5;0
 17.75;  48.5;0
 17.5;  48.5;0
 17.25;  48.5;0
17;  48.5;0
 16.75;  48.5;0
 16.5;  48.5;0
 16.25;  48.5;0
16;  48.5;0
 15.75;  48.5;0
 15.5;  48.5;0
 15.25;  48.5;0
15;  48.5;0
 14.75;  48.5;0
 14.5;  48.5;0
 14.25;  48.5;0
14;  48.5;0
 13.75;  48.5;0
 13.5;  48.5;0
 13.25;  48.5;0
13;  48.5;0
 12.75;  48.5;0
 12.5;  48.5;0
 12.25;  48.5;0
12;  48.5;0
 11.75;  48.5;0
 11.5;  48.5;0
 11.25;  48.5;0
11;  48.5;0
 10.75;  48.5;0
 10.5;  48.5;0
 10.25;  48.5;0
10;  48.5;0
 9.75;  48.5;0
 9.5;  48.5;0
 9.25;  48.5;0
9;  48.5;0
 8.75;  48.5;0
 8.5;  48.5;0
 8.25;  48.5;0
8;  48.5;0
 7.75;  48.5;0
 7.5;  48.5;0
 7.25;  48.5;0
7;  48.5;0
 6.75;  48.5;0
 6.5;  48.5;0
 6.25;  48.5;0
6;  48.5;0
 5.75;  48.5;0
 5.5;  48.5;0
 5.25;  48.5;0
5;  48.5;0
 4.75;  48.5;0
 4.5;  48.5;0
 4.25;  48.5;0
4;  48.5;0
 3.75;  48.5;0
 3.5;  48.5;0
 3.25;  48.5;0
3;  48.5;0
 2.75;  48.5;0
 2.5;  48.5;0
 2.25;  48.5;0
2;  48.5;0
 1.75;  48.5;0
 1.5;  48.5;0
 1.25;  48.5;0
1;  48.5;0
 0.75;  48.5;0
 0.5;  48.5;0
 0.25;  48.5;0
0;  48.5;0
47;  48.75;0
 46.75;  48.75;0
 46.5;  48.75;0
 46.25;  48.75;0
46;  48.75;0
 45.75;  48.75;0
 45.5;  48.75;0
 45.25;  48.75;0
45;  48.75;0
 44.75;  48.75;0
 44.5;  48.75;0
 44.25;  48.75;0
44;  48.75;0
 43.75;  48.75;0
 43.5;  48.75;0
 43.25;  48.75;0
43;  48.75;0
 42.75;  48.75;0
 42.5;  48.75;0
 42.25;  48.75;0
42;  48.75;0
 41.75;  48.75;0
 41.5;  48.75;0
 41.25;  48.75;0
41;  48.75;0
 40.75;  48.75;0
 40.5;  48.75;0
 40.25;  48.75;0
40;  48.75;0
 39.75;  48.75;0
 39.5;  48.75;0
 39.25;  48.75;0
39;  48.75;0
 38.75;  48.75;0
 38.5;  48.75;0
 38.25;  48.75;0
38;  48.75;0
 37.75;  48.75;0
 37.5;  48.75;0
 37.25;  48.75;0
37;  48.75;0
 36.75;  48.75;0
 36.5;  48.75;0
 36.25;  48.75;0
36;  48.75;0
 35.75;  48.75;0
 35.5;  48.75;0
 35.25;  48.75;0
35;  48.75;0
 34.75;  48.75;0
 34.5;  48.75;0
 34.25;  48.75;0
34;  48.75;0
 33.75;  48.75;0
 33.5;  48.75;0
 33.25;  48.75;0
33;  48.75;0
 32.75;  48.75;0
 32.5;  48.75;0
 32.25;  48.75;0
32;  48.75;0
 31.75;  48.75;0
 31.5;  48.75;0
 31.25;  48.75;0
31;  48.75;0
 30.75;  48.75;0
 30.5;  48.75;0
 30.25;  48.75;0
30;  48.75;0
 29.75;  48.75;0
 29.5;  48.75;0
 29.25;  48.75;0
29;  48.75;0
 28.75;  48.75;0
 28.5;  48.75;0
 28.25;  48.75;0
28;  48.75;0
 27.75;  48.75;0
 27.5;  48.75;0
 27.25;  48.75;0
27;  48.75;0
 26.75;  48.75;0
 26.5;  48.75;0
 26.25;  48.75;0
26;  48.75;0
 25.75;  48.75;0
 25.5;  48.75;0
 25.25;  48.75;0
25;  48.75;0
 24.75;  48.75;0
 24.5;  48.75;0
 24.25;  48.75;0
24;  48.75;0
 23.75;  48.75;0
 23.5;  48.75;0
 23.25;  48.75;0
23;  48.75;0
 22.75;  48.75;0
 22.5;  48.75;0
 22.25;  48.75;0
22;  48.75;0
 21.75;  48.75;0
 21.5;  48.75;0
 21.25;  48.75;0
21;  48.75;0
 20.75;  48.75;0
 20.5;  48.75;0
 20.25;  48.75;0
20;  48.75;0
 19.75;  48.75;0
 19.5;  48.75;0
 19.25;  48.75;0
19;  48.75;0
 18.75;  48.75;0
 18.5;  48.75;0
 18.25;  48.75;0
18;  48.75;0
 17.75;  48.75;0
 17.5;  48.75;0
 17.25;  48.75;0
17;  48.75;0
 16.75;  48.75;0
 16.5;  48.75;0
 16.25;  48.75;0
16;  48.75;0
 15.75;  48.75;0
 15.5;  48.75;0
 15.25;  48.75;0
15;  48.75;0
 14.75;  48.75;0
 14.5;  48.75;0
 14.25;  48.75;0
14;  48.75;0
 13.75;  48.75;0
 13.5;  48.75;0
 13.25;  48.75;0
13;  48.75;0
 12.75;  48.75;0
 12.5;  48.75;0
 12.25;  48.75;0
12;  48.75;0
 11.75;  48.75;0
 11.5;  48.75;0
 11.25;  48.75;0
11;  48.75;0
 10.75;  48.75;0
 10.5;  48.75;0
 10.25;  48.75;0
10;  48.75;0
 9.75;  48.75;0
 9.5;  48.75;0
 9.25;  48.75;0
9;  48.75;0
 8.75;  48.75;0
 8.5;  48.75;0
 8.25;  48.75;0
8;  48.75;0
 7.75;  48.75;0
 7.5;  48.75;0
 7.25;  48.75;0
7;  48.75;0
 6.75;  48.75;0
 6.5;  48.75;0
 6.25;  48.75;0
6;  48.75;0
 5.75;  48.75;0
 5.5;  48.75;0
 5.25;  48.75;0
5;  48.75;0
 4.75;  48.75;0
 4.5;  48.75;0
 4.25;  48.75;0
4;  48.75;0
 3.75;  48.75;0
 3.5;  48.75;0
 3.25;  48.75;0
3;  48.75;0
 2.75;  48.75;0
 2.5;  48.75;0
 2.25;  48.75;0
2;  48.75;0
 1.75;  48.75;0
 1.5;  48.75;0
 1.25;  48.75;0
1;  48.75;0
 0.75;  48.75;0
 0.5;  48.75;0
 0.25;  48.75;0
0;  48.75;0
47;49;0
 46.75;49;0
 46.5;49;0
 46.25;49;0
46;49;0
 45.75;49;0
 45.5;49;0
 45.25;49;0
45;49;0
 44.75;49;0
 44.5;49;0
 44.25;49;0
44;49;0
 43.75;49;0
 43.5;49;0
 43.25;49;0
43;49;0
 42.75;49;0
 42.5;49;0
 42.25;49;0
42;49;0
 41.75;49;0
 41.5;49;0
 41.25;49;0
41;49;0
 40.75;49;0
 40.5;49;0
 40.25;49;0
40;49;0
 39.75;49;0
 39.5;49;0
 39.25;49;0
39;49;0
 38.75;49;0
 38.5;49;0
 38.25;49;0
38;49;0
 37.75;49;0
 37.5;49;0
 37.25;49;0
37;49;0
 36.75;49;0
 36.5;49;0
 36.25;49;0
36;49;0
 35.75;49;0
 35.5;49;0
 35.25;49;0
35;49;0
 34.75;49;0
 34.5;49;0
 34.25;49;0
34;49;0
 33.75;49;0
 33.5;49;0
 33.25;49;0
33;49;0
 32.75;49;0
 32.5;49;0
 32.25;49;0
32;49;0
 31.75;49;0
 31.5;49;0
 31.25;49;0
31;49;0
 30.75;49;0
 30.5;49;0
 30.25;49;0
30;49;0
 29.75;49;0
 29.5;49;0
 29.25;49;0
29;49;0
 28.75;49;0
 28.5;49;0
 28.25;49;0
28;49;0
 27.75;49;0
 27.5;49;0
 27.25;49;0
27;49;0
 26.75;49;0
 26.5;49;0
 26.25;49;0
26;49;0
 25.75;49;0
 25.5;49;0
 25.25;49;0
25;49;0
 24.75;49;0
 24.5;49;0
 24.25;49;0
24;49;0
 23.75;49;0
 23.5;49;0
 23.25;49;0
23;49;0
 22.75;49;0
 22.5;49;0
 22.25;49;0
22;49;0
 21.75;49;0
 21.5;49;0
 21.25;49;0
21;49;0
 20.75;49;0
 20.5;49;0
 20.25;49;0
20;49;0
 19.75;49;0
 19.5;49;0
 19.25;49;0
19;49;0
 18.75;49;0
 18.5;49;0
 18.25;49;0
18;49;0
 17.75;49;0
 17.5;49;0
 17.25;49;0
17;49;0
 16.75;49;0
 16.5;49;0
 16.25;49;0
16;49;0
 15.75;49;0
 15.5;49;0
 15.25;49;0
15;49;0
 14.75;49;0
 14.5;49;0
 14.25;49;0
14;49;0
 13.75;49;0
 13.5;49;0
 13.25;49;0
13;49;0
 12.75;49;0
 12.5;49;0
 12.25;49;0
12;49;0
 11.75;49;0
 11.5;49;0
 11.25;49;0
11;49;0
 10.75;49;0
 10.5;49;0
 10.25;49;0
10;49;0
 9.75;49;0
 9.5;49;0
 9.25;49;0
9;49;0
 8.75;49;0
 8.5;49;0
 8.25;49;0
8;49;0
 7.75;49;0
 7.5;49;0
 7.25;49;0
7;49;0
 6.75;49;0
 6.5;49;0
 6.25;49;0
6;49;0
 5.75;49;0
 5.5;49;0
 5.25;49;0
5;49;0
 4.75;49;0
 4.5;49;0
 4.25;49;0
4;49;0
 3.75;49;0
 3.5;49;0
 3.25;49;0
3;49;0
 2.75;49;0
 2.5;49;0
 2.25;49;0
2;49;0
 1.75;49;0
 1.5;49;0
 1.25;49;0
1;49;0
 0.75;49;0
 0.5;49;0
 0.25;49;0
0;49;0
47;  49.25;0
 46.75;  49.25;0
 46.5;  49.25;0
 46.25;  49.25;0
46;  49.25;0
 45.75;  49.25;0
 45.5;  49.25;0
 45.25;  49.25;0
45;  49.25;0
 44.75;  49.25;0
 44.5;  49.25;0
 44.25;  49.25;0
44;  49.25;0
 43.75;  49.25;0
 43.5;  49.25;0
 43.25;  49.25;0
43;  49.25;0
 42.75;  49.25;0
 42.5;  49.25;0
 42.25;  49.25;0
42;  49.25;0
 41.75;  49.25;0
 41.5;  49.25;0
 41.25;  49.25;0
41;  49.25;0
 40.75;  49.25;0
 40.5;  49.25;0
 40.25;  49.25;0
40;  49.25;0
 39.75;  49.25;0
 39.5;  49.25;0
 39.25;  49.25;0
39;  49.25;0
 38.75;  49.25;0
 38.5;  49.25;0
 38.25;  49.25;0
38;  49.25;0
 37.75;  49.25;0
 37.5;  49.25;0
 37.25;  49.25;0
37;  49.25;0
 36.75;  49.25;0
 36.5;  49.25;0
 36.25;  49.25;0
36;  49.25;0
 35.75;  49.25;0
 35.5;  49.25;0
 35.25;  49.25;0
35;  49.25;0
 34.75;  49.25;0
 34.5;  49.25;0
 34.25;  49.25;0
34;  49.25;0
 33.75;  49.25;0
 33.5;  49.25;0
 33.25;  49.25;0
33;  49.25;0
 32.75;  49.25;0
 32.5;  49.25;0
 32.25;  49.25;0
32;  49.25;0
 31.75;  49.25;0
 31.5;  49.25;0
 31.25;  49.25;0
31;  49.25;0
 30.75;  49.25;0
 30.5;  49.25;0
 30.25;  49.25;0
30;  49.25;0
 29.75;  49.25;0
 29.5;  49.25;0
 29.25;  49.25;0
29;  49.25;0
 28.75;  49.25;0
 28.5;  49.25;0
 28.25;  49.25;0
28;  49.25;0
 27.75;  49.25;0
 27.5;  49.25;0
 27.25;  49.25;0
27;  49.25;0
 26.75;  49.25;0
 26.5;  49.25;0
 26.25;  49.25;0
26;  49.25;0
 25.75;  49.25;0
 25.5;  49.25;0
 25.25;  49.25;0
25;  49.25;0
 24.75;  49.25;0
 24.5;  49.25;0
 24.25;  49.25;0
24;  49.25;0
 23.75;  49.25;0
 23.5;  49.25;0
 23.25;  49.25;0
23;  49.25;0
 22.75;  49.25;0
 22.5;  49.25;0
 22.25;  49.25;0
22;  49.25;0
 21.75;  49.25;0
 21.5;  49.25;0
 21.25;  49.25;0
21;  49.25;0
 20.75;  49.25;0
 20.5;  49.25;0
 20.25;  49.25;0
20;  49.25;0
 19.75;  49.25;0
 19.5;  49.25;0
 19.25;  49.25;0
19;  49.25;0
 18.75;  49.25;0
 18.5;  49.25;0
 18.25;  49.25;0
18;  49.25;0
 17.75;  49.25;0
 17.5;  49.25;0
 17.25;  49.25;0
17;  49.25;0
 16.75;  49.25;0
 16.5;  49.25;0
 16.25;  49.25;0
16;  49.25;0
 15.75;  49.25;0
 15.5;  49.25;0
 15.25;  49.25;0
15;  49.25;0
 14.75;  49.25;0
 14.5;  49.25;0
 14.25;  49.25;0
14;  49.25;0
 13.75;  49.25;0
 13.5;  49.25;0
 13.25;  49.25;0
13;  49.25;0
 12.75;  49.25;0
 12.5;  49.25;0
 12.25;  49.25;0
12;  49.25;0
 11.75;  49.25;0
 11.5;  49.25;0
 11.25;  49.25;0
11;  49.25;0
 10.75;  49.25;0
 10.5;  49.25;0
 10.25;  49.25;0
10;  49.25;0
 9.75;  49.25;0
 9.5;  49.25;0
 9.25;  49.25;0
9;  49.25;0
 8.75;  49.25;0
 8.5;  49.25;0
 8.25;  49.25;0
8;  49.25;0
 7.75;  49.25;0
 7.5;  49.25;0
 7.25;  49.25;0
7;  49.25;0
 6.75;  49.25;0
 6.5;  49.25;0
 6.25;  49.25;0
6;  49.25;0
 5.75;  49.25;0
 5.5;  49.25;0
 5.25;  49.25;0
5;  49.25;0
 4.75;  49.25;0
 4.5;  49.25;0
 4.25;  49.25;0
4;  49.25;0
 3.75;  49.25;0
 3.5;  49.25;0
 3.25;  49.25;0
3;  49.25;0
 2.75;  49.25;0
 2.5;  49.25;0
 2.25;  49.25;0
2;  49.25;0
 1.75;  49.25;0
 1.5;  49.25;0
 1.25;  49.25;0
1;  49.25;0
 0.75;  49.25;0
 0.5;  49.25;0
 0.25;  49.25;0
0;  49.25;0
47;  49.5;0
 46.75;  49.5;0
 46.5;  49.5;0
 46.25;  49.5;0
46;  49.5;0
 45.75;  49.5;0
 45.5;  49.5;0
 45.25;  49.5;0
45;  49.5;0
 44.75;  49.5;0
 44.5;  49.5;0
 44.25;  49.5;0
44;  49.5;0
 43.75;  49.5;0
 43.5;  49.5;0
 43.25;  49.5;0
43;  49.5;0
 42.75;  49.5;0
 42.5;  49.5;0
 42.25;  49.5;0
42;  49.5;0
 41.75;  49.5;0
 41.5;  49.5;0
 41.25;  49.5;0
41;  49.5;0
 40.75;  49.5;0
 40.5;  49.5;0
 40.25;  49.5;0
40;  49.5;0
 39.75;  49.5;0
 39.5;  49.5;0
 39.25;  49.5;0
39;  49.5;0
 38.75;  49.5;0
 38.5;  49.5;0
 38.25;  49.5;0
38;  49.5;0
 37.75;  49.5;0
 37.5;  49.5;0
 37.25;  49.5;0
37;  49.5;0
 36.75;  49.5;0
 36.5;  49.5;0
 36.25;  49.5;0
36;  49.5;0
 35.75;  49.5;0
 35.5;  49.5;0
 35.25;  49.5;0
35;  49.5;0
 34.75;  49.5;0
 34.5;  49.5;0
 34.25;  49.5;0
34;  49.5;0
 33.75;  49.5;0
 33.5;  49.5;0
 33.25;  49.5;0
33;  49.5;0
 32.75;  49.5;0
 32.5;  49.5;0
 32.25;  49.5;0
32;  49.5;0
 31.75;  49.5;0
 31.5;  49.5;0
 31.25;  49.5;0
31;  49.5;0
 30.75;  49.5;0
 30.5;  49.5;0
 30.25;  49.5;0
30;  49.5;0
 29.75;  49.5;0
 29.5;  49.5;0
 29.25;  49.5;0
29;  49.5;0
 28.75;  49.5;0
 28.5;  49.5;0
 28.25;  49.5;0
28;  49.5;0
 27.75;  49.5;0
 27.5;  49.5;0
 27.25;  49.5;0
27;  49.5;0
 26.75;  49.5;0
 26.5;  49.5;0
 26.25;  49.5;0
26;  49.5;0
 25.75;  49.5;0
 25.5;  49.5;0
 25.25;  49.5;0
25;  49.5;0
 24.75;  49.5;0
 24.5;  49.5;0
 24.25;  49.5;0
24;  49.5;0
 23.75;  49.5;0
 23.5;  49.5;0
 23.25;  49.5;0
23;  49.5;0
 22.75;  49.5;0
 22.5;  49.5;0
 22.25;  49.5;0
22;  49.5;0
 21.75;  49.5;0
 21.5;  49.5;0
 21.25;  49.5;0
21;  49.5;0
 20.75;  49.5;0
 20.5;  49.5;0
 20.25;  49.5;0
20;  49.5;0
 19.75;  49.5;0
 19.5;  49.5;0
 19.25;  49.5;0
19;  49.5;0
 18.75;  49.5;0
 18.5;  49.5;0
 18.25;  49.5;0
18;  49.5;0
 17.75;  49.5;0
 17.5;  49.5;0
 17.25;  49.5;0
17;  49.5;0
 16.75;  49.5;0
 16.5;  49.5;0
 16.25;  49.5;0
16;  49.5;0
 15.75;  49.5;0
 15.5;  49.5;0
 15.25;  49.5;0
15;  49.5;0
 14.75;  49.5;0
 14.5;  49.5;0
 14.25;  49.5;0
14;  49.5;0
 13.75;  49.5;0
 13.5;  49.5;0
 13.25;  49.5;0
13;  49.5;0
 12.75;  49.5;0
 12.5;  49.5;0
 12.25;  49.5;0
12;  49.5;0
 11.75;  49.5;0
 11.5;  49.5;0
 11.25;  49.5;0
11;  49.5;0
 10.75;  49.5;0
 10.5;  49.5;0
 10.25;  49.5;0
10;  49.5;0
 9.75;  49.5;0
 9.5;  49.5;0
 9.25;  49.5;0
9;  49.5;0
 8.75;  49.5;0
 8.5;  49.5;0
 8.25;  49.5;0
8;  49.5;0
 7.75;  49.5;0
 7.5;  49.5;0
 7.25;  49.5;0
7;  49.5;0
 6.75;  49.5;0
 6.5;  49.5;0
 6.25;  49.5;0
6;  49.5;0
 5.75;  49.5;0
 5.5;  49.5;0
 5.25;  49.5;0
5;  49.5;0
 4.75;  49.5;0
 4.5;  49.5;0
 4.25;  49.5;0
4;  49.5;0
 3.75;  49.5;0
 3.5;  49.5;0
 3.25;  49.5;0
3;  49.5;0
 2.75;  49.5;0
 2.5;  49.5;0
 2.25;  49.5;0
2;  49.5;0
 1.75;  49.5;0
 1.5;  49.5;0
 1.25;  49.5;0
1;  49.5;0
 0.75;  49.5;0
 0.5;  49.5;0
 0.25;  49.5;0
0;  49.5;0
47;  49.75;0
 46.75;  49.75;0
 46.5;  49.75;0
 46.25;  49.75;0
46;  49.75;0
 45.75;  49.75;0
 45.5;  49.75;0
 45.25;  49.75;0
45;  49.75;0
 44.75;  49.75;0
 44.5;  49.75;0
 44.25;  49.75;0
44;  49.75;0
 43.75;  49.75;0
 43.5;  49.75;0
 43.25;  49.75;0
43;  49.75;0
 42.75;  49.75;0
 42.5;  49.75;0
 42.25;  49.75;0
42;  49.75;0
 41.75;  49.75;0
 41.5;  49.75;0
 41.25;  49.75;0
41;  49.75;0
 40.75;  49.75;0
 40.5;  49.75;0
 40.25;  49.75;0
40;  49.75;0
 39.75;  49.75;0
 39.5;  49.75;0
 39.25;  49.75;0
39;  49.75;0
 38.75;  49.75;0
 38.5;  49.75;0
 38.25;  49.75;0
38;  49.75;0
 37.75;  49.75;0
 37.5;  49.75;0
 37.25;  49.75;0
37;  49.75;0
 36.75;  49.75;0
 36.5;  49.75;0
 36.25;  49.75;0
36;  49.75;0
 35.75;  49.75;0
 35.5;  49.75;0
 35.25;  49.75;0
35;  49.75;0
 34.75;  49.75;0
 34.5;  49.75;0
 34.25;  49.75;0
34;  49.75;0
 33.75;  49.75;0
 33.5;  49.75;0
 33.25;  49.75;0
33;  49.75;0
 32.75;  49.75;0
 32.5;  49.75;0
 32.25;  49.75;0
32;  49.75;0
 31.75;  49.75;0
 31.5;  49.75;0
 31.25;  49.75;0
31;  49.75;0
 30.75;  49.75;0
 30.5;  49.75;0
 30.25;  49.75;0
30;  49.75;0
 29.75;  49.75;0
 29.5;  49.75;0
 29.25;  49.75;0
29;  49.75;0
 28.75;  49.75;0
 28.5;  49.75;0
 28.25;  49.75;0
28;  49.75;0
 27.75;  49.75;0
 27.5;  49.75;0
 27.25;  49.75;0
27;  49.75;0
 26.75;  49.75;0
 26.5;  49.75;0
 26.25;  49.75;0
26;  49.75;0
 25.75;  49.75;0
 25.5;  49.75;0
 25.25;  49.75;0
25;  49.75;0
 24.75;  49.75;0
 24.5;  49.75;0
 24.25;  49.75;0
24;  49.75;0
 23.75;  49.75;0
 23.5;  49.75;0
 23.25;  49.75;0
23;  49.75;0
 22.75;  49.75;0
 22.5;  49.75;0
 22.25;  49.75;0
22;  49.75;0
 21.75;  49.75;0
 21.5;  49.75;0
 21.25;  49.75;0
21;  49.75;0
 20.75;  49.75;0
 20.5;  49.75;0
 20.25;  49.75;0
20;  49.75;0
 19.75;  49.75;0
 19.5;  49.75;0
 19.25;  49.75;0
19;  49.75;0
 18.75;  49.75;0
 18.5;  49.75;0
 18.25;  49.75;0
18;  49.75;0
 17.75;  49.75;0
 17.5;  49.75;0
 17.25;  49.75;0
17;  49.75;0
 16.75;  49.75;0
 16.5;  49.75;0
 16.25;  49.75;0
16;  49.75;0
 15.75;  49.75;0
 15.5;  49.75;0
 15.25;  49.75;0
15;  49.75;0
 14.75;  49.75;0
 14.5;  49.75;0
 14.25;  49.75;0
14;  49.75;0
 13.75;  49.75;0
 13.5;  49.75;0
 13.25;  49.75;0
13;  49.75;0
 12.75;  49.75;0
 12.5;  49.75;0
 12.25;  49.75;0
12;  49.75;0
 11.75;  49.75;0
 11.5;  49.75;0
 11.25;  49.75;0
11;  49.75;0
 10.75;  49.75;0
 10.5;  49.75;0
 10.25;  49.75;0
10;  49.75;0
 9.75;  49.75;0
 9.5;  49.75;0
 9.25;  49.75;0
9;  49.75;0
 8.75;  49.75;0
 8.5;  49.75;0
 8.25;  49.75;0
8;  49.75;0
 7.75;  49.75;0
 7.5;  49.75;0
 7.25;  49.75;0
7;  49.75;0
 6.75;  49.75;0
 6.5;  49.75;0
 6.25;  49.75;0
6;  49.75;0
 5.75;  49.75;0
 5.5;  49.75;0
 5.25;  49.75;0
5;  49.75;0
 4.75;  49.75;0
 4.5;  49.75;0
 4.25;  49.75;0
4;  49.75;0
 3.75;  49.75;0
 3.5;  49.75;0
 3.25;  49.75;0
3;  49.75;0
 2.75;  49.75;0
 2.5;  49.75;0
 2.25;  49.75;0
2;  49.75;0
 1.75;  49.75;0
 1.5;  49.75;0
 1.25;  49.75;0
1;  49.75;0
 0.75;  49.75;0
 0.5;  49.75;0
 0.25;  49.75;0
0;  49.75;0
47;50;0
 46.75;50;0
 46.5;50;0
 46.25;50;0
46;50;0
 45.75;50;0
 45.5;50;0
 45.25;50;0
45;50;0
 44.75;50;0
 44.5;50;0
 44.25;50;0
44;50;0
 43.75;50;0
 43.5;50;0
 43.25;50;0
43;50;0
 42.75;50;0
 42.5;50;0
 42.25;50;0
42;50;0
 41.75;50;0
 41.5;50;0
 41.25;50;0
41;50;0
 40.75;50;0
 40.5;50;0
 40.25;50;0
40;50;0
 39.75;50;0
 39.5;50;0
 39.25;50;0
39;50;0
 38.75;50;0
 38.5;50;0
 38.25;50;0
38;50;0
 37.75;50;0
 37.5;50;0
 37.25;50;0
37;50;0
 36.75;50;0
 36.5;50;0
 36.25;50;0
36;50;0
 35.75;50;0
 35.5;50;0
 35.25;50;0
35;50;0
 34.75;50;0
 34.5;50;0
 34.25;50;0
34;50;0
 33.75;50;0
 33.5;50;0
 33.25;50;0
33;50;0
 32.75;50;0
 32.5;50;0
 32.25;50;0
32;50;0
 31.75;50;0
 31.5;50;0
 31.25;50;0
31;50;0
 30.75;50;0
 30.5;50;0
 30.25;50;0
30;50;0
 29.75;50;0
 29.5;50;0
 29.25;50;0
29;50;0
 28.75;50;0
 28.5;50;0
 28.25;50;0
28;50;0
 27.75;50;0
 27.5;50;0
 27.25;50;0
27;50;0
 26.75;50;0
 26.5;50;0
 26.25;50;0
26;50;0
 25.75;50;0
 25.5;50;0
 25.25;50;0
25;50;0
 24.75;50;0
 24.5;50;0
 24.25;50;0
24;50;0
 23.75;50;0
 23.5;50;0
 23.25;50;0
23;50;0
 22.75;50;0
 22.5;50;0
 22.25;50;0
22;50;0
 21.75;50;0
 21.5;50;0
 21.25;50;0
21;50;0
 20.75;50;0
 20.5;50;0
 20.25;50;0
20;50;0
 19.75;50;0
 19.5;50;0
 19.25;50;0
19;50;0
 18.75;50;0
 18.5;50;0
 18.25;50;0
18;50;0
 17.75;50;0
 17.5;50;0
 17.25;50;0
17;50;0
 16.75;50;0
 16.5;50;0
 16.25;50;0
16;50;0
 15.75;50;0
 15.5;50;0
 15.25;50;0
15;50;0
 14.75;50;0
 14.5;50;0
 14.25;50;0
14;50;0
 13.75;50;0
 13.5;50;0
 13.25;50;0
13;50;0
 12.75;50;0
 12.5;50;0
 12.25;50;0
12;50;0
 11.75;50;0
 11.5;50;0
 11.25;50;0
11;50;0
 10.75;50;0
 10.5;50;0
 10.25;50;0
10;50;0
 9.75;50;0
 9.5;50;0
 9.25;50;0
9;50;0
 8.75;50;0
 8.5;50;0
 8.25;50;0
8;50;0
 7.75;50;0
 7.5;50;0
 7.25;50;0
7;50;0
 6.75;50;0
 6.5;50;0
 6.25;50;0
6;50;0
 5.75;50;0
 5.5;50;0
 5.25;50;0
5;50;0
 4.75;50;0
 4.5;50;0
 4.25;50;0
4;50;0
 3.75;50;0
 3.5;50;0
 3.25;50;0
3;50;0
 2.75;50;0
 2.5;50;0
 2.25;50;0
2;50;0
 1.75;50;0
 1.5;50;0
 1.25;50;0
1;50;0
 0.75;50;0
 0.5;50;0
 0.25;50;0
0;50;0
 46.75;50;0
 46.5;50;0
 46.25;50;0
46;50;0
 45.75;50;0
 45.5;50;0
 45.25;50;0
45;50;0
 44.75;50;0
 44.5;50;0
 44.25;50;0
44;50;0
 43.75;50;0
 43.5;50;0
 43.25;50;0
43;50;0
 42.75;50;0
 42.5;50;0
 42.25;50;0
42;50;0
 41.75;50;0
 41.5;50;0
 41.25;50;0
41;50;0
 40.75;50;0
 40.5;50;0
 40.25;50;0
40;50;0
 39.75;50;0
 39.5;50;0
 39.25;50;0
39;50;0
 38.75;50;0
 38.5;50;0
 38.25;50;0
38;50;0
 37.75;50;0
 37.5;50;0
 37.25;50;0
37;50;0
 36.75;50;0
 36.5;50;0
 36.25;50;0
36;50;0
 35.75;50;0
 35.5;50;0
 35.25;50;0
35;50;0
 34.75;50;0
 34.5;50;0
 34.25;50;0
34;50;0
 33.75;50;0
 33.5;50;0
 33.25;50;0
33;50;0
 32.75;50;0
 32.5;50;0
 32.25;50;0
32;50;0
 31.75;50;0
 31.5;50;0
 31.25;50;0
31;50;0
 30.75;50;0
 30.5;50;0
 30.25;50;0
30;50;0
 29.75;50;0
 29.5;50;0
 29.25;50;0
29;50;0
 28.75;50;0
 28.5;50;0
 28.25;50;0
28;50;0
 27.75;50;0
 27.5;50;0
 27.25;50;0
27;50;0
 26.75;50;0
 26.5;50;0
 26.25;50;0
26;50;0
 25.75;50;0
 25.5;50;0
 25.25;50;0
25;50;0
 24.75;50;0
 24.5;50;0
 24.25;50;0
24;50;0
 23.75;50;0
 23.5;50;0
 23.25;50;0
23;50;0
 22.75;50;0
 22.5;50;0
 22.25;50;0
22;50;0
 21.75;50;0
 21.5;50;0
 21.25;50;0
21;50;0
 20.75;50;0
 20.5;50;0
 20.25;50;0
20;50;0
 19.75;50;0
 19.5;50;0
 19.25;50;0
19;50;0
 18.75;50;0
 18.5;50;0
 18.25;50;0
18;50;0
 17.75;50;0
 17.5;50;0
 17.25;50;0
17;50;0
 16.75;50;0
 16.5;50;0
 16.25;50;0
16;50;0
 15.75;50;0
 15.5;50;0
 15.25;50;0
15;50;0
 14.75;50;0
 14.5;50;0
 14.25;50;0
14;50;0
 13.75;50;0
 13.5;50;0
 13.25;50;0
13;50;0
 12.75;50;0
 12.5;50;0
 12.25;50;0
12;50;0
 11.75;50;0
 11.5;50;0
 11.25;50;0
11;50;0
 10.75;50;0
 10.5;50;0
 10.25;50;0
10;50;0
 9.75;50;0
 9.5;50;0
 9.25;50;0
9;50;0
 8.75;50;0
 8.5;50;0
 8.25;50;0
8;50;0
 7.75;50;0
 7.5;50;0
 7.25;50;0
7;50;0
 6.75;50;0
 6.5;50;0
 6.25;50;0
6;50;0
 5.75;50;0
 5.5;50;0
 5.25;50;0
5;50;0
 4.75;50;0
 4.5;50;0
 4.25;50;0
4;50;0
 3.75;50;0
 3.5;50;0
 3.25;50;0
3;50;0
 2.75;50;0
 2.5;50;0
 2.25;50;0
2;50;0
 1.75;50;0
 1.5;50;0
 1.25;50;0
1;50;0
 0.75;50;0
 0.5;50;0
 0.25;50;0
0;50;0
0;50;0
 46.5;50;0
 46.25;50;0
46;50;0
 45.75;50;0
 45.5;50;0
 45.25;50;0
45;50;0
 44.75;50;0
 44.5;50;0
 44.25;50;0
44;50;0
 43.75;50;0
 43.5;50;0
 43.25;50;0
43;50;0
 42.75;50;0
 42.5;50;0
 42.25;50;0
42;50;0
 41.75;50;0
 41.5;50;0
 41.25;50;0
41;50;0
 40.75;50;0
 40.5;50;0
 40.25;50;0
40;50;0
 39.75;50;0
 39.5;50;0
 39.25;50;0
39;50;0
 38.75;50;0
 38.5;50;0
 38.25;50;0
38;50;0
 37.75;50;0
 37.5;50;0
 37.25;50;0
37;50;0
 36.75;50;0
 36.5;50;0
 36.25;50;0
36;50;0
 35.75;50;0
 35.5;50;0
 35.25;50;0
35;50;0
 34.75;50;0
 34.5;50;0
 34.25;50;0
34;50;0
 33.75;50;0
 33.5;50;0
 33.25;50;0
33;50;0
 32.75;50;0
 32.5;50;0
 32.25;50;0
32;50;0
 31.75;50;0
 31.5;50;0
 31.25;50;0
31;50;0
 30.75;50;0
 30.5;50;0
 30.25;50;0
30;50;0
 29.75;50;0
 29.5;50;0
 29.25;50;0
29;50;0
 28.75;50;0
 28.5;50;0
 28.25;50;0
28;50;0
 27.75;50;0
 27.5;50;0
 27.25;50;0
27;50;0
 26.75;50;0
 26.5;50;0
 26.25;50;0
26;50;0
 25.75;50;0
 25.5;50;0
 25.25;50;0
25;50;0
 24.75;50;0
 24.5;50;0
 24.25;50;0
24;50;0
 23.75;50;0
 23.5;50;0
 23.25;50;0
23;50;0
 22.75;50;0
 22.5;50;0
 22.25;50;0
22;50;0
 21.75;50;0
 21.5;50;0
 21.25;50;0
21;50;0
 20.75;50;0
 20.5;50;0
 20.25;50;0
20;50;0
 19.75;50;0
 19.5;50;0
 19.25;50;0
19;50;0
 18.75;50;0
 18.5;50;0
 18.25;50;0
18;50;0
 17.75;50;0
 17.5;50;0
 17.25;50;0
17;50;0
 16.75;50;0
 16.5;50;0
 16.25;50;0
16;50;0
 15.75;50;0
 15.5;50;0
 15.25;50;0
15;50;0
 14.75;50;0
 14.5;50;0
 14.25;50;0
14;50;0
 13.75;50;0
 13.5;50;0
 13.25;50;0
13;50;0
 12.75;50;0
 12.5;50;0
 12.25;50;0
12;50;0
 11.75;50;0
 11.5;50;0
 11.25;50;0
11;50;0
 10.75;50;0
 10.5;50;0
 10.25;50;0
10;50;0
 9.75;50;0
 9.5;50;0
 9.25;50;0
9;50;0
 8.75;50;0
 8.5;50;0
 8.25;50;0
8;50;0
 7.75;50;0
 7.5;50;0
 7.25;50;0
7;50;0
 6.75;50;0
 6.5;50;0
 6.25;50;0
6;50;0
 5.75;50;0
 5.5;50;0
 5.25;50;0
5;50;0
 4.75;50;0
 4.5;50;0
 4.25;50;0
4;50;0
 3.75;50;0
 3.5;50;0
 3.25;50;0
3;50;0
 2.75;50;0
 2.5;50;0
 2.25;50;0
2;50;0
 1.75;50;0
 1.5;50;0
 1.25;50;0
1;50;0
 0.75;50;0
 0.5;50;0
 0.25;50;0
0;50;0
0;50;0
0;50;0